fecha,tamarugo,patagua,coigue
1960-01-01,29.23,27.71,26.84
1960-01-02,29.94,28.29,24.67
1960-01-03,27.35,28.18,24.20
1960-01-04,29.21,28.62,20.09
1960-01-05,28.60,29.13,18.96
1960-01-06,28.18,28.07,23.42
1960-01-07,28.39,23.74,20.37
1960-01-08,29.87,28.35,20.46
1960-01-09,31.67,29.83,20.79
1960-01-10,31.66,31.61,21.84
1960-01-11,30.76,30.60,24.77
1960-01-12,31.85,30.57,27.12
1960-01-13,33.82,31.92,28.05
1960-01-14,33.09,30.81,27.12
1960-01-15,30.73,32.04,25.66
1960-01-16,29.02,31.66,26.35
1960-01-17,29.16,30.94,23.16
1960-01-18,29.54,30.17,18.66
1960-01-19,30.67,29.85,21.55
1960-01-20,31.22,29.74,23.15
1960-01-21,31.54,27.31,13.75
1960-01-22,32.00,29.19,14.64
1960-01-23,31.61,30.50,19.66
1960-01-24,32.88,28.82,15.40
1960-01-25,32.83,26.90,14.07
1960-01-26,32.52,29.79,13.41
1960-01-27,31.43,28.50,15.60
1960-01-28,32.12,29.83,20.58
1960-01-29,32.41,29.05,19.45
1960-01-30,32.26,29.63,22.01
1960-01-31,31.96,30.34,21.57
1960-02-01,32.31,31.41,22.39
1960-02-02,32.30,30.30,21.79
1960-02-03,32.15,28.96,19.18
1960-02-04,33.14,29.09,13.96
1960-02-05,32.87,32.97,22.19
1960-02-06,32.05,32.49,20.80
1960-02-07,31.28,31.23,19.73
1960-02-08,30.92,31.07,22.32
1960-02-09,31.57,29.70,22.61
1960-02-10,31.50,29.64,21.70
1960-02-11,31.29,30.66,23.53
1960-02-12,30.61,30.65,23.71
1960-02-13,30.91,29.36,19.97
1960-02-14,29.95,28.80,20.86
1960-02-15,29.37,30.03,15.09
1960-02-16,28.82,27.55,14.00
1960-02-17,30.80,30.07,18.43
1960-02-18,32.28,30.34,15.84
1960-02-19,31.80,30.32,22.98
1960-02-20,31.62,32.15,24.02
1960-02-21,31.51,32.46,24.23
1960-02-22,31.86,29.86,22.60
1960-02-23,30.98,29.25,19.79
1960-02-24,30.78,27.00,21.43
1960-02-25,31.02,26.54,22.09
1960-02-26,32.28,28.29,17.77
1960-02-27,32.80,27.56,19.68
1960-02-28,33.03,26.96,20.55
1960-02-29,32.37,28.96,20.52
1960-03-01,32.28,29.64,20.80
1960-03-02,32.48,31.88,26.15
1960-03-03,31.77,29.36,22.61
1960-03-04,30.67,29.32,15.49
1960-03-05,31.66,27.98,15.52
1960-03-06,31.26,28.35,15.94
1960-03-07,30.74,27.19,14.99
1960-03-08,32.17,29.51,21.29
1960-03-09,31.67,30.70,24.34
1960-03-10,30.99,29.18,24.55
1960-03-11,30.70,26.32,24.52
1960-03-12,34.14,27.22,27.32
1960-03-13,34.09,28.62,27.86
1960-03-14,32.99,28.49,24.85
1960-03-15,32.51,26.83,22.68
1960-03-16,30.59,27.11,16.56
1960-03-17,29.91,28.81,21.84
1960-03-18,31.39,29.71,19.57
1960-03-19,31.30,28.88,19.20
1960-03-20,31.18,27.20,17.55
1960-03-21,30.55,25.09,19.85
1960-03-22,31.12,24.98,15.34
1960-03-23,31.77,27.16,14.41
1960-03-24,31.86,28.50,15.82
1960-03-25,32.46,23.99,12.59
1960-03-26,29.79,24.70,11.98
1960-03-27,30.49,24.84,10.86
1960-03-28,32.14,26.03,13.58
1960-03-29,32.26,25.50,16.88
1960-03-30,31.24,26.34,14.36
1960-03-31,29.99,30.14,15.53
1960-04-01,30.00,27.01,11.54
1960-04-02,29.54,23.29,9.65
1960-04-03,32.14,16.29,9.92
1960-04-04,32.33,27.03,10.00
1960-04-05,30.90,28.41,10.44
1960-04-06,28.42,27.04,10.01
1960-04-07,30.13,26.38,11.42
1960-04-08,29.57,24.41,10.04
1960-04-09,29.49,28.27,14.74
1960-04-10,30.36,28.32,16.48
1960-04-11,31.49,24.22,10.97
1960-04-12,31.27,21.82,9.28
1960-04-13,31.32,22.52,13.59
1960-04-14,31.62,23.08,11.58
1960-04-15,30.16,23.97,10.04
1960-04-16,30.09,25.45,10.40
1960-04-17,28.54,25.27,10.72
1960-04-18,30.36,25.53,10.02
1960-04-19,29.88,27.75,12.82
1960-04-20,31.63,27.80,18.02
1960-04-21,33.46,25.47,20.71
1960-04-22,32.34,26.65,18.93
1960-04-23,32.96,24.92,15.89
1960-04-24,30.35,25.91,11.96
1960-04-25,27.50,26.98,12.47
1960-04-26,28.18,28.31,15.70
1960-04-27,27.85,25.98,11.19
1960-04-28,28.98,22.90,15.10
1960-04-29,30.32,25.33,12.42
1960-04-30,32.33,24.92,14.62
1960-05-01,33.59,25.42,12.63
1960-05-02,33.13,27.46,15.55
1960-05-03,32.35,24.29,16.28
1960-05-04,29.16,21.99,18.38
1960-05-05,30.12,21.02,11.09
1960-05-06,29.63,20.06,9.47
1960-05-07,29.41,19.91,11.63
1960-05-08,29.65,18.81,10.06
1960-05-09,32.17,23.08,10.35
1960-05-10,31.82,23.23,13.01
1960-05-11,28.98,21.18,15.27
1960-05-12,26.87,13.70,11.20
1960-05-13,29.99,21.08,9.88
1960-05-14,31.92,22.77,12.00
1960-05-15,30.64,22.18,10.30
1960-05-16,27.86,22.86,8.02
1960-05-17,28.38,12.29,5.57
1960-05-18,25.86,13.90,4.44
1960-05-19,25.83,10.27,3.62
1960-05-20,30.16,16.11,5.19
1960-05-21,29.22,19.34,5.12
1960-05-22,29.54,22.25,6.30
1960-05-23,28.31,24.20,7.57
1960-05-24,31.56,22.00,12.17
1960-05-25,31.30,19.74,7.83
1960-05-26,31.84,13.66,8.82
1960-05-27,32.31,18.98,8.82
1960-05-28,31.72,22.41,9.16
1960-05-29,29.60,19.46,9.60
1960-05-30,32.73,21.79,10.82
1960-05-31,30.95,21.23,13.53
1960-06-01,28.89,15.61,10.00
1960-06-02,28.83,15.82,7.43
1960-06-03,23.25,23.07,10.27
1960-06-04,26.32,19.11,9.28
1960-06-05,27.43,15.35,4.78
1960-06-06,27.28,11.00,6.54
1960-06-07,27.69,18.03,5.31
1960-06-08,27.35,17.00,4.90
1960-06-09,28.08,18.11,4.78
1960-06-10,31.58,15.49,3.59
1960-06-11,28.32,14.28,5.09
1960-06-12,28.64,12.83,4.37
1960-06-13,29.91,15.30,6.26
1960-06-14,26.78,15.56,4.98
1960-06-15,27.09,15.67,4.84
1960-06-16,27.58,10.83,4.45
1960-06-17,27.80,12.07,2.40
1960-06-18,26.95,16.92,4.14
1960-06-19,27.59,13.66,4.17
1960-06-20,27.37,8.71,4.42
1960-06-21,28.07,8.76,2.78
1960-06-22,25.62,10.77,2.68
1960-06-23,28.99,9.67,1.57
1960-06-24,30.30,13.63,1.86
1960-06-25,29.34,13.91,4.00
1960-06-26,28.73,16.52,4.24
1960-06-27,28.21,13.99,2.27
1960-06-28,29.57,15.12,1.40
1960-06-29,27.40,13.69,3.02
1960-06-30,26.00,14.26,8.42
1960-07-01,26.68,12.37,5.99
1960-07-02,28.12,12.94,8.37
1960-07-03,27.84,13.18,4.08
1960-07-04,27.25,13.94,5.23
1960-07-05,25.36,9.53,0.76
1960-07-06,28.82,7.62,0.09
1960-07-07,29.47,11.81,2.89
1960-07-08,27.64,15.89,0.93
1960-07-09,29.79,16.29,3.94
1960-07-10,28.70,14.61,2.35
1960-07-11,27.89,14.79,2.14
1960-07-12,24.89,11.88,3.84
1960-07-13,25.98,10.11,3.36
1960-07-14,23.90,11.05,2.04
1960-07-15,22.78,10.60,-1.08
1960-07-16,21.83,11.59,1.63
1960-07-17,24.59,8.62,1.91
1960-07-18,26.69,11.32,0.58
1960-07-19,29.00,16.28,4.25
1960-07-20,28.09,13.54,2.08
1960-07-21,29.11,14.32,5.46
1960-07-22,31.09,14.79,4.67
1960-07-23,28.70,16.11,3.21
1960-07-24,29.80,14.35,3.22
1960-07-25,27.17,10.93,1.36
1960-07-26,24.01,15.29,2.39
1960-07-27,24.32,16.73,3.31
1960-07-28,29.89,14.06,1.22
1960-07-29,30.18,8.38,0.39
1960-07-30,27.75,8.83,0.82
1960-07-31,24.77,11.00,1.74
1960-08-01,22.90,14.44,2.93
1960-08-02,22.78,15.98,3.08
1960-08-03,24.26,16.43,5.16
1960-08-04,30.80,19.23,8.31
1960-08-05,32.17,23.56,12.49
1960-08-06,33.75,20.28,12.71
1960-08-07,34.28,20.68,5.55
1960-08-08,30.70,20.55,4.43
1960-08-09,32.32,20.48,6.33
1960-08-10,33.88,19.98,10.07
1960-08-11,31.06,15.00,2.48
1960-08-12,29.61,14.56,1.51
1960-08-13,27.55,12.88,0.15
1960-08-14,25.77,13.83,3.17
1960-08-15,28.11,18.65,2.30
1960-08-16,26.22,8.93,2.31
1960-08-17,21.02,12.03,2.16
1960-08-18,19.70,18.05,3.87
1960-08-19,30.99,20.20,6.57
1960-08-20,33.06,22.24,9.62
1960-08-21,34.50,20.82,10.34
1960-08-22,30.38,17.84,7.23
1960-08-23,31.01,18.56,8.10
1960-08-24,28.21,19.40,6.00
1960-08-25,27.85,16.76,3.36
1960-08-26,29.07,21.27,6.17
1960-08-27,30.08,22.49,2.92
1960-08-28,29.30,16.41,4.02
1960-08-29,28.25,14.97,0.49
1960-08-30,28.77,14.10,2.25
1960-08-31,30.94,15.19,4.96
1960-09-01,26.72,21.12,9.04
1960-09-02,30.43,22.42,6.25
1960-09-03,33.24,23.07,7.62
1960-09-04,32.98,24.57,9.24
1960-09-05,33.20,20.51,9.87
1960-09-06,28.64,9.52,3.41
1960-09-07,29.45,15.04,6.25
1960-09-08,28.96,22.52,12.26
1960-09-09,29.06,15.23,3.75
1960-09-10,28.63,17.39,4.10
1960-09-11,30.74,17.29,5.45
1960-09-12,30.70,20.02,4.79
1960-09-13,31.50,21.35,9.04
1960-09-14,32.31,22.52,11.44
1960-09-15,31.08,17.70,11.33
1960-09-16,27.63,15.33,11.74
1960-09-17,31.54,19.02,9.65
1960-09-18,30.17,18.98,6.63
1960-09-19,32.33,18.47,7.42
1960-09-20,33.85,18.78,7.62
1960-09-21,34.31,20.98,6.80
1960-09-22,31.28,17.42,5.69
1960-09-23,26.14,10.10,9.33
1960-09-24,29.59,14.79,6.01
1960-09-25,32.22,22.55,7.71
1960-09-26,34.55,26.88,14.10
1960-09-27,30.63,24.46,11.06
1960-09-28,28.00,24.44,10.23
1960-09-29,29.39,23.46,11.11
1960-09-30,29.59,24.53,4.91
1960-10-01,31.52,25.68,11.32
1960-10-02,33.44,26.19,8.64
1960-10-03,30.73,26.77,10.74
1960-10-04,29.95,25.66,10.38
1960-10-05,29.83,19.81,7.43
1960-10-06,31.64,13.19,7.76
1960-10-07,30.39,16.66,9.88
1960-10-08,30.66,17.77,2.01
1960-10-09,30.78,22.72,5.77
1960-10-10,28.78,20.56,6.03
1960-10-11,31.77,21.78,7.86
1960-10-12,30.56,24.21,8.75
1960-10-13,31.47,29.39,13.95
1960-10-14,32.20,29.64,11.60
1960-10-15,32.63,26.53,11.12
1960-10-16,32.78,21.82,8.16
1960-10-17,32.49,22.46,10.85
1960-10-18,32.72,26.05,10.03
1960-10-19,32.60,23.42,11.81
1960-10-20,33.74,19.77,4.37
1960-10-21,32.20,17.80,6.03
1960-10-22,30.49,19.25,7.54
1960-10-23,30.07,14.85,7.78
1960-10-24,30.08,21.17,6.42
1960-10-25,31.32,18.95,10.17
1960-10-26,30.86,24.20,14.55
1960-10-27,29.13,23.66,15.07
1960-10-28,29.49,21.68,13.65
1960-10-29,29.53,23.63,13.27
1960-10-30,32.29,26.41,16.33
1960-10-31,32.14,28.31,15.30
1960-11-01,29.23,24.69,14.09
1960-11-02,29.22,17.89,13.25
1960-11-03,31.66,23.26,11.95
1960-11-04,32.55,26.20,15.12
1960-11-05,30.95,25.62,13.89
1960-11-06,30.52,24.12,11.40
1960-11-07,29.38,27.87,10.85
1960-11-08,31.75,28.59,16.65
1960-11-09,31.84,29.68,17.20
1960-11-10,30.35,27.59,15.15
1960-11-11,31.16,25.23,9.90
1960-11-12,30.69,24.57,7.54
1960-11-13,30.42,22.94,7.04
1960-11-14,29.79,29.70,11.98
1960-11-15,30.04,30.64,11.05
1960-11-16,31.56,28.62,10.61
1960-11-17,32.42,30.47,12.09
1960-11-18,32.48,26.95,13.84
1960-11-19,32.89,28.00,16.38
1960-11-20,33.48,31.93,15.46
1960-11-21,33.98,33.00,16.45
1960-11-22,33.45,32.16,13.44
1960-11-23,31.50,31.22,14.72
1960-11-24,30.73,31.14,14.67
1960-11-25,30.18,31.74,16.36
1960-11-26,32.00,33.13,16.44
1960-11-27,32.18,32.77,11.71
1960-11-28,33.21,32.17,13.79
1960-11-29,33.38,33.00,17.18
1960-11-30,32.32,32.28,18.22
1960-12-01,30.79,31.31,21.46
1960-12-02,30.80,30.28,19.58
1960-12-03,31.86,29.57,18.01
1960-12-04,31.89,32.66,19.50
1960-12-05,32.55,35.27,23.53
1960-12-06,32.64,34.02,25.56
1960-12-07,32.34,32.53,22.47
1960-12-08,32.14,31.79,20.18
1960-12-09,34.00,32.80,24.98
1960-12-10,32.60,29.08,23.22
1960-12-11,31.04,28.98,16.26
1960-12-12,31.29,27.51,11.66
1960-12-13,28.86,23.50,9.85
1960-12-14,28.75,25.75,9.62
1960-12-15,30.03,30.80,12.89
1960-12-16,29.91,25.46,12.64
1960-12-17,30.64,29.31,10.32
1960-12-18,31.29,30.67,14.08
1960-12-19,31.73,34.26,18.33
1960-12-20,31.10,31.58,14.32
1960-12-21,31.42,29.62,12.42
1960-12-22,31.10,29.15,10.90
1960-12-23,31.46,32.27,11.49
1960-12-24,30.14,30.57,11.97
1960-12-25,29.60,31.39,16.55
1960-12-26,29.39,32.05,18.41
1960-12-27,29.51,34.76,18.80
1960-12-28,27.70,36.33,24.83
1960-12-29,31.22,33.63,20.08
1960-12-30,30.77,30.86,14.52
1960-12-31,30.02,29.21,15.08
1961-01-01,30.32,28.04,11.54
1961-01-02,30.35,28.85,13.06
1961-01-03,30.37,28.62,13.34
1961-01-04,31.38,29.11,13.87
1961-01-05,29.77,28.05,10.21
1961-01-06,32.66,30.87,13.80
1961-01-07,32.07,28.45,15.85
1961-01-08,32.89,28.00,11.41
1961-01-09,32.37,23.14,10.99
1961-01-10,31.70,31.41,10.99
1961-01-11,31.38,32.35,13.40
1961-01-12,32.12,31.00,12.72
1961-01-13,30.81,31.11,13.95
1961-01-14,29.62,28.73,10.61
1961-01-15,29.47,29.88,13.41
1961-01-16,29.46,23.89,9.91
1961-01-17,31.35,31.22,10.82
1961-01-18,32.27,31.05,14.30
1961-01-19,32.01,30.00,13.19
1961-01-20,31.30,31.34,13.48
1961-01-21,32.75,32.82,16.73
1961-01-22,32.30,34.68,16.13
1961-01-23,31.89,33.36,19.88
1961-01-24,32.20,35.74,24.31
1961-01-25,31.70,35.37,27.73
1961-01-26,30.05,32.35,27.78
1961-01-27,31.64,30.81,23.28
1961-01-28,32.67,31.72,20.75
1961-01-29,32.59,29.73,13.71
1961-01-30,32.87,26.78,11.52
1961-01-31,31.69,25.74,9.88
1961-02-01,31.01,27.09,11.34
1961-02-02,29.56,31.54,15.73
1961-02-03,29.36,32.75,19.22
1961-02-04,28.77,31.42,20.33
1961-02-05,28.43,28.94,17.18
1961-02-06,29.35,26.23,14.28
1961-02-07,30.47,29.99,18.66
1961-02-08,30.16,32.90,20.24
1961-02-09,29.44,29.15,17.23
1961-02-10,31.09,30.87,15.40
1961-02-11,30.43,33.88,14.87
1961-02-12,30.95,32.07,21.85
1961-02-13,30.81,30.56,24.21
1961-02-14,31.71,30.60,22.79
1961-02-15,31.27,31.00,18.83
1961-02-16,30.71,31.00,16.68
1961-02-17,30.60,31.13,18.60
1961-02-18,31.55,31.83,21.96
1961-02-19,32.28,31.43,20.89
1961-02-20,32.86,30.56,13.45
1961-02-21,32.51,29.27,12.58
1961-02-22,34.48,32.26,14.47
1961-02-23,32.76,31.39,16.30
1961-02-24,32.57,28.39,15.01
1961-02-25,34.10,26.69,10.94
1961-02-26,32.40,29.22,13.62
1961-02-27,32.69,31.61,21.05
1961-02-28,33.58,32.45,24.07
1961-03-01,30.64,28.33,18.78
1961-03-02,29.05,27.89,18.62
1961-03-03,29.96,32.28,16.11
1961-03-04,31.73,34.08,20.13
1961-03-05,33.40,34.26,18.96
1961-03-06,32.44,33.91,22.34
1961-03-07,32.60,30.99,23.29
1961-03-08,31.39,29.79,20.12
1961-03-09,30.73,25.59,17.41
1961-03-10,30.60,27.55,19.36
1961-03-11,31.07,26.55,13.79
1961-03-12,31.96,27.81,10.82
1961-03-13,30.66,25.90,9.88
1961-03-14,28.40,19.16,13.32
1961-03-15,28.23,27.64,13.73
1961-03-16,29.73,24.89,14.32
1961-03-17,30.77,32.36,19.40
1961-03-18,31.36,31.44,21.29
1961-03-19,31.65,30.01,16.19
1961-03-20,29.14,27.37,11.98
1961-03-21,29.50,23.85,11.03
1961-03-22,30.66,25.30,11.26
1961-03-23,31.64,28.56,12.03
1961-03-24,32.01,29.68,12.86
1961-03-25,30.26,29.99,16.05
1961-03-26,29.27,30.98,21.56
1961-03-27,30.68,27.73,16.60
1961-03-28,31.62,25.92,12.38
1961-03-29,30.13,27.18,13.01
1961-03-30,28.95,25.66,12.62
1961-03-31,29.28,26.36,11.96
1961-04-01,29.93,27.08,14.10
1961-04-02,28.65,22.62,10.41
1961-04-03,27.95,21.84,6.46
1961-04-04,28.27,18.47,4.36
1961-04-05,29.16,25.02,3.90
1961-04-06,28.11,28.23,7.44
1961-04-07,30.73,24.52,9.70
1961-04-08,29.51,26.60,9.01
1961-04-09,29.98,26.83,12.44
1961-04-10,28.64,25.02,11.31
1961-04-11,28.11,23.14,9.64
1961-04-12,28.59,19.18,10.36
1961-04-13,29.16,23.69,9.92
1961-04-14,30.79,26.62,13.60
1961-04-15,30.43,28.93,13.49
1961-04-16,31.02,25.92,13.95
1961-04-17,33.22,27.18,17.65
1961-04-18,33.64,27.36,15.75
1961-04-19,34.90,27.52,16.91
1961-04-20,32.65,24.29,13.01
1961-04-21,28.53,24.61,10.38
1961-04-22,27.59,21.67,11.85
1961-04-23,27.82,24.16,11.44
1961-04-24,26.81,25.59,12.49
1961-04-25,28.64,23.83,8.11
1961-04-26,29.89,26.25,7.26
1961-04-27,28.99,27.00,8.29
1961-04-28,27.57,26.21,12.01
1961-04-29,28.20,26.10,11.63
1961-04-30,27.99,25.16,15.14
1961-05-01,30.08,25.89,12.36
1961-05-02,30.32,29.02,15.17
1961-05-03,28.23,25.30,11.60
1961-05-04,28.73,19.39,8.76
1961-05-05,27.39,18.62,7.45
1961-05-06,28.75,21.45,8.78
1961-05-07,29.99,20.82,8.39
1961-05-08,30.57,25.43,8.43
1961-05-09,30.30,24.70,9.22
1961-05-10,31.51,25.35,8.40
1961-05-11,30.79,24.28,8.85
1961-05-12,31.19,25.66,7.68
1961-05-13,28.36,24.91,10.25
1961-05-14,28.25,21.30,8.12
1961-05-15,25.14,19.62,11.72
1961-05-16,25.54,17.83,12.62
1961-05-17,28.31,18.77,8.36
1961-05-18,26.91,21.77,10.38
1961-05-19,31.95,24.70,12.74
1961-05-20,31.83,22.61,11.75
1961-05-21,30.98,22.76,10.06
1961-05-22,30.68,22.98,9.47
1961-05-23,34.38,24.43,8.87
1961-05-24,32.98,23.51,11.64
1961-05-25,28.30,21.61,9.16
1961-05-26,27.12,16.20,6.76
1961-05-27,27.27,17.08,7.41
1961-05-28,27.99,20.05,8.44
1961-05-29,28.16,16.71,9.08
1961-05-30,26.82,14.73,8.19
1961-05-31,27.52,17.62,8.43
1961-06-01,28.82,17.45,5.29
1961-06-02,28.79,11.34,5.30
1961-06-03,28.40,16.85,6.05
1961-06-04,29.07,18.25,4.33
1961-06-05,29.45,21.64,8.26
1961-06-06,30.61,17.56,5.89
1961-06-07,30.07,12.13,4.88
1961-06-08,27.85,10.57,1.41
1961-06-09,27.45,13.36,2.42
1961-06-10,24.01,11.21,1.24
1961-06-11,21.07,8.08,0.40
1961-06-12,19.38,8.82,0.33
1961-06-13,20.31,9.78,0.89
1961-06-14,22.52,10.99,1.55
1961-06-15,25.04,13.46,3.20
1961-06-16,31.22,15.85,4.89
1961-06-17,27.11,15.56,5.74
1961-06-18,28.35,15.75,7.04
1961-06-19,26.64,14.34,5.62
1961-06-20,30.04,17.73,6.50
1961-06-21,28.80,19.45,7.38
1961-06-22,29.55,20.14,6.95
1961-06-23,26.94,19.34,6.01
1961-06-24,28.16,18.22,5.91
1961-06-25,26.94,13.76,2.95
1961-06-26,27.31,6.73,1.94
1961-06-27,28.82,8.78,0.80
1961-06-28,28.60,11.64,1.35
1961-06-29,28.14,13.50,4.98
1961-06-30,28.52,10.41,4.40
1961-07-01,28.91,10.48,2.54
1961-07-02,28.36,14.07,2.07
1961-07-03,28.28,15.82,4.03
1961-07-04,28.22,14.64,1.98
1961-07-05,27.94,13.19,1.33
1961-07-06,28.45,15.30,3.73
1961-07-07,30.03,14.19,2.17
1961-07-08,27.72,14.81,0.90
1961-07-09,27.61,14.22,3.83
1961-07-10,27.10,14.51,1.69
1961-07-11,26.68,10.44,0.76
1961-07-12,27.99,6.82,-0.48
1961-07-13,29.91,13.89,-1.20
1961-07-14,29.52,16.38,1.51
1961-07-15,27.51,16.51,1.18
1961-07-16,29.03,14.58,3.89
1961-07-17,28.45,14.23,1.60
1961-07-18,29.93,13.46,1.70
1961-07-19,27.99,8.41,3.10
1961-07-20,25.79,10.15,1.60
1961-07-21,28.69,13.84,2.38
1961-07-22,27.04,15.52,3.08
1961-07-23,28.64,18.38,2.24
1961-07-24,26.75,19.16,1.52
1961-07-25,26.84,18.81,7.37
1961-07-26,27.84,20.25,5.04
1961-07-27,28.69,19.93,6.17
1961-07-28,30.62,18.81,8.88
1961-07-29,31.16,17.61,8.18
1961-07-30,29.43,15.06,5.74
1961-07-31,29.86,19.24,6.83
1961-08-01,25.53,21.07,9.73
1961-08-02,28.05,23.24,8.45
1961-08-03,28.42,21.67,10.61
1961-08-04,28.35,17.81,8.60
1961-08-05,29.82,20.25,4.95
1961-08-06,27.14,19.14,5.13
1961-08-07,27.69,20.06,9.27
1961-08-08,25.65,21.64,9.43
1961-08-09,29.33,20.49,10.60
1961-08-10,32.30,19.91,12.27
1961-08-11,30.43,13.50,6.42
1961-08-12,31.33,14.40,5.70
1961-08-13,29.60,18.17,7.88
1961-08-14,27.35,17.86,5.21
1961-08-15,31.50,19.62,7.57
1961-08-16,29.36,22.71,7.20
1961-08-17,30.51,25.25,11.12
1961-08-18,30.96,20.88,12.99
1961-08-19,31.12,15.29,5.95
1961-08-20,33.53,22.56,10.75
1961-08-21,32.50,21.57,7.20
1961-08-22,32.90,15.39,4.91
1961-08-23,27.59,17.98,9.11
1961-08-24,27.59,11.85,2.32
1961-08-25,29.89,16.38,2.89
1961-08-26,29.71,11.91,2.36
1961-08-27,27.28,8.19,0.78
1961-08-28,26.02,8.29,2.05
1961-08-29,25.62,7.54,2.02
1961-08-30,29.18,16.08,1.02
1961-08-31,29.51,16.39,-0.09
1961-09-01,27.65,11.40,2.25
1961-09-02,27.14,7.37,2.49
1961-09-03,25.30,10.57,3.24
1961-09-04,23.24,14.66,2.30
1961-09-05,25.14,15.98,2.17
1961-09-06,27.09,14.49,5.97
1961-09-07,30.39,14.65,8.39
1961-09-08,29.61,17.51,10.11
1961-09-09,30.44,16.51,2.38
1961-09-10,30.79,14.09,3.49
1961-09-11,30.63,16.76,1.47
1961-09-12,35.23,14.18,4.08
1961-09-13,30.64,6.72,2.88
1961-09-14,30.52,13.65,6.47
1961-09-15,32.16,18.22,9.98
1961-09-16,30.76,17.96,8.26
1961-09-17,31.61,19.23,4.55
1961-09-18,29.51,16.05,5.52
1961-09-19,30.41,20.17,7.45
1961-09-20,32.05,21.35,9.58
1961-09-21,32.55,19.65,10.54
1961-09-22,31.21,19.69,11.86
1961-09-23,28.68,9.51,3.78
1961-09-24,30.63,11.50,4.24
1961-09-25,29.84,12.59,3.59
1961-09-26,30.82,16.82,4.74
1961-09-27,31.89,12.97,5.60
1961-09-28,34.23,19.81,12.61
1961-09-29,30.73,25.75,4.84
1961-09-30,33.18,25.32,4.67
1961-10-01,32.51,24.63,5.27
1961-10-02,32.72,22.06,5.95
1961-10-03,32.07,16.45,6.13
1961-10-04,33.05,19.18,6.66
1961-10-05,33.54,22.11,6.47
1961-10-06,35.33,26.68,13.29
1961-10-07,36.23,27.29,15.80
1961-10-08,33.83,25.89,15.26
1961-10-09,32.31,29.75,16.44
1961-10-10,32.30,26.61,15.03
1961-10-11,31.78,24.02,7.10
1961-10-12,30.06,19.60,7.88
1961-10-13,29.41,17.21,5.77
1961-10-14,29.70,19.03,10.02
1961-10-15,30.86,17.36,10.74
1961-10-16,31.64,20.02,10.18
1961-10-17,30.37,20.04,8.71
1961-10-18,30.75,23.25,10.12
1961-10-19,31.04,17.39,7.75
1961-10-20,29.46,17.22,11.00
1961-10-21,30.61,21.67,11.60
1961-10-22,29.74,25.90,12.09
1961-10-23,30.81,25.30,15.03
1961-10-24,31.96,21.57,8.50
1961-10-25,31.79,27.73,6.16
1961-10-26,32.02,30.80,12.06
1961-10-27,30.84,28.39,16.50
1961-10-28,29.47,28.47,16.38
1961-10-29,32.07,30.37,18.36
1961-10-30,30.43,28.45,20.95
1961-10-31,31.19,26.77,14.65
1961-11-01,32.16,24.91,15.26
1961-11-02,33.21,24.39,10.88
1961-11-03,31.82,22.92,8.89
1961-11-04,33.05,22.89,12.72
1961-11-05,33.70,27.03,13.68
1961-11-06,31.17,27.07,15.49
1961-11-07,31.09,24.44,14.33
1961-11-08,29.63,25.75,11.99
1961-11-09,29.71,23.17,10.55
1961-11-10,28.90,25.39,12.92
1961-11-11,30.89,27.34,15.12
1961-11-12,32.30,25.86,13.62
1961-11-13,31.32,27.26,12.28
1961-11-14,32.50,28.63,10.69
1961-11-15,31.02,30.49,16.41
1961-11-16,30.61,27.15,12.19
1961-11-17,32.45,27.73,14.95
1961-11-18,31.99,28.18,15.52
1961-11-19,32.66,28.47,14.85
1961-11-20,33.14,25.62,13.07
1961-11-21,31.89,27.61,10.13
1961-11-22,29.40,26.04,9.39
1961-11-23,31.51,26.54,11.40
1961-11-24,32.45,24.94,10.15
1961-11-25,33.95,31.15,14.36
1961-11-26,33.15,30.41,17.16
1961-11-27,31.77,31.57,15.25
1961-11-28,29.70,34.42,13.68
1961-11-29,30.90,28.78,13.79
1961-11-30,32.94,22.99,10.05
1961-12-01,32.53,29.41,9.11
1961-12-02,31.91,32.09,12.18
1961-12-03,30.65,34.98,14.53
1961-12-04,31.81,34.55,18.36
1961-12-05,30.96,33.11,17.68
1961-12-06,31.66,32.41,15.56
1961-12-07,30.29,29.84,15.25
1961-12-08,30.02,28.69,16.40
1961-12-09,29.59,24.00,14.06
1961-12-10,31.99,33.78,15.28
1961-12-11,32.26,31.98,13.68
1961-12-12,32.50,29.95,18.76
1961-12-13,31.43,32.04,18.45
1961-12-14,30.28,28.96,21.48
1961-12-15,29.51,32.05,18.17
1961-12-16,28.11,33.05,17.01
1961-12-17,27.60,28.43,12.55
1961-12-18,29.80,28.25,12.81
1961-12-19,30.70,27.32,10.02
1961-12-20,31.47,29.15,13.22
1961-12-21,28.71,29.28,11.82
1961-12-22,29.06,28.95,11.18
1961-12-23,31.72,31.77,17.45
1961-12-24,30.39,31.11,21.09
1961-12-25,28.55,29.89,21.22
1961-12-26,30.45,29.85,22.09
1961-12-27,30.38,29.44,17.82
1961-12-28,31.59,31.70,22.63
1961-12-29,30.77,31.69,22.96
1961-12-30,31.07,30.55,22.93
1961-12-31,29.89,26.27,17.63
1962-01-01,28.56,28.45,16.45
1962-01-02,28.79,32.54,19.70
1962-01-03,28.81,32.50,21.11
1962-01-04,29.36,30.15,16.95
1962-01-05,30.70,30.59,18.41
1962-01-06,29.10,30.11,15.86
1962-01-07,30.86,31.11,12.44
1962-01-08,29.91,30.46,16.22
1962-01-09,30.28,31.73,17.88
1962-01-10,30.24,28.75,16.16
1962-01-11,29.23,27.98,11.40
1962-01-12,29.14,26.97,12.08
1962-01-13,30.21,23.13,10.48
1962-01-14,32.74,29.07,10.56
1962-01-15,31.61,33.43,16.52
1962-01-16,30.94,32.45,18.66
1962-01-17,29.95,29.86,20.52
1962-01-18,30.17,32.87,24.07
1962-01-19,31.29,33.27,25.91
1962-01-20,30.79,30.84,22.32
1962-01-21,29.93,30.90,17.18
1962-01-22,29.34,29.03,14.70
1962-01-23,29.05,27.90,14.11
1962-01-24,29.86,29.99,21.89
1962-01-25,31.52,32.34,28.04
1962-01-26,30.73,29.13,20.34
1962-01-27,30.74,32.87,14.22
1962-01-28,30.20,34.62,25.87
1962-01-29,29.96,31.32,29.47
1962-01-30,30.57,29.66,26.39
1962-01-31,29.32,30.22,23.99
1962-02-01,31.66,29.24,22.43
1962-02-02,32.23,31.86,22.31
1962-02-03,32.10,32.16,21.61
1962-02-04,31.10,31.11,23.75
1962-02-05,26.79,30.96,26.16
1962-02-06,30.29,28.50,25.42
1962-02-07,27.69,28.35,26.74
1962-02-08,26.86,30.18,25.34
1962-02-09,27.58,27.77,21.23
1962-02-10,29.32,28.82,15.90
1962-02-11,31.34,31.03,17.59
1962-02-12,30.24,29.34,21.70
1962-02-13,31.19,29.59,20.21
1962-02-14,29.95,28.94,19.34
1962-02-15,31.37,30.71,21.24
1962-02-16,32.41,28.17,17.41
1962-02-17,31.27,29.74,22.49
1962-02-18,32.55,32.20,24.76
1962-02-19,32.49,29.12,19.30
1962-02-20,31.99,28.11,15.89
1962-02-21,32.41,28.50,14.34
1962-02-22,32.21,29.52,14.29
1962-02-23,33.81,30.99,22.29
1962-02-24,32.31,29.60,26.23
1962-02-25,31.11,26.36,24.66
1962-02-26,30.65,26.26,22.07
1962-02-27,30.19,27.46,23.14
1962-02-28,29.42,28.37,22.15
1962-03-01,30.60,28.07,19.82
1962-03-02,31.74,26.95,16.11
1962-03-03,30.95,25.61,13.47
1962-03-04,31.47,27.24,18.48
1962-03-05,31.27,28.60,21.60
1962-03-06,31.22,31.80,25.46
1962-03-07,30.07,26.73,24.43
1962-03-08,30.43,25.51,19.87
1962-03-09,30.80,29.21,15.86
1962-03-10,31.54,30.49,15.66
1962-03-11,32.55,30.62,21.59
1962-03-12,32.26,29.00,24.27
1962-03-13,31.84,30.91,24.55
1962-03-14,33.09,30.11,23.19
1962-03-15,32.94,30.43,21.36
1962-03-16,32.48,30.70,22.78
1962-03-17,32.13,29.14,24.00
1962-03-18,31.90,27.30,24.25
1962-03-19,31.59,29.02,21.27
1962-03-20,29.42,27.51,23.29
1962-03-21,29.89,28.20,13.98
1962-03-22,26.89,26.02,15.37
1962-03-23,27.27,27.05,17.20
1962-03-24,30.53,25.31,14.04
1962-03-25,31.42,25.34,13.44
1962-03-26,29.98,23.66,13.31
1962-03-27,31.80,22.75,18.08
1962-03-28,32.95,26.00,14.52
1962-03-29,31.91,29.36,12.13
1962-03-30,32.39,24.65,10.91
1962-03-31,30.50,23.19,9.16
1962-04-01,29.48,24.35,10.17
1962-04-02,30.98,28.76,12.82
1962-04-03,31.14,30.44,15.26
1962-04-04,30.96,24.02,13.70
1962-04-05,30.50,24.89,10.45
1962-04-06,28.79,22.34,11.51
1962-04-07,27.30,18.45,10.62
1962-04-08,30.10,26.68,12.22
1962-04-09,31.94,30.55,16.83
1962-04-10,30.61,26.66,10.65
1962-04-11,30.36,26.75,11.18
1962-04-12,32.21,25.26,13.03
1962-04-13,32.05,23.70,9.77
1962-04-14,29.78,23.80,10.98
1962-04-15,29.02,27.90,15.12
1962-04-16,29.54,25.87,17.53
1962-04-17,29.96,23.25,11.19
1962-04-18,31.46,24.82,11.86
1962-04-19,30.90,27.26,14.16
1962-04-20,30.95,23.99,12.48
1962-04-21,32.48,23.89,13.47
1962-04-22,27.15,23.64,13.38
1962-04-23,28.93,23.49,12.93
1962-04-24,29.82,20.54,11.22
1962-04-25,30.57,24.23,14.80
1962-04-26,29.31,21.82,14.07
1962-04-27,27.83,19.66,9.38
1962-04-28,26.75,19.98,7.15
1962-04-29,25.96,16.99,7.55
1962-04-30,28.50,21.76,10.55
1962-05-01,28.04,16.23,7.44
1962-05-02,30.00,13.71,8.29
1962-05-03,30.45,24.66,11.70
1962-05-04,30.74,26.86,10.22
1962-05-05,31.04,25.85,13.36
1962-05-06,31.68,24.90,14.37
1962-05-07,32.11,23.61,14.09
1962-05-08,31.30,17.78,10.41
1962-05-09,28.41,20.70,9.25
1962-05-10,29.55,22.32,8.72
1962-05-11,29.30,23.71,9.52
1962-05-12,29.83,25.76,12.07
1962-05-13,31.65,22.18,11.49
1962-05-14,30.57,18.28,9.24
1962-05-15,28.90,16.80,7.54
1962-05-16,29.46,20.78,7.26
1962-05-17,26.35,15.49,9.30
1962-05-18,27.06,16.42,7.28
1962-05-19,25.35,12.48,10.38
1962-05-20,25.59,17.25,9.38
1962-05-21,29.28,19.66,11.35
1962-05-22,34.63,22.53,11.59
1962-05-23,30.99,23.20,10.36
1962-05-24,32.50,22.47,13.81
1962-05-25,32.67,19.89,10.75
1962-05-26,29.37,14.66,9.49
1962-05-27,29.00,13.41,5.79
1962-05-28,29.96,16.67,5.89
1962-05-29,29.17,20.46,8.97
1962-05-30,29.61,20.15,9.43
1962-05-31,32.27,18.44,4.50
1962-06-01,30.66,15.73,3.50
1962-06-02,31.04,18.71,4.66
1962-06-03,32.57,21.62,9.88
1962-06-04,32.88,20.80,9.05
1962-06-05,28.09,21.81,9.00
1962-06-06,24.34,17.32,6.96
1962-06-07,25.29,18.41,9.43
1962-06-08,28.22,16.03,6.39
1962-06-09,29.16,17.52,7.42
1962-06-10,30.01,21.57,9.09
1962-06-11,29.27,19.42,11.37
1962-06-12,26.76,16.71,8.91
1962-06-13,26.41,19.01,8.65
1962-06-14,26.60,19.43,6.70
1962-06-15,27.78,16.11,7.60
1962-06-16,29.14,22.79,8.25
1962-06-17,29.23,20.40,9.35
1962-06-18,26.83,17.65,5.98
1962-06-19,25.52,7.71,2.62
1962-06-20,25.56,11.41,3.62
1962-06-21,26.04,15.78,4.18
1962-06-22,29.25,14.07,3.22
1962-06-23,28.95,10.96,3.86
1962-06-24,26.62,8.35,4.21
1962-06-25,23.48,7.81,3.71
1962-06-26,24.82,9.53,4.11
1962-06-27,24.96,9.47,2.02
1962-06-28,24.84,7.54,3.06
1962-06-29,25.07,8.56,3.48
1962-06-30,23.61,10.23,3.41
1962-07-01,25.58,10.04,2.87
1962-07-02,25.44,10.41,3.15
1962-07-03,26.39,10.88,2.98
1962-07-04,24.81,11.14,3.30
1962-07-05,25.43,14.11,3.72
1962-07-06,27.05,14.82,4.15
1962-07-07,30.69,12.15,4.14
1962-07-08,28.18,9.62,3.21
1962-07-09,31.89,15.50,2.86
1962-07-10,28.95,18.66,5.32
1962-07-11,30.48,15.13,2.16
1962-07-12,26.95,16.75,2.65
1962-07-13,25.79,16.41,6.09
1962-07-14,25.09,11.50,2.20
1962-07-15,25.10,15.64,2.29
1962-07-16,28.09,16.65,5.21
1962-07-17,28.15,17.61,3.08
1962-07-18,26.60,16.67,3.66
1962-07-19,27.62,13.98,3.13
1962-07-20,29.64,17.54,4.33
1962-07-21,24.30,15.66,6.33
1962-07-22,29.28,18.00,7.09
1962-07-23,28.14,18.13,6.46
1962-07-24,28.30,17.43,7.11
1962-07-25,29.40,15.25,6.93
1962-07-26,29.35,14.83,10.05
1962-07-27,28.57,13.68,9.53
1962-07-28,28.64,15.78,9.07
1962-07-29,29.11,17.25,7.91
1962-07-30,30.08,17.27,8.98
1962-07-31,28.82,16.25,6.30
1962-08-01,29.53,18.17,1.82
1962-08-02,30.83,20.13,5.89
1962-08-03,30.98,22.02,8.12
1962-08-04,31.62,21.25,6.60
1962-08-05,30.02,18.79,5.52
1962-08-06,28.34,15.06,4.03
1962-08-07,28.02,11.25,1.78
1962-08-08,27.44,10.98,6.55
1962-08-09,28.52,8.79,7.28
1962-08-10,28.91,13.93,5.87
1962-08-11,30.59,16.93,7.40
1962-08-12,28.61,12.75,1.97
1962-08-13,29.45,12.00,4.70
1962-08-14,28.89,8.62,3.49
1962-08-15,29.88,16.18,1.83
1962-08-16,29.80,19.71,3.69
1962-08-17,28.69,20.90,5.19
1962-08-18,29.85,18.85,5.79
1962-08-19,31.00,19.22,5.57
1962-08-20,29.85,17.25,3.95
1962-08-21,29.69,15.61,5.57
1962-08-22,32.52,18.63,6.40
1962-08-23,30.64,21.82,8.09
1962-08-24,25.61,22.32,8.05
1962-08-25,28.86,12.94,5.77
1962-08-26,29.07,16.73,5.64
1962-08-27,29.24,17.62,8.86
1962-08-28,26.12,13.34,8.02
1962-08-29,26.86,17.03,3.51
1962-08-30,26.77,16.94,5.50
1962-08-31,34.15,21.85,6.18
1962-09-01,23.70,21.11,5.16
1962-09-02,31.06,18.62,2.93
1962-09-03,33.84,18.55,4.23
1962-09-04,36.95,20.27,6.71
1962-09-05,37.79,18.05,4.05
1962-09-06,33.07,14.60,4.33
1962-09-07,29.33,15.19,3.31
1962-09-08,27.07,21.17,5.21
1962-09-09,28.51,20.27,5.93
1962-09-10,32.08,20.03,8.75
1962-09-11,28.55,20.86,12.06
1962-09-12,31.50,17.70,7.09
1962-09-13,28.64,17.12,3.77
1962-09-14,28.91,15.58,2.51
1962-09-15,30.61,16.15,3.88
1962-09-16,29.51,14.34,4.50
1962-09-17,30.52,17.02,3.94
1962-09-18,31.15,19.34,6.18
1962-09-19,30.00,20.84,12.67
1962-09-20,30.69,23.59,13.59
1962-09-21,30.94,25.72,14.83
1962-09-22,34.34,23.26,18.10
1962-09-23,29.39,21.02,14.06
1962-09-24,34.19,21.63,8.18
1962-09-25,29.65,22.07,9.64
1962-09-26,28.20,10.13,6.09
1962-09-27,30.13,22.19,10.46
1962-09-28,31.15,26.25,15.51
1962-09-29,32.13,20.00,8.00
1962-09-30,30.94,20.74,7.52
1962-10-01,29.75,17.73,5.47
1962-10-02,29.66,16.05,6.29
1962-10-03,27.72,9.42,4.60
1962-10-04,30.70,11.47,5.80
1962-10-05,31.14,17.07,9.61
1962-10-06,30.73,18.75,8.44
1962-10-07,30.06,22.45,12.11
1962-10-08,31.30,22.68,12.02
1962-10-09,28.34,21.87,16.40
1962-10-10,28.79,20.94,15.02
1962-10-11,28.84,23.22,15.76
1962-10-12,29.02,23.46,15.10
1962-10-13,31.19,24.12,12.06
1962-10-14,29.71,23.30,9.37
1962-10-15,28.24,16.82,6.46
1962-10-16,29.35,20.81,9.85
1962-10-17,28.17,23.60,13.18
1962-10-18,28.32,24.74,16.09
1962-10-19,29.82,24.80,14.40
1962-10-20,30.18,28.88,19.77
1962-10-21,33.09,26.73,16.93
1962-10-22,34.49,25.21,15.92
1962-10-23,31.35,25.53,13.19
1962-10-24,33.73,27.17,9.71
1962-10-25,32.09,27.23,11.85
1962-10-26,30.97,25.61,14.14
1962-10-27,31.69,30.48,13.89
1962-10-28,31.91,31.61,15.49
1962-10-29,29.90,29.75,21.02
1962-10-30,28.99,24.75,18.95
1962-10-31,29.74,26.87,20.08
1962-11-01,30.84,24.55,19.15
1962-11-02,31.46,23.86,11.28
1962-11-03,31.62,22.48,10.56
1962-11-04,29.81,23.48,10.58
1962-11-05,28.63,23.71,11.97
1962-11-06,29.86,27.70,16.05
1962-11-07,31.50,27.10,18.71
1962-11-08,33.17,26.90,12.68
1962-11-09,33.46,30.06,17.90
1962-11-10,34.23,27.86,15.97
1962-11-11,31.85,25.15,11.31
1962-11-12,35.24,28.96,13.66
1962-11-13,31.57,31.14,16.38
1962-11-14,28.49,33.93,17.58
1962-11-15,32.62,32.94,20.55
1962-11-16,32.09,28.11,20.10
1962-11-17,28.32,24.86,13.66
1962-11-18,28.29,19.11,11.43
1962-11-19,30.49,19.72,11.91
1962-11-20,31.61,27.75,9.17
1962-11-21,31.05,31.34,14.38
1962-11-22,28.85,27.48,10.77
1962-11-23,31.27,27.17,10.71
1962-11-24,30.66,29.85,17.27
1962-11-25,31.67,27.82,18.27
1962-11-26,29.63,28.20,18.66
1962-11-27,29.84,28.15,13.07
1962-11-28,25.80,26.27,12.98
1962-11-29,29.33,28.96,13.88
1962-11-30,29.68,30.95,16.51
1962-12-01,28.66,28.30,12.74
1962-12-02,30.71,30.43,17.63
1962-12-03,33.28,31.81,21.99
1962-12-04,35.50,28.20,22.91
1962-12-05,34.34,24.73,19.40
1962-12-06,33.45,29.22,13.24
1962-12-07,31.43,29.25,16.20
1962-12-08,31.72,31.44,19.84
1962-12-09,31.52,30.77,22.57
1962-12-10,31.50,29.34,16.91
1962-12-11,30.32,31.51,12.92
1962-12-12,30.03,32.27,12.65
1962-12-13,29.60,30.29,21.04
1962-12-14,27.43,26.82,18.25
1962-12-15,28.13,27.32,16.81
1962-12-16,28.23,27.32,17.62
1962-12-17,30.67,29.75,20.90
1962-12-18,31.44,26.72,21.82
1962-12-19,32.61,25.43,20.86
1962-12-20,32.36,28.04,13.99
1962-12-21,30.18,32.48,16.40
1962-12-22,29.26,31.21,17.93
1962-12-23,32.16,31.74,16.68
1962-12-24,31.24,30.53,17.44
1962-12-25,30.52,29.80,12.31
1962-12-26,30.28,32.16,13.46
1962-12-27,29.15,30.95,15.88
1962-12-28,28.93,28.43,16.02
1962-12-29,28.49,27.25,16.64
1962-12-30,29.86,28.56,19.02
1962-12-31,28.59,28.67,12.81
1963-01-01,31.73,29.39,12.80
1963-01-02,31.57,30.39,12.12
1963-01-03,32.03,32.23,11.66
1963-01-04,31.60,28.98,12.02
1963-01-05,32.36,29.82,13.40
1963-01-06,32.79,28.86,12.97
1963-01-07,30.66,27.42,11.03
1963-01-08,31.46,25.43,9.71
1963-01-09,31.55,26.67,11.89
1963-01-10,30.36,28.63,16.79
1963-01-11,31.21,27.98,18.69
1963-01-12,30.81,29.64,18.70
1963-01-13,29.75,30.46,20.67
1963-01-14,28.61,29.36,19.14
1963-01-15,30.87,29.62,19.61
1963-01-16,31.06,29.75,18.97
1963-01-17,29.64,29.66,17.21
1963-01-18,28.38,30.12,21.29
1963-01-19,28.31,28.74,19.46
1963-01-20,30.70,28.49,19.16
1963-01-21,30.87,26.14,20.21
1963-01-22,31.42,26.77,24.13
1963-01-23,31.28,28.04,21.66
1963-01-24,31.21,29.03,19.78
1963-01-25,30.49,28.67,19.20
1963-01-26,29.80,26.54,14.14
1963-01-27,30.23,29.76,12.86
1963-01-28,30.72,30.00,15.19
1963-01-29,32.35,31.04,11.99
1963-01-30,32.69,31.88,18.95
1963-01-31,37.04,33.22,25.17
1963-02-01,32.60,32.06,16.93
1963-02-02,31.79,30.44,16.93
1963-02-03,32.44,31.32,18.45
1963-02-04,31.32,32.05,22.84
1963-02-05,30.69,31.71,22.83
1963-02-06,30.85,31.16,26.82
1963-02-07,29.49,28.80,22.77
1963-02-08,29.98,26.93,14.03
1963-02-09,30.64,26.06,17.00
1963-02-10,31.29,25.41,21.72
1963-02-11,30.48,24.82,20.70
1963-02-12,30.02,24.97,20.17
1963-02-13,31.64,26.25,15.34
1963-02-14,31.21,28.57,14.38
1963-02-15,31.44,29.34,14.97
1963-02-16,30.22,28.24,17.64
1963-02-17,30.81,29.17,15.54
1963-02-18,31.92,30.07,15.65
1963-02-19,29.80,32.47,18.69
1963-02-20,29.64,32.77,26.14
1963-02-21,31.23,28.74,26.12
1963-02-22,31.09,28.70,19.35
1963-02-23,32.50,30.45,24.16
1963-02-24,30.96,32.13,26.18
1963-02-25,30.56,30.82,28.90
1963-02-26,32.51,30.10,24.63
1963-02-27,32.40,29.20,18.73
1963-02-28,32.85,29.12,17.54
1963-03-01,31.93,26.30,22.36
1963-03-02,29.79,26.99,15.24
1963-03-03,30.11,28.29,16.49
1963-03-04,29.82,30.95,17.25
1963-03-05,29.16,26.19,15.29
1963-03-06,30.88,26.63,12.42
1963-03-07,30.58,30.22,14.27
1963-03-08,32.10,28.98,20.89
1963-03-09,32.82,29.24,18.44
1963-03-10,33.26,26.64,15.45
1963-03-11,32.89,27.06,18.81
1963-03-12,31.96,29.25,18.19
1963-03-13,30.20,29.56,15.96
1963-03-14,30.16,27.38,14.64
1963-03-15,30.19,24.66,15.66
1963-03-16,31.14,27.64,14.35
1963-03-17,29.78,23.52,8.62
1963-03-18,31.36,22.45,10.49
1963-03-19,30.23,24.63,11.77
1963-03-20,30.78,26.80,12.21
1963-03-21,32.04,27.07,15.43
1963-03-22,32.35,27.34,12.22
1963-03-23,31.89,27.41,11.72
1963-03-24,30.59,25.89,14.49
1963-03-25,29.44,21.30,11.92
1963-03-26,28.46,26.02,12.58
1963-03-27,28.13,30.28,19.60
1963-03-28,31.26,29.05,22.14
1963-03-29,32.36,28.42,17.77
1963-03-30,30.69,25.98,12.91
1963-03-31,29.76,24.86,10.85
1963-04-01,29.68,26.43,11.55
1963-04-02,28.99,26.22,11.03
1963-04-03,29.07,28.55,13.15
1963-04-04,29.15,26.74,11.00
1963-04-05,29.48,27.03,12.81
1963-04-06,28.77,25.79,11.23
1963-04-07,27.71,25.93,11.38
1963-04-08,27.98,27.59,17.84
1963-04-09,29.75,25.21,15.50
1963-04-10,31.16,23.89,9.69
1963-04-11,31.67,25.80,9.27
1963-04-12,29.67,23.80,11.46
1963-04-13,32.15,23.54,9.28
1963-04-14,34.05,17.69,9.62
1963-04-15,34.17,23.74,9.80
1963-04-16,32.47,24.23,12.27
1963-04-17,33.97,22.35,9.69
1963-04-18,33.20,28.18,11.88
1963-04-19,32.65,26.66,13.51
1963-04-20,29.23,25.55,15.20
1963-04-21,30.70,25.44,9.69
1963-04-22,32.95,24.57,10.79
1963-04-23,32.98,24.71,11.07
1963-04-24,32.02,26.67,12.06
1963-04-25,32.03,23.79,10.54
1963-04-26,31.48,25.91,11.02
1963-04-27,31.54,25.90,14.58
1963-04-28,29.20,26.84,16.01
1963-04-29,28.70,23.96,16.00
1963-04-30,28.35,20.01,12.16
1963-05-01,26.64,21.83,9.96
1963-05-02,27.68,18.88,10.70
1963-05-03,27.18,22.92,9.98
1963-05-04,28.97,20.63,10.21
1963-05-05,30.27,18.81,11.46
1963-05-06,30.89,23.70,13.12
1963-05-07,29.13,25.20,12.11
1963-05-08,29.03,21.67,9.10
1963-05-09,29.43,22.05,7.29
1963-05-10,29.73,15.87,6.10
1963-05-11,31.36,16.63,2.41
1963-05-12,30.55,18.34,4.29
1963-05-13,28.47,19.32,5.89
1963-05-14,28.59,18.18,6.19
1963-05-15,31.65,20.57,9.64
1963-05-16,30.33,22.22,10.26
1963-05-17,29.96,21.71,12.88
1963-05-18,28.54,19.78,7.99
1963-05-19,27.79,18.14,8.10
1963-05-20,30.25,16.07,9.09
1963-05-21,29.52,17.35,7.53
1963-05-22,31.21,11.11,5.37
1963-05-23,28.44,16.74,5.36
1963-05-24,29.67,21.20,10.24
1963-05-25,29.15,22.83,10.87
1963-05-26,29.84,20.82,9.09
1963-05-27,30.66,18.18,9.37
1963-05-28,30.28,19.94,10.60
1963-05-29,29.54,20.32,9.56
1963-05-30,27.09,20.74,8.84
1963-05-31,29.06,19.88,6.44
1963-06-01,30.49,20.50,9.46
1963-06-02,30.59,18.62,8.76
1963-06-03,32.87,17.08,9.88
1963-06-04,30.41,18.48,7.48
1963-06-05,30.57,21.89,7.00
1963-06-06,30.53,20.36,8.04
1963-06-07,28.39,14.48,6.75
1963-06-08,28.41,18.26,8.06
1963-06-09,25.64,15.72,6.39
1963-06-10,26.11,14.57,4.84
1963-06-11,27.43,16.57,7.19
1963-06-12,26.17,14.57,7.44
1963-06-13,26.48,9.77,0.80
1963-06-14,22.61,11.36,1.25
1963-06-15,27.32,10.91,2.21
1963-06-16,30.75,15.80,3.14
1963-06-17,31.77,15.61,3.80
1963-06-18,32.08,18.78,6.91
1963-06-19,31.69,20.92,8.27
1963-06-20,28.78,18.20,6.85
1963-06-21,27.76,15.98,5.79
1963-06-22,32.74,16.28,3.34
1963-06-23,32.46,17.73,5.64
1963-06-24,28.89,15.06,5.99
1963-06-25,28.32,16.19,6.52
1963-06-26,24.14,15.12,4.06
1963-06-27,26.39,9.66,2.60
1963-06-28,27.52,10.64,0.63
1963-06-29,26.13,14.65,2.94
1963-06-30,29.46,15.48,2.99
1963-07-01,32.09,18.93,2.43
1963-07-02,32.04,19.19,4.22
1963-07-03,30.80,14.39,4.81
1963-07-04,31.84,14.92,7.35
1963-07-05,31.28,12.22,4.77
1963-07-06,28.56,10.09,2.07
1963-07-07,28.33,11.32,1.20
1963-07-08,25.99,9.92,2.89
1963-07-09,27.61,8.71,3.38
1963-07-10,27.48,10.32,2.96
1963-07-11,29.93,10.30,3.33
1963-07-12,29.18,13.60,2.27
1963-07-13,29.64,12.49,1.18
1963-07-14,28.57,10.71,4.07
1963-07-15,30.36,14.82,2.65
1963-07-16,28.63,14.11,2.58
1963-07-17,31.16,14.23,3.75
1963-07-18,25.09,16.63,5.97
1963-07-19,23.04,13.67,3.67
1963-07-20,21.16,11.71,5.13
1963-07-21,25.07,12.27,4.34
1963-07-22,30.11,14.78,4.98
1963-07-23,30.20,16.95,6.85
1963-07-24,30.06,17.87,10.82
1963-07-25,32.02,14.47,10.24
1963-07-26,32.93,16.85,8.68
1963-07-27,29.62,13.02,4.17
1963-07-28,30.94,12.11,2.92
1963-07-29,30.21,14.36,3.50
1963-07-30,28.25,10.12,0.50
1963-07-31,25.52,10.88,1.83
1963-08-01,27.91,13.35,3.44
1963-08-02,23.76,14.11,2.39
1963-08-03,22.60,15.48,5.43
1963-08-04,28.32,15.15,6.91
1963-08-05,34.70,19.86,8.23
1963-08-06,33.28,18.69,4.79
1963-08-07,31.38,15.71,4.46
1963-08-08,28.89,14.06,5.68
1963-08-09,28.55,15.15,7.69
1963-08-10,28.10,13.53,6.13
1963-08-11,30.75,16.07,5.20
1963-08-12,30.23,16.79,4.79
1963-08-13,27.83,14.83,3.35
1963-08-14,29.97,15.99,5.60
1963-08-15,30.88,19.17,9.32
1963-08-16,35.02,21.86,10.05
1963-08-17,29.80,19.89,10.49
1963-08-18,30.30,17.67,6.81
1963-08-19,30.43,14.77,6.71
1963-08-20,27.46,12.62,4.60
1963-08-21,30.34,9.02,4.50
1963-08-22,31.54,9.99,2.27
1963-08-23,29.95,8.39,1.84
1963-08-24,30.36,15.03,3.02
1963-08-25,29.55,12.94,2.87
1963-08-26,31.39,16.16,4.77
1963-08-27,33.77,15.13,4.47
1963-08-28,35.80,14.79,7.31
1963-08-29,34.57,14.83,8.06
1963-08-30,33.14,17.36,8.12
1963-08-31,30.35,15.44,4.16
1963-09-01,29.86,14.24,5.95
1963-09-02,30.29,10.49,2.98
1963-09-03,31.90,10.40,2.74
1963-09-04,30.14,13.76,3.25
1963-09-05,26.52,8.46,3.50
1963-09-06,29.13,10.25,6.48
1963-09-07,28.76,12.38,4.99
1963-09-08,30.24,13.54,5.36
1963-09-09,32.94,15.20,6.51
1963-09-10,31.71,17.76,5.92
1963-09-11,27.12,17.05,6.74
1963-09-12,23.47,18.09,8.73
1963-09-13,20.70,20.63,4.90
1963-09-14,29.64,18.87,6.12
1963-09-15,34.41,21.95,6.59
1963-09-16,34.48,24.57,11.65
1963-09-17,32.11,26.31,13.19
1963-09-18,32.08,24.04,15.16
1963-09-19,32.09,16.19,7.35
1963-09-20,33.32,16.62,6.62
1963-09-21,31.37,21.35,11.12
1963-09-22,30.30,17.97,7.92
1963-09-23,30.66,14.52,5.32
1963-09-24,28.79,9.55,5.66
1963-09-25,30.02,8.76,5.53
1963-09-26,30.45,12.70,7.55
1963-09-27,29.36,13.77,9.09
1963-09-28,30.97,16.22,11.09
1963-09-29,31.37,12.78,11.81
1963-09-30,30.11,15.71,7.71
1963-10-01,25.82,20.85,10.57
1963-10-02,27.02,19.84,16.16
1963-10-03,29.23,18.29,18.06
1963-10-04,29.98,20.08,10.32
1963-10-05,33.91,24.66,11.73
1963-10-06,32.13,23.71,13.15
1963-10-07,29.52,17.40,8.05
1963-10-08,29.46,16.07,4.84
1963-10-09,31.47,21.14,9.55
1963-10-10,30.32,18.79,10.37
1963-10-11,28.66,13.45,12.77
1963-10-12,27.18,15.18,10.41
1963-10-13,29.02,14.02,8.85
1963-10-14,27.08,17.60,9.64
1963-10-15,26.77,18.56,14.79
1963-10-16,28.08,14.86,13.66
1963-10-17,30.82,20.45,8.85
1963-10-18,29.92,22.61,11.83
1963-10-19,32.39,25.54,14.51
1963-10-20,31.06,21.39,9.61
1963-10-21,31.28,21.17,9.87
1963-10-22,32.80,21.64,12.07
1963-10-23,33.04,25.41,15.22
1963-10-24,31.18,21.88,15.23
1963-10-25,32.70,22.35,14.82
1963-10-26,30.51,22.57,13.77
1963-10-27,26.50,19.60,10.02
1963-10-28,32.19,23.92,12.54
1963-10-29,30.22,27.43,13.46
1963-10-30,31.66,18.00,12.30
1963-10-31,31.90,20.80,9.21
1963-11-01,31.85,20.69,16.37
1963-11-02,31.30,20.53,12.16
1963-11-03,30.86,21.47,10.92
1963-11-04,29.39,18.17,11.20
1963-11-05,28.67,20.77,8.41
1963-11-06,28.64,17.16,10.35
1963-11-07,27.81,16.22,13.91
1963-11-08,28.95,20.51,17.37
1963-11-09,30.64,22.32,14.47
1963-11-10,30.65,23.13,8.11
1963-11-11,31.06,20.77,8.08
1963-11-12,29.84,20.86,8.94
1963-11-13,28.84,22.82,9.63
1963-11-14,29.57,23.57,11.00
1963-11-15,31.36,21.72,8.92
1963-11-16,29.80,19.31,8.89
1963-11-17,30.37,16.48,10.87
1963-11-18,29.20,15.90,9.32
1963-11-19,29.91,22.03,14.14
1963-11-20,29.95,28.36,17.21
1963-11-21,31.17,28.23,10.98
1963-11-22,30.93,25.55,9.24
1963-11-23,31.35,24.15,11.08
1963-11-24,31.34,20.39,7.66
1963-11-25,31.99,21.42,8.43
1963-11-26,30.84,25.77,11.20
1963-11-27,29.95,24.09,12.03
1963-11-28,28.73,18.71,8.38
1963-11-29,30.10,19.87,7.03
1963-11-30,31.15,24.04,9.74
1963-12-01,30.99,25.12,14.85
1963-12-02,29.42,23.90,11.35
1963-12-03,29.11,24.27,13.26
1963-12-04,31.05,29.92,16.31
1963-12-05,29.31,31.92,17.89
1963-12-06,31.02,27.98,12.59
1963-12-07,32.28,26.84,10.25
1963-12-08,31.34,29.57,15.04
1963-12-09,32.17,27.93,17.95
1963-12-10,33.13,26.52,16.63
1963-12-11,31.78,26.96,12.56
1963-12-12,29.49,24.96,12.50
1963-12-13,31.22,28.65,12.88
1963-12-14,31.41,27.67,13.30
1963-12-15,32.25,28.12,14.07
1963-12-16,32.09,25.36,9.70
1963-12-17,31.00,27.40,9.32
1963-12-18,31.64,30.19,18.33
1963-12-19,31.80,31.05,19.89
1963-12-20,32.08,28.51,20.65
1963-12-21,32.21,28.90,21.63
1963-12-22,30.82,28.06,17.53
1963-12-23,30.33,29.95,19.51
1963-12-24,30.09,29.82,18.60
1963-12-25,28.46,28.49,20.38
1963-12-26,29.88,28.93,21.43
1963-12-27,32.02,29.09,20.00
1963-12-28,32.38,29.15,21.63
1963-12-29,30.40,29.48,16.25
1963-12-30,30.05,27.29,14.24
1963-12-31,30.96,26.61,11.55
1964-01-01,31.00,28.46,12.68
1964-01-02,29.37,29.23,17.45
1964-01-03,29.98,29.83,18.99
1964-01-04,31.30,30.59,19.24
1964-01-05,31.98,28.29,20.21
1964-01-06,29.97,28.96,18.99
1964-01-07,29.35,30.82,18.33
1964-01-08,31.50,31.48,21.31
1964-01-09,32.32,30.05,22.27
1964-01-10,29.92,30.26,19.91
1964-01-11,31.43,32.21,20.55
1964-01-12,31.25,31.14,23.77
1964-01-13,31.37,30.26,21.64
1964-01-14,32.32,31.51,20.73
1964-01-15,31.51,31.09,21.98
1964-01-16,32.41,31.97,24.89
1964-01-17,30.84,30.84,24.59
1964-01-18,30.12,26.16,18.39
1964-01-19,29.90,27.39,14.19
1964-01-20,31.11,33.80,21.72
1964-01-21,31.21,32.27,25.27
1964-01-22,32.86,29.19,24.27
1964-01-23,32.42,28.51,25.39
1964-01-24,31.66,28.37,20.73
1964-01-25,30.66,25.28,12.68
1964-01-26,31.50,26.41,12.33
1964-01-27,32.81,29.40,16.20
1964-01-28,30.71,26.08,11.42
1964-01-29,31.15,24.98,14.51
1964-01-30,31.18,28.53,15.69
1964-01-31,30.50,29.49,11.80
1964-02-01,32.69,30.66,15.61
1964-02-02,33.43,31.37,20.07
1964-02-03,32.67,28.14,17.64
1964-02-04,31.49,27.53,12.23
1964-02-05,31.20,28.66,11.12
1964-02-06,32.48,28.25,10.24
1964-02-07,31.88,27.17,11.02
1964-02-08,33.08,30.65,14.68
1964-02-09,31.81,25.86,12.95
1964-02-10,32.96,28.55,13.89
1964-02-11,31.38,30.86,15.31
1964-02-12,31.54,29.49,17.80
1964-02-13,31.50,28.49,16.98
1964-02-14,31.73,27.76,11.65
1964-02-15,30.65,27.48,13.97
1964-02-16,30.65,25.49,11.75
1964-02-17,31.79,26.72,17.68
1964-02-18,31.13,29.95,20.63
1964-02-19,33.04,26.44,22.70
1964-02-20,33.43,28.12,22.60
1964-02-21,30.85,28.17,17.84
1964-02-22,28.71,28.63,16.50
1964-02-23,30.80,28.03,17.16
1964-02-24,31.25,27.80,14.04
1964-02-25,30.99,23.20,18.02
1964-02-26,32.07,27.59,15.41
1964-02-27,32.14,28.73,15.55
1964-02-28,31.11,29.74,18.92
1964-02-29,33.27,27.39,10.75
1964-03-01,31.29,25.61,11.61
1964-03-02,32.36,23.76,11.11
1964-03-03,31.62,18.11,12.51
1964-03-04,31.23,22.59,13.93
1964-03-05,30.74,27.69,18.95
1964-03-06,32.82,29.41,22.21
1964-03-07,34.51,25.54,20.88
1964-03-08,33.23,18.61,17.68
1964-03-09,33.19,28.36,14.73
1964-03-10,31.23,28.25,13.66
1964-03-11,32.69,28.31,14.93
1964-03-12,31.62,27.64,14.71
1964-03-13,33.44,30.21,16.88
1964-03-14,32.63,31.52,22.11
1964-03-15,33.09,29.28,22.75
1964-03-16,33.22,29.05,23.75
1964-03-17,30.89,25.92,16.60
1964-03-18,30.52,25.28,14.52
1964-03-19,32.30,28.17,16.52
1964-03-20,30.54,25.07,17.31
1964-03-21,29.77,24.31,15.28
1964-03-22,31.14,23.17,11.88
1964-03-23,31.25,26.30,10.10
1964-03-24,29.20,27.46,11.83
1964-03-25,29.42,25.45,11.16
1964-03-26,30.88,27.24,9.43
1964-03-27,31.60,26.58,8.35
1964-03-28,31.63,26.43,9.77
1964-03-29,33.07,28.80,14.03
1964-03-30,32.81,26.73,17.99
1964-03-31,31.91,26.26,19.09
1964-04-01,31.69,24.77,18.58
1964-04-02,30.84,21.16,17.54
1964-04-03,30.85,21.48,14.00
1964-04-04,28.94,21.09,14.51
1964-04-05,27.78,19.66,11.61
1964-04-06,27.85,24.63,10.88
1964-04-07,28.97,22.27,10.02
1964-04-08,29.43,21.82,11.94
1964-04-09,28.78,22.10,12.46
1964-04-10,27.81,23.31,13.88
1964-04-11,28.15,21.36,9.14
1964-04-12,28.77,22.07,9.51
1964-04-13,27.36,25.34,9.69
1964-04-14,28.01,20.86,7.99
1964-04-15,29.26,19.61,8.81
1964-04-16,30.23,20.49,8.35
1964-04-17,28.59,24.75,7.63
1964-04-18,27.29,25.26,10.96
1964-04-19,28.27,22.68,14.70
1964-04-20,31.01,23.52,17.59
1964-04-21,30.89,22.98,16.39
1964-04-22,30.78,24.57,12.37
1964-04-23,32.30,21.98,10.64
1964-04-24,31.49,24.30,13.35
1964-04-25,30.10,20.14,14.70
1964-04-26,32.19,18.05,11.45
1964-04-27,30.41,22.39,12.88
1964-04-28,26.95,16.14,10.38
1964-04-29,26.78,14.65,12.55
1964-04-30,31.47,17.84,11.38
1964-05-01,31.51,21.63,13.22
1964-05-02,32.26,22.87,12.19
1964-05-03,28.40,20.74,8.10
1964-05-04,31.38,20.32,8.09
1964-05-05,30.23,23.33,9.30
1964-05-06,31.14,21.61,7.68
1964-05-07,30.74,26.05,10.90
1964-05-08,31.19,21.92,11.14
1964-05-09,32.07,17.14,9.94
1964-05-10,30.96,15.32,6.64
1964-05-11,28.70,18.78,8.51
1964-05-12,29.23,24.61,10.56
1964-05-13,30.00,23.50,9.39
1964-05-14,30.74,20.14,9.06
1964-05-15,31.64,19.20,8.02
1964-05-16,32.30,20.29,11.54
1964-05-17,32.11,15.83,6.98
1964-05-18,29.72,21.04,8.57
1964-05-19,26.43,21.56,7.95
1964-05-20,28.43,21.03,8.27
1964-05-21,29.20,21.55,7.64
1964-05-22,29.69,23.33,7.78
1964-05-23,31.22,21.36,10.12
1964-05-24,32.35,19.87,8.09
1964-05-25,29.88,19.37,8.15
1964-05-26,30.43,20.25,8.39
1964-05-27,29.68,22.86,10.49
1964-05-28,26.86,21.65,11.51
1964-05-29,27.60,20.56,11.91
1964-05-30,29.90,18.88,6.93
1964-05-31,30.63,15.07,6.90
1964-06-01,29.94,11.93,3.30
1964-06-02,29.42,9.58,3.93
1964-06-03,30.04,11.21,3.54
1964-06-04,31.18,14.14,2.90
1964-06-05,32.06,17.55,4.14
1964-06-06,29.21,18.38,7.73
1964-06-07,29.12,12.49,3.85
1964-06-08,29.70,9.30,2.50
1964-06-09,28.73,12.12,2.60
1964-06-10,27.78,13.30,1.73
1964-06-11,27.14,12.16,1.56
1964-06-12,30.79,12.90,2.66
1964-06-13,31.53,14.40,3.03
1964-06-14,29.86,14.39,5.23
1964-06-15,28.67,15.72,5.42
1964-06-16,26.60,17.40,2.13
1964-06-17,26.59,16.00,3.98
1964-06-18,26.93,15.13,3.92
1964-06-19,27.98,16.20,3.97
1964-06-20,27.81,16.64,2.89
1964-06-21,27.68,13.94,2.02
1964-06-22,25.82,9.03,1.25
1964-06-23,30.89,11.56,0.16
1964-06-24,31.05,12.28,1.05
1964-06-25,30.39,13.98,2.98
1964-06-26,29.39,16.52,3.71
1964-06-27,28.45,16.17,3.99
1964-06-28,27.11,16.39,3.87
1964-06-29,28.24,15.23,5.19
1964-06-30,29.35,14.46,5.09
1964-07-01,28.02,14.44,3.67
1964-07-02,25.43,14.31,3.02
1964-07-03,29.37,13.48,3.13
1964-07-04,29.22,12.07,3.23
1964-07-05,30.58,13.64,4.04
1964-07-06,27.95,13.78,2.81
1964-07-07,31.58,11.65,1.74
1964-07-08,32.33,14.35,3.98
1964-07-09,26.36,16.47,2.17
1964-07-10,28.69,16.09,3.11
1964-07-11,27.65,15.95,3.13
1964-07-12,29.14,18.28,4.96
1964-07-13,28.61,16.49,2.28
1964-07-14,28.16,13.50,0.51
1964-07-15,28.20,10.46,-0.73
1964-07-16,30.17,13.84,2.13
1964-07-17,28.55,17.70,4.62
1964-07-18,28.95,13.96,6.88
1964-07-19,27.32,17.65,7.27
1964-07-20,25.56,17.03,8.21
1964-07-21,28.36,16.49,5.93
1964-07-22,25.97,15.85,4.88
1964-07-23,26.39,15.35,2.41
1964-07-24,27.54,13.73,3.15
1964-07-25,27.79,16.19,6.29
1964-07-26,28.84,18.86,9.52
1964-07-27,29.84,18.55,10.16
1964-07-28,27.64,14.77,5.43
1964-07-29,28.29,14.27,2.06
1964-07-30,28.29,9.46,3.25
1964-07-31,28.91,13.29,5.06
1964-08-01,32.59,16.53,5.73
1964-08-02,35.51,16.82,4.14
1964-08-03,33.87,20.20,10.26
1964-08-04,31.94,20.10,8.95
1964-08-05,30.28,15.91,6.34
1964-08-06,30.07,10.93,2.83
1964-08-07,32.70,12.16,4.42
1964-08-08,32.29,17.02,4.60
1964-08-09,27.36,19.16,6.47
1964-08-10,28.27,18.54,6.99
1964-08-11,29.09,20.18,6.29
1964-08-12,29.88,18.73,4.43
1964-08-13,28.09,12.36,3.29
1964-08-14,25.22,12.07,2.19
1964-08-15,25.92,11.27,5.14
1964-08-16,26.68,12.88,4.66
1964-08-17,29.18,8.36,2.25
1964-08-18,28.07,8.00,0.41
1964-08-19,27.20,12.85,1.35
1964-08-20,27.73,15.55,5.42
1964-08-21,28.10,16.21,3.85
1964-08-22,27.49,19.38,7.49
1964-08-23,24.26,13.79,2.39
1964-08-24,29.72,15.50,2.63
1964-08-25,29.25,17.07,3.99
1964-08-26,28.16,18.09,3.35
1964-08-27,30.62,16.51,3.38
1964-08-28,28.06,10.20,3.37
1964-08-29,29.76,15.97,1.31
1964-08-30,28.27,14.67,1.14
1964-08-31,28.18,8.35,0.32
1964-09-01,29.45,13.17,1.70
1964-09-02,30.94,19.75,3.95
1964-09-03,31.12,19.66,3.12
1964-09-04,27.69,19.02,3.06
1964-09-05,29.39,18.92,4.15
1964-09-06,29.57,17.11,2.31
1964-09-07,30.12,17.22,3.27
1964-09-08,31.48,18.15,5.05
1964-09-09,33.06,19.55,7.02
1964-09-10,35.62,22.14,11.36
1964-09-11,31.55,26.61,15.17
1964-09-12,31.39,21.56,6.25
1964-09-13,32.64,20.29,7.28
1964-09-14,31.39,20.26,6.79
1964-09-15,30.43,14.33,4.07
1964-09-16,33.09,14.79,3.78
1964-09-17,31.73,20.87,4.21
1964-09-18,29.67,21.10,7.26
1964-09-19,30.50,22.46,10.37
1964-09-20,33.66,21.78,13.70
1964-09-21,33.06,24.13,15.57
1964-09-22,33.71,23.49,12.57
1964-09-23,34.88,23.63,12.65
1964-09-24,31.10,23.65,10.46
1964-09-25,30.49,21.43,6.66
1964-09-26,31.70,18.84,7.19
1964-09-27,32.33,18.50,8.61
1964-09-28,29.18,15.23,6.04
1964-09-29,29.27,13.18,3.09
1964-09-30,30.42,15.64,4.50
1964-10-01,29.77,20.88,8.44
1964-10-02,32.21,19.30,11.29
1964-10-03,32.49,26.72,13.62
1964-10-04,32.64,26.00,18.15
1964-10-05,31.19,24.40,14.67
1964-10-06,31.40,23.44,12.32
1964-10-07,30.92,24.68,16.68
1964-10-08,31.57,26.16,16.47
1964-10-09,33.28,24.46,18.79
1964-10-10,32.53,25.04,19.43
1964-10-11,33.28,25.88,20.98
1964-10-12,28.97,25.88,18.66
1964-10-13,29.21,24.38,16.44
1964-10-14,31.97,21.95,8.85
1964-10-15,33.42,27.74,17.34
1964-10-16,31.67,22.19,16.99
1964-10-17,29.52,17.70,20.42
1964-10-18,30.08,22.23,15.05
1964-10-19,28.75,19.49,15.04
1964-10-20,30.32,17.25,16.94
1964-10-21,31.54,25.06,13.80
1964-10-22,29.71,26.96,16.09
1964-10-23,32.32,23.79,9.10
1964-10-24,32.95,22.58,6.06
1964-10-25,33.25,19.33,5.46
1964-10-26,32.67,18.92,7.92
1964-10-27,30.12,20.09,5.64
1964-10-28,29.68,19.30,5.80
1964-10-29,30.79,23.38,6.59
1964-10-30,29.42,26.40,10.95
1964-10-31,31.32,28.47,18.64
1964-11-01,30.77,28.68,21.69
1964-11-02,28.05,24.42,11.99
1964-11-03,30.55,20.13,9.85
1964-11-04,29.35,22.62,9.66
1964-11-05,31.01,27.29,10.41
1964-11-06,31.59,27.36,10.92
1964-11-07,32.40,26.95,13.50
1964-11-08,33.17,28.48,17.04
1964-11-09,35.20,28.49,21.24
1964-11-10,33.89,27.68,15.45
1964-11-11,32.91,28.80,16.14
1964-11-12,34.12,25.63,12.32
1964-11-13,31.49,24.49,10.02
1964-11-14,31.25,23.30,8.97
1964-11-15,32.23,26.25,10.26
1964-11-16,31.03,25.24,10.74
1964-11-17,30.08,22.80,9.55
1964-11-18,30.79,28.74,10.43
1964-11-19,30.23,29.68,13.30
1964-11-20,32.56,29.37,15.78
1964-11-21,34.92,31.25,16.43
1964-11-22,33.62,29.57,19.52
1964-11-23,33.42,29.07,20.92
1964-11-24,31.98,30.29,23.41
1964-11-25,29.35,27.71,16.60
1964-11-26,29.61,24.34,12.98
1964-11-27,31.11,23.78,10.45
1964-11-28,31.38,23.52,11.60
1964-11-29,30.48,24.68,15.56
1964-11-30,30.16,22.64,15.07
1964-12-01,31.57,19.73,15.51
1964-12-02,30.79,27.52,17.07
1964-12-03,32.79,30.61,21.48
1964-12-04,34.45,27.54,19.28
1964-12-05,34.21,27.32,12.02
1964-12-06,32.04,27.16,13.65
1964-12-07,30.80,24.47,10.68
1964-12-08,29.43,26.76,12.79
1964-12-09,29.30,27.33,11.82
1964-12-10,30.68,24.95,9.53
1964-12-11,31.11,22.02,6.58
1964-12-12,31.80,25.89,10.22
1964-12-13,32.60,31.90,13.62
1964-12-14,33.84,31.43,18.45
1964-12-15,31.91,28.25,18.07
1964-12-16,32.89,28.28,22.69
1964-12-17,31.76,30.54,21.98
1964-12-18,32.89,29.25,16.89
1964-12-19,31.31,25.21,17.30
1964-12-20,28.70,23.78,18.31
1964-12-21,30.14,22.58,16.48
1964-12-22,30.00,22.80,15.16
1964-12-23,29.46,24.28,13.69
1964-12-24,30.11,27.06,14.43
1964-12-25,28.54,26.91,13.55
1964-12-26,28.40,26.62,15.77
1964-12-27,28.67,20.00,11.31
1964-12-28,30.96,27.21,16.22
1964-12-29,29.79,28.30,17.77
1964-12-30,31.39,25.66,15.16
1964-12-31,30.65,27.01,13.63
1965-01-01,29.65,29.34,12.72
1965-01-02,29.54,27.28,12.07
1965-01-03,30.84,30.62,12.06
1965-01-04,29.79,32.48,17.02
1965-01-05,29.60,31.44,17.84
1965-01-06,29.99,28.79,13.07
1965-01-07,30.36,28.96,13.81
1965-01-08,31.48,32.83,17.94
1965-01-09,29.74,31.04,18.43
1965-01-10,29.94,30.50,14.03
1965-01-11,30.71,29.31,17.57
1965-01-12,31.89,30.95,22.13
1965-01-13,31.94,29.83,22.20
1965-01-14,30.80,25.50,18.20
1965-01-15,31.33,25.44,22.13
1965-01-16,29.75,25.63,20.03
1965-01-17,29.94,28.10,18.52
1965-01-18,30.11,30.51,16.42
1965-01-19,30.38,29.33,15.92
1965-01-20,31.67,27.11,12.61
1965-01-21,29.78,27.93,16.61
1965-01-22,28.66,28.79,19.37
1965-01-23,27.69,30.57,20.60
1965-01-24,28.70,29.88,22.91
1965-01-25,27.36,29.66,21.45
1965-01-26,29.56,29.84,25.37
1965-01-27,27.66,23.91,25.61
1965-01-28,26.60,26.48,19.37
1965-01-29,28.39,27.27,16.14
1965-01-30,29.36,26.95,16.16
1965-01-31,29.40,26.79,12.26
1965-02-01,31.57,25.96,13.05
1965-02-02,31.48,25.02,12.68
1965-02-03,31.76,27.80,12.92
1965-02-04,29.81,30.41,18.30
1965-02-05,31.11,28.41,20.06
1965-02-06,31.78,28.18,16.01
1965-02-07,32.29,30.46,16.83
1965-02-08,31.98,31.12,16.81
1965-02-09,30.60,29.73,19.15
1965-02-10,32.60,29.28,16.07
1965-02-11,31.87,30.64,18.11
1965-02-12,30.29,27.70,13.60
1965-02-13,30.52,28.95,11.76
1965-02-14,30.60,29.70,11.31
1965-02-15,31.44,29.77,14.59
1965-02-16,33.18,30.43,16.16
1965-02-17,32.49,32.34,19.28
1965-02-18,31.35,30.35,21.35
1965-02-19,31.93,29.73,20.39
1965-02-20,30.69,29.89,17.26
1965-02-21,32.52,29.43,15.96
1965-02-22,32.59,30.17,14.07
1965-02-23,33.10,30.13,17.57
1965-02-24,34.51,29.23,15.37
1965-02-25,35.27,31.73,15.19
1965-02-26,32.38,29.69,11.97
1965-02-27,32.09,28.89,10.09
1965-02-28,31.75,31.61,15.71
1965-03-01,31.71,30.82,17.34
1965-03-02,32.49,30.50,19.50
1965-03-03,31.86,30.70,20.46
1965-03-04,32.11,29.26,13.93
1965-03-05,31.86,29.80,16.44
1965-03-06,32.02,28.96,17.09
1965-03-07,31.90,29.34,18.37
1965-03-08,32.19,29.35,24.12
1965-03-09,31.29,28.52,23.83
1965-03-10,30.83,27.66,19.12
1965-03-11,31.84,27.66,16.01
1965-03-12,32.31,28.22,14.12
1965-03-13,32.53,29.78,17.78
1965-03-14,32.91,27.91,17.11
1965-03-15,31.46,26.46,17.55
1965-03-16,30.38,24.85,21.04
1965-03-17,31.06,26.78,21.95
1965-03-18,30.91,29.22,20.50
1965-03-19,30.73,26.34,15.36
1965-03-20,32.34,26.29,20.13
1965-03-21,30.82,30.10,22.70
1965-03-22,30.48,26.78,20.98
1965-03-23,30.43,26.07,15.92
1965-03-24,31.59,29.36,18.38
1965-03-25,30.44,31.44,21.00
1965-03-26,30.08,29.66,18.97
1965-03-27,30.94,28.94,22.59
1965-03-28,30.09,27.43,20.29
1965-03-29,30.43,26.44,14.31
1965-03-30,30.97,28.41,17.49
1965-03-31,33.08,29.83,19.02
1965-04-01,33.89,29.05,18.88
1965-04-02,32.44,27.34,14.13
1965-04-03,33.06,27.19,18.02
1965-04-04,31.67,27.36,13.82
1965-04-05,30.93,24.06,12.78
1965-04-06,29.62,17.07,11.20
1965-04-07,30.17,19.32,11.25
1965-04-08,30.55,19.75,9.66
1965-04-09,29.72,19.89,11.94
1965-04-10,27.75,16.04,9.82
1965-04-11,29.27,18.05,11.30
1965-04-12,30.87,14.83,12.57
1965-04-13,32.66,13.23,9.57
1965-04-14,33.46,14.31,9.34
1965-04-15,32.91,20.72,8.67
1965-04-16,30.45,20.39,8.49
1965-04-17,28.19,20.50,10.65
1965-04-18,28.04,21.90,11.24
1965-04-19,30.86,19.43,10.81
1965-04-20,30.09,21.48,11.06
1965-04-21,32.16,25.62,13.95
1965-04-22,32.76,17.38,8.63
1965-04-23,31.32,22.00,10.66
1965-04-24,28.29,23.04,8.33
1965-04-25,29.09,19.93,9.90
1965-04-26,29.35,22.26,12.09
1965-04-27,29.69,20.49,11.23
1965-04-28,31.16,23.45,12.31
1965-04-29,31.09,24.01,14.10
1965-04-30,30.78,21.05,11.83
1965-05-01,30.76,18.41,7.81
1965-05-02,29.91,19.00,10.17
1965-05-03,31.11,18.56,9.36
1965-05-04,28.40,16.66,8.46
1965-05-05,30.78,17.61,6.09
1965-05-06,32.26,18.48,8.02
1965-05-07,31.75,16.68,10.07
1965-05-08,29.91,18.12,7.99
1965-05-09,28.00,17.68,9.21
1965-05-10,28.43,17.16,7.32
1965-05-11,29.08,18.75,10.01
1965-05-12,29.44,15.64,8.61
1965-05-13,27.71,13.07,5.47
1965-05-14,28.20,12.38,3.79
1965-05-15,29.31,9.64,4.03
1965-05-16,30.39,10.91,4.98
1965-05-17,31.58,14.21,2.92
1965-05-18,31.76,13.93,3.77
1965-05-19,31.36,17.54,4.35
1965-05-20,29.71,19.37,6.09
1965-05-21,27.65,19.60,9.56
1965-05-22,29.72,19.33,5.97
1965-05-23,32.44,20.05,9.31
1965-05-24,30.56,20.36,8.99
1965-05-25,30.71,20.68,6.77
1965-05-26,27.57,20.89,8.00
1965-05-27,28.98,20.68,8.95
1965-05-28,31.33,17.34,6.97
1965-05-29,30.49,15.59,6.86
1965-05-30,30.34,15.75,8.14
1965-05-31,29.93,15.82,7.41
1965-06-01,29.03,17.82,7.85
1965-06-02,30.23,20.52,9.19
1965-06-03,29.29,20.76,8.11
1965-06-04,29.95,22.65,11.35
1965-06-05,30.31,17.59,10.94
1965-06-06,30.76,17.18,8.86
1965-06-07,30.63,16.21,8.58
1965-06-08,26.86,13.18,7.81
1965-06-09,28.95,16.42,7.96
1965-06-10,28.84,18.03,11.07
1965-06-11,27.96,18.09,9.46
1965-06-12,26.62,13.88,6.04
1965-06-13,29.27,16.45,5.12
1965-06-14,30.73,16.85,6.34
1965-06-15,31.21,16.06,6.75
1965-06-16,30.69,18.00,8.38
1965-06-17,31.76,20.89,8.68
1965-06-18,30.84,21.91,11.64
1965-06-19,30.17,20.92,12.13
1965-06-20,29.52,18.34,11.13
1965-06-21,29.59,13.18,6.48
1965-06-22,30.08,15.04,6.00
1965-06-23,29.03,13.20,6.70
1965-06-24,29.12,11.62,5.25
1965-06-25,31.59,14.90,5.80
1965-06-26,31.60,15.47,5.68
1965-06-27,29.37,15.42,8.23
1965-06-28,29.57,14.36,4.45
1965-06-29,28.08,13.96,4.79
1965-06-30,29.59,14.08,6.42
1965-07-01,27.59,13.56,4.91
1965-07-02,26.34,13.57,3.21
1965-07-03,26.68,9.93,1.38
1965-07-04,26.79,11.37,2.93
1965-07-05,26.96,13.18,3.28
1965-07-06,30.24,14.82,4.48
1965-07-07,30.75,14.61,3.33
1965-07-08,29.28,13.36,2.46
1965-07-09,29.41,13.29,1.04
1965-07-10,31.12,16.15,2.56
1965-07-11,29.61,13.90,1.29
1965-07-12,30.19,8.34,0.75
1965-07-13,31.12,9.04,2.83
1965-07-14,29.83,13.44,1.20
1965-07-15,28.29,15.76,0.01
1965-07-16,31.25,14.07,3.24
1965-07-17,30.10,8.75,2.83
1965-07-18,28.22,9.96,6.55
1965-07-19,31.76,13.56,2.67
1965-07-20,31.58,17.14,7.80
1965-07-21,30.06,14.37,3.09
1965-07-22,28.86,12.50,4.29
1965-07-23,30.33,12.44,4.36
1965-07-24,33.34,11.19,1.98
1965-07-25,27.16,11.82,2.39
1965-07-26,32.24,14.44,4.83
1965-07-27,29.14,12.47,2.87
1965-07-28,28.85,17.38,3.70
1965-07-29,31.67,18.62,6.92
1965-07-30,31.65,15.66,2.22
1965-07-31,29.15,14.88,0.99
1965-08-01,27.49,10.47,0.41
1965-08-02,26.54,13.79,-0.29
1965-08-03,30.22,16.31,1.99
1965-08-04,29.86,18.97,4.27
1965-08-05,31.54,18.63,7.78
1965-08-06,31.54,13.99,3.24
1965-08-07,30.06,13.70,5.42
1965-08-08,33.56,15.75,5.78
1965-08-09,30.20,11.88,6.68
1965-08-10,32.91,11.66,3.28
1965-08-11,32.75,8.78,2.62
1965-08-12,30.92,10.70,2.09
1965-08-13,30.82,9.68,1.05
1965-08-14,31.39,12.17,0.21
1965-08-15,29.24,8.98,0.78
1965-08-16,27.29,10.49,0.99
1965-08-17,26.34,11.56,2.35
1965-08-18,25.71,12.46,4.17
1965-08-19,29.93,16.79,8.62
1965-08-20,30.91,19.51,6.48
1965-08-21,29.96,18.85,4.74
1965-08-22,31.63,15.49,4.33
1965-08-23,30.72,14.15,3.12
1965-08-24,30.17,15.37,4.71
1965-08-25,30.38,14.68,4.45
1965-08-26,28.21,15.60,6.36
1965-08-27,28.73,16.74,6.18
1965-08-28,26.53,11.31,8.53
1965-08-29,29.54,14.90,7.50
1965-08-30,28.95,17.34,9.17
1965-08-31,28.28,15.43,4.92
1965-09-01,26.90,16.64,2.29
1965-09-02,27.81,18.80,2.28
1965-09-03,31.16,13.72,2.27
1965-09-04,29.18,10.03,5.54
1965-09-05,26.82,14.51,6.80
1965-09-06,28.16,17.23,8.75
1965-09-07,27.35,15.32,3.83
1965-09-08,25.52,12.40,4.34
1965-09-09,27.02,14.44,2.63
1965-09-10,30.34,12.53,3.65
1965-09-11,30.89,17.97,3.62
1965-09-12,31.49,20.30,4.49
1965-09-13,31.21,16.46,4.62
1965-09-14,30.65,21.92,8.72
1965-09-15,32.93,16.86,2.86
1965-09-16,34.17,13.83,7.80
1965-09-17,34.84,15.55,9.69
1965-09-18,34.41,19.53,10.58
1965-09-19,33.61,23.60,6.94
1965-09-20,33.21,25.36,8.20
1965-09-21,33.62,23.85,8.78
1965-09-22,33.19,22.72,9.65
1965-09-23,31.93,19.79,5.61
1965-09-24,31.93,15.98,6.98
1965-09-25,30.78,20.47,9.05
1965-09-26,31.33,20.86,6.69
1965-09-27,30.89,22.11,9.91
1965-09-28,27.82,16.28,6.68
1965-09-29,27.11,14.48,5.88
1965-09-30,29.90,18.56,7.15
1965-10-01,32.47,22.27,11.72
1965-10-02,31.43,23.09,11.84
1965-10-03,31.00,21.16,6.65
1965-10-04,31.52,20.66,6.29
1965-10-05,29.62,17.67,8.34
1965-10-06,31.64,16.03,7.69
1965-10-07,30.03,16.09,5.72
1965-10-08,30.09,16.35,5.66
1965-10-09,26.20,19.04,6.86
1965-10-10,33.12,21.52,12.58
1965-10-11,32.88,22.75,12.57
1965-10-12,32.55,22.72,8.78
1965-10-13,33.38,25.49,14.12
1965-10-14,32.92,27.29,13.07
1965-10-15,32.81,25.46,8.01
1965-10-16,32.12,18.84,7.15
1965-10-17,31.67,15.72,6.74
1965-10-18,32.59,15.65,6.75
1965-10-19,34.25,20.39,6.60
1965-10-20,33.05,18.03,12.67
1965-10-21,34.51,18.23,14.04
1965-10-22,31.50,17.74,10.65
1965-10-23,33.35,15.49,8.02
1965-10-24,36.28,23.54,7.88
1965-10-25,31.93,25.39,11.83
1965-10-26,31.90,17.19,7.05
1965-10-27,29.68,17.93,8.10
1965-10-28,26.49,23.29,10.90
1965-10-29,28.41,27.76,19.71
1965-10-30,32.04,24.61,20.18
1965-10-31,33.32,23.52,15.81
1965-11-01,31.64,22.82,12.17
1965-11-02,32.70,21.52,8.75
1965-11-03,32.99,25.49,14.36
1965-11-04,34.13,24.90,13.38
1965-11-05,35.85,25.34,14.12
1965-11-06,36.49,24.39,18.73
1965-11-07,36.22,25.82,15.56
1965-11-08,32.97,27.19,17.01
1965-11-09,33.72,24.05,11.77
1965-11-10,34.17,22.46,11.71
1965-11-11,32.91,21.24,17.50
1965-11-12,33.16,18.41,19.20
1965-11-13,29.89,24.65,17.37
1965-11-14,34.12,27.09,17.66
1965-11-15,34.00,27.31,20.80
1965-11-16,33.46,28.36,20.94
1965-11-17,35.66,27.35,23.30
1965-11-18,35.56,26.70,19.56
1965-11-19,34.12,24.09,12.95
1965-11-20,34.28,27.41,13.60
1965-11-21,30.86,25.94,13.83
1965-11-22,29.06,18.90,8.45
1965-11-23,29.79,21.37,8.13
1965-11-24,29.32,23.75,7.78
1965-11-25,29.68,23.86,6.82
1965-11-26,29.49,20.60,7.62
1965-11-27,29.25,24.30,9.48
1965-11-28,30.36,22.79,9.71
1965-11-29,30.80,14.91,8.56
1965-11-30,30.99,24.85,10.31
1965-12-01,31.50,25.91,12.65
1965-12-02,33.06,26.64,10.22
1965-12-03,29.92,26.60,9.96
1965-12-04,29.74,26.52,8.91
1965-12-05,32.11,27.34,8.98
1965-12-06,33.33,27.23,9.69
1965-12-07,32.95,27.91,8.41
1965-12-08,33.56,27.52,8.97
1965-12-09,34.20,21.62,7.54
1965-12-10,34.49,17.85,9.71
1965-12-11,32.24,21.75,9.05
1965-12-12,30.99,22.29,8.80
1965-12-13,31.42,26.75,11.96
1965-12-14,32.26,28.48,14.84
1965-12-15,30.30,29.93,16.10
1965-12-16,31.14,29.07,12.56
1965-12-17,32.77,27.51,12.32
1965-12-18,32.76,23.55,10.79
1965-12-19,32.97,21.13,9.73
1965-12-20,33.29,25.05,13.46
1965-12-21,32.84,29.82,21.41
1965-12-22,33.84,28.30,22.45
1965-12-23,33.05,25.68,16.96
1965-12-24,31.73,22.93,13.73
1965-12-25,30.94,27.10,11.44
1965-12-26,32.34,29.43,13.30
1965-12-27,34.71,29.09,21.87
1965-12-28,34.73,30.05,24.86
1965-12-29,33.88,29.01,19.09
1965-12-30,33.77,28.72,18.75
1965-12-31,32.71,29.06,17.11
1966-01-01,29.86,28.21,22.29
1966-01-02,31.09,29.12,18.63
1966-01-03,31.86,31.21,18.55
1966-01-04,32.00,30.62,18.43
1966-01-05,32.05,30.24,17.76
1966-01-06,30.51,29.05,17.33
1966-01-07,30.83,30.75,15.70
1966-01-08,30.49,30.69,17.16
1966-01-09,31.27,32.05,22.13
1966-01-10,30.86,29.68,25.75
1966-01-11,31.45,28.63,23.03
1966-01-12,33.12,30.55,24.48
1966-01-13,31.06,30.23,24.45
1966-01-14,30.25,29.36,24.11
1966-01-15,30.50,28.61,18.10
1966-01-16,31.36,27.75,15.17
1966-01-17,31.98,28.95,18.43
1966-01-18,31.43,28.83,13.56
1966-01-19,31.86,28.62,12.56
1966-01-20,32.66,29.34,13.13
1966-01-21,32.06,30.51,14.03
1966-01-22,32.84,29.63,13.83
1966-01-23,34.45,28.89,13.59
1966-01-24,34.81,31.05,20.03
1966-01-25,34.83,31.80,27.50
1966-01-26,33.97,28.72,25.07
1966-01-27,32.37,28.09,17.07
1966-01-28,31.57,27.89,14.16
1966-01-29,31.02,28.98,13.44
1966-01-30,31.12,29.93,16.11
1966-01-31,31.49,27.45,12.66
1966-02-01,32.44,27.34,13.45
1966-02-02,32.92,31.43,14.10
1966-02-03,33.38,30.11,10.36
1966-02-04,33.66,29.02,10.48
1966-02-05,33.63,27.63,12.04
1966-02-06,33.26,27.34,12.78
1966-02-07,31.81,26.73,14.61
1966-02-08,31.14,27.40,15.01
1966-02-09,31.71,26.81,19.49
1966-02-10,31.71,23.38,13.44
1966-02-11,29.90,28.46,16.75
1966-02-12,30.75,28.37,20.19
1966-02-13,32.31,29.49,23.93
1966-02-14,33.39,29.21,18.52
1966-02-15,32.67,28.98,20.89
1966-02-16,30.76,26.08,22.90
1966-02-17,30.60,25.66,20.90
1966-02-18,31.10,27.72,17.73
1966-02-19,34.56,30.16,21.86
1966-02-20,32.70,28.72,18.72
1966-02-21,33.25,28.60,20.80
1966-02-22,33.31,29.26,16.68
1966-02-23,34.12,29.00,11.95
1966-02-24,32.82,30.75,16.02
1966-02-25,32.89,28.99,20.39
1966-02-26,33.15,26.93,16.64
1966-02-27,33.51,26.95,16.47
1966-02-28,33.44,27.47,20.15
1966-03-01,31.82,22.96,12.12
1966-03-02,30.14,23.23,11.02
1966-03-03,29.32,26.46,12.50
1966-03-04,29.57,25.99,14.90
1966-03-05,30.38,29.70,20.61
1966-03-06,29.75,26.88,20.00
1966-03-07,30.76,25.92,18.52
1966-03-08,30.55,27.73,22.15
1966-03-09,30.06,27.22,25.42
1966-03-10,30.81,27.45,21.56
1966-03-11,31.75,26.55,19.13
1966-03-12,32.46,26.46,13.72
1966-03-13,31.47,26.76,13.62
1966-03-14,29.95,23.27,11.65
1966-03-15,32.14,25.45,11.98
1966-03-16,31.10,22.64,11.54
1966-03-17,29.58,23.70,9.06
1966-03-18,27.64,25.54,13.87
1966-03-19,27.46,24.12,11.02
1966-03-20,28.00,20.08,10.02
1966-03-21,28.82,24.38,10.98
1966-03-22,29.45,25.10,11.00
1966-03-23,31.37,26.57,11.50
1966-03-24,32.22,27.21,11.06
1966-03-25,33.74,30.88,17.09
1966-03-26,31.88,27.24,18.49
1966-03-27,31.70,25.58,18.99
1966-03-28,30.77,26.37,22.30
1966-03-29,30.73,24.25,17.91
1966-03-30,30.43,21.93,16.53
1966-03-31,30.77,23.34,20.31
1966-04-01,30.98,20.67,18.71
1966-04-02,31.68,19.43,18.08
1966-04-03,31.25,18.81,18.29
1966-04-04,30.54,21.93,14.06
1966-04-05,31.06,23.59,16.41
1966-04-06,30.65,21.85,10.28
1966-04-07,30.47,21.99,12.57
1966-04-08,28.80,23.46,14.23
1966-04-09,27.40,19.55,12.98
1966-04-10,28.13,20.50,12.20
1966-04-11,27.55,19.15,10.93
1966-04-12,25.38,20.00,11.23
1966-04-13,27.50,23.36,8.57
1966-04-14,28.63,22.98,12.01
1966-04-15,27.16,22.32,9.56
1966-04-16,25.72,21.36,9.79
1966-04-17,25.14,17.84,7.93
1966-04-18,28.20,15.19,11.91
1966-04-19,32.76,24.06,13.34
1966-04-20,31.63,22.81,16.17
1966-04-21,34.44,21.05,12.56
1966-04-22,33.16,17.07,9.99
1966-04-23,31.89,25.17,13.93
1966-04-24,28.85,25.78,15.22
1966-04-25,29.10,24.03,16.51
1966-04-26,29.07,21.23,9.97
1966-04-27,29.21,21.77,10.74
1966-04-28,30.48,22.48,14.01
1966-04-29,31.93,20.54,11.57
1966-04-30,30.90,19.41,10.16
1966-05-01,30.90,17.75,9.01
1966-05-02,32.16,23.02,10.80
1966-05-03,31.93,24.31,13.99
1966-05-04,31.80,21.51,15.56
1966-05-05,30.75,21.82,12.40
1966-05-06,32.47,22.76,11.86
1966-05-07,32.23,23.41,12.50
1966-05-08,32.66,21.87,9.03
1966-05-09,31.70,21.96,10.73
1966-05-10,29.64,19.17,9.65
1966-05-11,28.30,16.48,9.48
1966-05-12,30.48,18.62,5.57
1966-05-13,29.79,19.15,7.39
1966-05-14,30.62,20.88,9.41
1966-05-15,29.51,20.02,7.19
1966-05-16,31.82,22.25,8.79
1966-05-17,29.38,22.89,9.40
1966-05-18,31.25,22.23,10.31
1966-05-19,31.52,19.89,8.23
1966-05-20,31.48,16.73,7.76
1966-05-21,29.49,16.30,6.00
1966-05-22,29.36,17.70,7.50
1966-05-23,32.04,22.73,7.11
1966-05-24,26.39,20.63,10.09
1966-05-25,28.05,15.14,7.31
1966-05-26,28.44,15.91,7.05
1966-05-27,29.61,19.95,8.76
1966-05-28,28.48,20.69,6.33
1966-05-29,30.81,20.54,5.40
1966-05-30,28.61,21.90,8.82
1966-05-31,27.91,23.74,13.11
1966-06-01,28.16,23.91,14.73
1966-06-02,29.49,22.05,12.14
1966-06-03,30.24,21.40,11.20
1966-06-04,29.67,21.27,10.18
1966-06-05,28.76,16.68,7.56
1966-06-06,28.16,16.14,5.47
1966-06-07,30.65,13.10,4.42
1966-06-08,29.36,15.99,5.46
1966-06-09,28.85,16.00,6.24
1966-06-10,27.08,9.46,3.75
1966-06-11,27.52,9.59,3.06
1966-06-12,28.66,10.36,2.27
1966-06-13,28.14,9.46,3.48
1966-06-14,27.57,8.32,2.16
1966-06-15,30.24,8.55,2.28
1966-06-16,27.74,8.02,3.54
1966-06-17,30.05,13.54,3.61
1966-06-18,30.12,17.17,2.48
1966-06-19,28.66,15.90,5.06
1966-06-20,28.64,13.42,6.44
1966-06-21,24.25,10.20,4.21
1966-06-22,20.59,9.58,2.46
1966-06-23,21.68,12.79,2.85
1966-06-24,25.55,15.94,4.73
1966-06-25,29.34,12.47,3.90
1966-06-26,30.74,11.19,2.00
1966-06-27,25.46,5.76,1.79
1966-06-28,19.48,9.89,1.25
1966-06-29,22.22,11.86,1.69
1966-06-30,28.71,13.32,3.61
1966-07-01,30.19,14.92,2.59
1966-07-02,30.84,15.07,3.81
1966-07-03,31.02,16.47,4.28
1966-07-04,29.90,15.69,3.75
1966-07-05,27.55,13.79,5.55
1966-07-06,28.37,12.47,2.58
1966-07-07,27.43,16.39,2.32
1966-07-08,27.93,16.88,4.51
1966-07-09,28.29,16.16,3.03
1966-07-10,26.88,13.54,5.36
1966-07-11,26.91,8.44,2.50
1966-07-12,28.47,10.55,1.49
1966-07-13,29.25,12.49,3.66
1966-07-14,30.16,14.26,1.52
1966-07-15,30.23,14.62,0.84
1966-07-16,27.09,13.56,3.45
1966-07-17,28.50,14.31,3.84
1966-07-18,28.91,12.26,3.73
1966-07-19,28.82,8.29,1.29
1966-07-20,27.87,10.70,0.72
1966-07-21,27.77,11.46,1.84
1966-07-22,28.19,13.93,2.08
1966-07-23,29.66,13.89,1.25
1966-07-24,28.27,14.97,2.94
1966-07-25,29.78,16.72,4.06
1966-07-26,29.30,13.27,6.01
1966-07-27,29.07,12.52,6.95
1966-07-28,27.64,12.96,6.52
1966-07-29,28.68,10.19,3.14
1966-07-30,29.55,11.92,1.31
1966-07-31,29.51,15.47,2.19
1966-08-01,28.80,15.51,4.04
1966-08-02,29.02,10.33,1.28
1966-08-03,25.00,8.44,1.74
1966-08-04,30.21,8.96,2.21
1966-08-05,30.90,12.44,2.54
1966-08-06,29.14,15.71,6.68
1966-08-07,29.48,19.91,7.59
1966-08-08,31.31,17.91,9.55
1966-08-09,30.87,17.02,10.64
1966-08-10,31.43,15.04,7.45
1966-08-11,30.95,9.93,4.85
1966-08-12,28.86,8.84,6.27
1966-08-13,26.96,11.38,5.54
1966-08-14,29.55,12.90,3.61
1966-08-15,29.32,15.37,5.27
1966-08-16,27.70,17.55,6.32
1966-08-17,26.37,10.69,4.28
1966-08-18,29.33,12.51,2.24
1966-08-19,28.40,17.25,5.63
1966-08-20,29.59,15.88,3.89
1966-08-21,28.22,15.91,5.48
1966-08-22,29.80,17.64,8.71
1966-08-23,31.80,19.62,9.85
1966-08-24,31.34,21.38,10.55
1966-08-25,30.99,20.58,12.47
1966-08-26,29.69,13.42,5.53
1966-08-27,31.75,13.00,2.54
1966-08-28,29.00,15.34,4.14
1966-08-29,28.17,17.11,4.00
1966-08-30,28.23,11.90,2.37
1966-08-31,26.38,8.71,1.88
1966-09-01,26.55,11.31,2.43
1966-09-02,29.31,13.22,1.59
1966-09-03,31.46,16.74,7.37
1966-09-04,29.67,17.19,9.97
1966-09-05,30.80,17.62,8.21
1966-09-06,24.28,18.71,5.28
1966-09-07,29.46,13.91,4.48
1966-09-08,28.42,14.48,7.09
1966-09-09,30.32,17.80,4.14
1966-09-10,29.49,19.25,5.61
1966-09-11,30.82,19.10,2.45
1966-09-12,30.95,19.93,4.98
1966-09-13,31.07,19.58,7.65
1966-09-14,33.17,14.96,11.49
1966-09-15,32.52,17.82,7.91
1966-09-16,33.09,20.74,9.11
1966-09-17,31.42,18.67,7.00
1966-09-18,29.00,13.77,7.36
1966-09-19,31.09,15.11,9.46
1966-09-20,31.92,21.59,9.50
1966-09-21,33.48,24.74,12.16
1966-09-22,31.90,23.67,12.18
1966-09-23,31.65,22.75,11.00
1966-09-24,31.73,21.73,8.61
1966-09-25,33.68,19.12,11.86
1966-09-26,34.12,22.70,16.45
1966-09-27,31.71,20.86,9.47
1966-09-28,31.10,18.84,6.28
1966-09-29,30.65,16.44,5.08
1966-09-30,29.74,12.94,4.64
1966-10-01,29.92,16.14,8.40
1966-10-02,27.85,14.36,7.61
1966-10-03,28.08,18.78,8.54
1966-10-04,28.45,19.23,10.62
1966-10-05,28.80,17.48,12.74
1966-10-06,30.58,21.70,5.54
1966-10-07,32.66,20.67,7.26
1966-10-08,33.68,25.37,11.22
1966-10-09,33.86,26.12,9.62
1966-10-10,33.41,17.64,7.50
1966-10-11,33.73,21.00,7.55
1966-10-12,32.45,21.68,4.92
1966-10-13,31.95,21.48,5.75
1966-10-14,31.59,22.81,6.34
1966-10-15,33.14,24.37,13.04
1966-10-16,32.56,25.17,13.04
1966-10-17,31.40,25.21,13.59
1966-10-18,30.43,24.60,14.12
1966-10-19,31.34,21.71,14.96
1966-10-20,31.63,19.33,10.53
1966-10-21,30.55,13.64,8.69
1966-10-22,31.63,20.90,8.91
1966-10-23,31.68,26.32,8.36
1966-10-24,31.41,26.57,8.65
1966-10-25,31.60,19.13,6.52
1966-10-26,32.44,14.94,5.87
1966-10-27,30.62,21.02,6.38
1966-10-28,31.46,22.36,9.97
1966-10-29,34.60,26.68,16.72
1966-10-30,34.05,26.76,20.36
1966-10-31,32.66,28.00,16.89
1966-11-01,33.52,24.58,11.32
1966-11-02,33.21,23.52,12.56
1966-11-03,32.17,22.10,14.66
1966-11-04,31.65,19.56,16.52
1966-11-05,31.38,18.68,16.30
1966-11-06,30.83,18.85,12.54
1966-11-07,29.87,18.30,15.77
1966-11-08,31.27,19.29,11.23
1966-11-09,32.30,21.80,15.77
1966-11-10,32.16,21.34,12.37
1966-11-11,31.88,24.71,11.21
1966-11-12,32.13,23.63,14.52
1966-11-13,31.30,23.00,8.36
1966-11-14,27.69,17.44,10.32
1966-11-15,26.15,21.03,11.48
1966-11-16,28.37,23.93,13.71
1966-11-17,30.25,28.72,20.69
1966-11-18,30.27,27.27,21.80
1966-11-19,32.94,25.38,14.06
1966-11-20,33.14,28.06,19.27
1966-11-21,32.80,26.50,14.72
1966-11-22,31.89,26.41,14.96
1966-11-23,30.71,28.74,20.77
1966-11-24,31.07,27.55,15.38
1966-11-25,31.49,27.32,14.28
1966-11-26,30.67,28.63,19.47
1966-11-27,30.49,26.29,13.73
1966-11-28,31.88,24.21,13.83
1966-11-29,28.64,22.87,10.72
1966-11-30,30.43,25.07,9.98
1966-12-01,31.36,25.14,8.52
1966-12-02,31.87,23.22,9.04
1966-12-03,28.70,20.24,8.78
1966-12-04,28.41,19.22,8.19
1966-12-05,27.98,23.73,6.83
1966-12-06,31.45,22.17,7.02
1966-12-07,29.58,26.38,9.34
1966-12-08,30.46,25.41,11.50
1966-12-09,29.94,22.98,9.00
1966-12-10,30.72,20.89,8.48
1966-12-11,28.17,20.49,9.26
1966-12-12,29.40,21.94,12.15
1966-12-13,29.74,21.36,9.41
1966-12-14,29.73,28.12,14.24
1966-12-15,28.74,26.36,13.65
1966-12-16,27.48,26.63,11.71
1966-12-17,28.30,24.88,12.31
1966-12-18,29.34,24.80,15.16
1966-12-19,30.05,24.08,13.43
1966-12-20,29.22,20.53,12.95
1966-12-21,27.37,27.60,18.46
1966-12-22,28.52,23.95,20.68
1966-12-23,29.82,24.64,24.43
1966-12-24,30.99,25.78,24.88
1966-12-25,31.82,27.76,20.41
1966-12-26,31.77,29.65,22.12
1966-12-27,29.58,29.37,19.29
1966-12-28,31.82,26.32,18.91
1966-12-29,31.54,28.01,18.56
1966-12-30,31.38,28.46,24.06
1966-12-31,31.35,30.35,23.56
1967-01-01,30.32,30.37,16.58
1967-01-02,29.89,26.73,16.41
1967-01-03,31.58,28.62,16.65
1967-01-04,30.68,28.48,17.52
1967-01-05,30.77,29.66,14.96
1967-01-06,31.28,27.64,16.02
1967-01-07,30.40,26.57,14.72
1967-01-08,30.76,28.29,15.06
1967-01-09,31.12,31.91,17.52
1967-01-10,31.18,29.32,17.08
1967-01-11,31.39,29.42,16.20
1967-01-12,31.42,29.80,14.80
1967-01-13,31.69,29.32,16.37
1967-01-14,31.83,27.10,13.25
1967-01-15,30.65,28.75,13.55
1967-01-16,30.94,26.70,12.62
1967-01-17,30.70,25.36,11.02
1967-01-18,30.91,23.02,10.24
1967-01-19,30.08,22.06,12.02
1967-01-20,31.08,26.68,14.84
1967-01-21,31.33,29.89,20.34
1967-01-22,30.02,30.00,25.79
1967-01-23,31.17,26.07,25.32
1967-01-24,30.61,27.51,18.78
1967-01-25,30.70,27.16,19.27
1967-01-26,31.62,28.91,17.46
1967-01-27,31.33,31.18,19.96
1967-01-28,30.41,32.28,24.11
1967-01-29,31.39,29.34,22.44
1967-01-30,29.81,27.48,16.22
1967-01-31,31.29,27.09,12.99
1967-02-01,31.83,27.42,13.33
1967-02-02,32.32,30.99,19.15
1967-02-03,30.77,29.61,19.92
1967-02-04,32.77,27.82,17.76
1967-02-05,29.62,28.85,18.03
1967-02-06,30.68,30.39,17.93
1967-02-07,30.34,31.40,20.09
1967-02-08,28.20,26.74,20.83
1967-02-09,29.40,26.20,14.48
1967-02-10,30.87,26.08,12.93
1967-02-11,30.81,26.87,15.89
1967-02-12,31.09,27.48,17.73
1967-02-13,29.64,28.54,22.78
1967-02-14,30.38,26.59,17.51
1967-02-15,30.57,25.19,9.75
1967-02-16,30.78,25.85,12.86
1967-02-17,31.45,27.27,15.36
1967-02-18,30.93,28.80,18.10
1967-02-19,31.56,27.72,15.43
1967-02-20,30.89,28.96,18.16
1967-02-21,30.57,27.27,17.45
1967-02-22,30.66,27.11,15.28
1967-02-23,30.54,26.57,14.02
1967-02-24,30.23,27.63,17.84
1967-02-25,30.45,28.11,24.46
1967-02-26,30.18,24.93,21.10
1967-02-27,29.78,27.23,16.69
1967-02-28,30.95,27.65,21.80
1967-03-01,31.42,25.23,24.19
1967-03-02,31.15,24.87,27.88
1967-03-03,31.73,25.91,20.67
1967-03-04,31.71,27.79,19.72
1967-03-05,31.57,28.45,20.02
1967-03-06,31.94,28.20,14.53
1967-03-07,31.29,29.25,13.44
1967-03-08,32.67,27.55,14.62
1967-03-09,32.64,27.24,11.49
1967-03-10,32.15,29.92,16.49
1967-03-11,31.71,28.14,17.36
1967-03-12,32.38,29.14,21.00
1967-03-13,32.47,28.95,22.39
1967-03-14,32.10,27.57,22.93
1967-03-15,32.02,26.80,22.88
1967-03-16,32.04,22.85,12.09
1967-03-17,31.42,23.48,11.71
1967-03-18,29.70,24.58,14.03
1967-03-19,29.93,21.36,13.46
1967-03-20,29.19,21.51,12.39
1967-03-21,28.29,24.66,16.09
1967-03-22,29.42,24.94,18.14
1967-03-23,29.41,26.48,13.14
1967-03-24,30.33,28.62,17.51
1967-03-25,30.24,25.74,18.01
1967-03-26,30.32,24.64,16.64
1967-03-27,29.95,27.93,20.61
1967-03-28,29.52,25.13,15.17
1967-03-29,27.94,21.75,9.72
1967-03-30,28.60,25.79,12.09
1967-03-31,30.02,27.52,12.03
1967-04-01,31.24,27.00,15.26
1967-04-02,29.69,24.85,15.00
1967-04-03,29.77,28.18,14.38
1967-04-04,29.45,24.72,14.22
1967-04-05,30.26,25.80,16.37
1967-04-06,30.16,26.30,15.95
1967-04-07,29.43,27.47,18.62
1967-04-08,28.17,25.05,20.24
1967-04-09,29.39,25.67,17.13
1967-04-10,29.79,24.33,12.81
1967-04-11,31.93,23.89,10.74
1967-04-12,32.86,27.37,12.00
1967-04-13,33.91,26.17,9.86
1967-04-14,32.80,26.28,10.44
1967-04-15,31.70,25.45,12.96
1967-04-16,31.80,24.25,13.11
1967-04-17,31.80,24.62,11.93
1967-04-18,31.02,25.08,16.51
1967-04-19,31.29,21.74,11.66
1967-04-20,28.61,22.98,11.78
1967-04-21,29.27,20.65,8.55
1967-04-22,29.16,18.54,9.23
1967-04-23,28.46,21.54,10.95
1967-04-24,29.58,22.41,12.54
1967-04-25,31.92,25.44,15.59
1967-04-26,32.78,24.14,16.24
1967-04-27,33.20,22.37,11.47
1967-04-28,32.58,24.54,13.73
1967-04-29,28.98,25.20,15.36
1967-04-30,31.03,24.72,16.13
1967-05-01,32.13,24.19,17.18
1967-05-02,32.49,21.92,10.92
1967-05-03,31.34,21.63,11.18
1967-05-04,31.95,20.63,10.00
1967-05-05,31.94,21.18,14.31
1967-05-06,32.47,21.66,11.41
1967-05-07,28.87,21.70,11.03
1967-05-08,28.61,18.96,11.98
1967-05-09,30.64,17.39,9.65
1967-05-10,27.96,20.28,8.73
1967-05-11,28.67,17.05,8.43
1967-05-12,30.30,17.55,7.53
1967-05-13,29.27,17.75,7.98
1967-05-14,29.39,16.70,7.75
1967-05-15,29.21,20.23,9.26
1967-05-16,31.64,23.38,13.11
1967-05-17,27.76,16.13,9.38
1967-05-18,27.01,13.37,6.31
1967-05-19,26.49,17.50,3.94
1967-05-20,28.74,17.92,8.11
1967-05-21,29.62,16.39,6.25
1967-05-22,30.55,10.76,4.66
1967-05-23,30.77,17.86,6.06
1967-05-24,29.02,17.90,7.32
1967-05-25,31.84,15.19,5.28
1967-05-26,34.07,17.58,7.38
1967-05-27,30.70,16.83,5.52
1967-05-28,31.02,16.19,8.75
1967-05-29,29.49,18.75,8.36
1967-05-30,30.96,19.20,7.04
1967-05-31,28.88,17.86,7.42
1967-06-01,27.98,12.01,6.49
1967-06-02,27.77,14.68,2.52
1967-06-03,29.88,13.63,3.53
1967-06-04,24.54,10.51,1.20
1967-06-05,22.61,10.84,1.21
1967-06-06,23.60,10.26,1.95
1967-06-07,23.96,15.15,2.41
1967-06-08,26.57,20.45,3.76
1967-06-09,27.96,18.03,5.45
1967-06-10,27.85,16.68,4.49
1967-06-11,27.16,16.41,3.79
1967-06-12,24.74,10.10,1.24
1967-06-13,25.47,13.39,1.36
1967-06-14,23.71,12.32,3.46
1967-06-15,17.71,11.13,1.84
1967-06-16,25.21,14.68,3.09
1967-06-17,26.98,8.47,1.45
1967-06-18,27.57,11.91,2.56
1967-06-19,29.35,8.94,2.56
1967-06-20,27.92,10.77,3.81
1967-06-21,25.45,7.62,3.33
1967-06-22,27.90,11.96,2.91
1967-06-23,27.77,13.22,2.17
1967-06-24,25.10,14.18,5.80
1967-06-25,29.68,14.55,4.92
1967-06-26,29.29,14.75,5.41
1967-06-27,28.86,13.97,3.74
1967-06-28,29.62,13.80,5.04
1967-06-29,27.80,14.21,3.28
1967-06-30,27.37,14.25,3.01
1967-07-01,29.83,17.12,3.67
1967-07-02,28.16,17.91,2.19
1967-07-03,27.87,15.47,2.29
1967-07-04,30.22,17.85,5.12
1967-07-05,30.46,19.52,3.94
1967-07-06,30.23,14.46,1.03
1967-07-07,29.68,16.70,2.85
1967-07-08,27.77,16.52,2.64
1967-07-09,27.21,15.18,2.69
1967-07-10,27.43,17.85,3.93
1967-07-11,27.39,15.53,6.69
1967-07-12,27.35,13.84,1.88
1967-07-13,26.71,15.53,3.50
1967-07-14,26.72,16.23,4.92
1967-07-15,27.65,16.48,6.37
1967-07-16,28.02,10.31,4.50
1967-07-17,27.96,8.17,2.56
1967-07-18,23.54,4.93,2.40
1967-07-19,22.83,9.49,2.81
1967-07-20,24.64,10.37,2.10
1967-07-21,24.63,10.98,0.70
1967-07-22,25.99,15.62,2.32
1967-07-23,26.64,11.37,3.02
1967-07-24,29.11,8.86,2.95
1967-07-25,28.85,8.13,2.46
1967-07-26,25.48,7.76,2.96
1967-07-27,26.96,9.83,3.61
1967-07-28,25.79,10.68,2.58
1967-07-29,29.39,14.65,4.02
1967-07-30,27.85,14.58,1.41
1967-07-31,19.91,12.72,3.94
1967-08-01,22.30,13.47,3.82
1967-08-02,26.03,13.24,3.79
1967-08-03,28.45,15.16,5.40
1967-08-04,31.81,17.25,7.07
1967-08-05,31.44,19.77,8.14
1967-08-06,30.62,18.53,3.15
1967-08-07,28.97,16.50,4.89
1967-08-08,28.89,14.86,1.49
1967-08-09,28.73,15.24,4.37
1967-08-10,29.25,15.97,3.58
1967-08-11,30.50,14.40,2.81
1967-08-12,32.64,17.34,4.21
1967-08-13,31.39,17.60,2.07
1967-08-14,29.03,13.05,1.63
1967-08-15,26.85,18.34,3.46
1967-08-16,28.80,19.55,4.22
1967-08-17,30.02,18.28,1.24
1967-08-18,30.32,14.29,0.71
1967-08-19,28.67,14.33,1.05
1967-08-20,26.85,14.04,3.21
1967-08-21,25.91,12.21,3.84
1967-08-22,26.69,14.41,3.04
1967-08-23,29.76,17.93,1.51
1967-08-24,30.09,16.52,2.94
1967-08-25,27.55,12.63,5.04
1967-08-26,27.16,11.98,4.34
1967-08-27,30.51,14.49,2.08
1967-08-28,28.56,15.93,2.41
1967-08-29,29.20,9.05,1.10
1967-08-30,28.98,12.02,0.67
1967-08-31,25.77,15.79,2.95
1967-09-01,27.57,16.34,2.92
1967-09-02,25.64,15.79,3.30
1967-09-03,28.51,14.12,3.19
1967-09-04,29.72,14.04,6.18
1967-09-05,30.80,13.86,3.25
1967-09-06,30.23,16.19,5.21
1967-09-07,29.07,16.99,8.29
1967-09-08,25.45,17.91,6.02
1967-09-09,25.73,16.69,3.01
1967-09-10,28.95,12.17,2.62
1967-09-11,23.88,7.14,3.68
1967-09-12,28.15,12.48,2.49
1967-09-13,28.73,19.61,1.48
1967-09-14,30.19,22.82,4.07
1967-09-15,32.35,22.01,6.28
1967-09-16,33.80,19.62,4.61
1967-09-17,30.71,15.60,5.43
1967-09-18,29.39,12.57,6.16
1967-09-19,27.20,13.41,4.66
1967-09-20,30.93,17.36,9.96
1967-09-21,31.65,19.14,12.62
1967-09-22,30.73,16.55,7.73
1967-09-23,31.02,23.40,13.76
1967-09-24,31.23,20.15,6.22
1967-09-25,32.51,21.63,9.06
1967-09-26,30.83,18.68,9.09
1967-09-27,26.92,16.23,9.82
1967-09-28,28.54,22.07,12.02
1967-09-29,30.71,17.74,14.84
1967-09-30,29.48,19.23,12.54
1967-10-01,28.98,20.77,6.77
1967-10-02,28.90,15.81,5.87
1967-10-03,29.07,16.80,7.08
1967-10-04,30.45,21.91,6.92
1967-10-05,31.86,24.52,5.12
1967-10-06,32.25,24.70,9.96
1967-10-07,32.41,25.51,12.33
1967-10-08,29.75,21.75,8.69
1967-10-09,27.82,18.00,12.48
1967-10-10,28.84,15.06,10.60
1967-10-11,30.53,19.63,8.42
1967-10-12,31.31,21.53,5.26
1967-10-13,31.02,20.43,7.26
1967-10-14,31.85,23.42,8.70
1967-10-15,32.34,20.29,11.16
1967-10-16,33.84,17.83,12.48
1967-10-17,32.89,14.16,9.73
1967-10-18,31.02,17.86,6.70
1967-10-19,31.09,19.64,6.06
1967-10-20,30.65,20.02,8.20
1967-10-21,31.72,24.36,10.70
1967-10-22,33.62,24.47,6.87
1967-10-23,33.58,24.12,10.59
1967-10-24,33.50,27.22,17.84
1967-10-25,34.65,24.50,15.38
1967-10-26,33.86,19.65,7.76
1967-10-27,33.05,23.29,9.24
1967-10-28,30.01,24.44,16.12
1967-10-29,30.57,26.06,15.69
1967-10-30,29.42,23.02,13.07
1967-10-31,28.18,15.64,10.25
1967-11-01,27.84,17.16,11.93
1967-11-02,30.27,23.54,18.68
1967-11-03,33.18,19.64,22.35
1967-11-04,32.70,18.98,15.94
1967-11-05,32.86,25.98,13.27
1967-11-06,31.81,23.84,8.79
1967-11-07,32.55,24.21,12.21
1967-11-08,32.13,20.99,9.99
1967-11-09,31.76,17.80,5.89
1967-11-10,31.04,20.71,7.71
1967-11-11,31.29,27.65,15.29
1967-11-12,32.84,23.22,12.48
1967-11-13,31.95,21.68,9.26
1967-11-14,33.44,28.32,12.81
1967-11-15,32.51,30.95,19.04
1967-11-16,31.67,31.23,19.21
1967-11-17,30.64,25.83,10.01
1967-11-18,31.45,25.95,10.48
1967-11-19,31.84,28.13,12.13
1967-11-20,32.52,27.43,17.05
1967-11-21,30.34,23.43,9.17
1967-11-22,29.79,22.89,10.24
1967-11-23,29.34,24.47,12.92
1967-11-24,29.34,21.94,14.23
1967-11-25,28.70,22.20,16.36
1967-11-26,29.23,25.36,16.69
1967-11-27,30.18,26.39,20.64
1967-11-28,31.35,26.84,16.15
1967-11-29,31.32,26.33,11.01
1967-11-30,31.32,22.00,12.38
1967-12-01,30.04,23.30,7.80
1967-12-02,31.66,26.70,8.28
1967-12-03,32.22,29.67,13.22
1967-12-04,33.61,32.71,20.23
1967-12-05,34.37,28.60,20.20
1967-12-06,30.49,29.45,19.78
1967-12-07,30.04,32.45,23.05
1967-12-08,31.16,31.05,25.60
1967-12-09,31.21,28.53,24.82
1967-12-10,31.02,28.34,24.66
1967-12-11,32.42,27.25,22.38
1967-12-12,33.05,27.85,23.52
1967-12-13,33.15,26.99,19.79
1967-12-14,30.84,29.58,22.09
1967-12-15,29.71,26.64,13.62
1967-12-16,27.82,26.59,14.46
1967-12-17,28.07,27.25,16.93
1967-12-18,29.56,30.47,15.60
1967-12-19,31.46,29.55,12.96
1967-12-20,30.97,29.04,13.52
1967-12-21,29.69,27.79,11.10
1967-12-22,29.36,29.63,19.77
1967-12-23,27.27,28.67,18.16
1967-12-24,25.90,29.01,16.02
1967-12-25,29.35,29.88,19.40
1967-12-26,28.16,29.50,19.12
1967-12-27,30.33,28.94,18.58
1967-12-28,29.29,28.66,20.87
1967-12-29,31.39,26.02,18.18
1967-12-30,32.28,26.06,12.73
1967-12-31,30.73,26.82,12.90
1968-01-01,28.30,28.43,16.21
1968-01-02,28.61,30.27,23.75
1968-01-03,28.83,31.42,27.68
1968-01-04,30.89,29.97,28.49
1968-01-05,30.44,30.42,25.57
1968-01-06,30.15,28.83,20.02
1968-01-07,32.26,29.01,14.67
1968-01-08,29.43,28.75,20.03
1968-01-09,28.88,30.91,20.32
1968-01-10,30.49,31.57,20.95
1968-01-11,33.19,31.01,14.57
1968-01-12,33.16,30.36,13.96
1968-01-13,30.78,28.32,12.28
1968-01-14,30.98,28.49,14.05
1968-01-15,30.59,30.16,18.05
1968-01-16,31.75,30.55,14.74
1968-01-17,31.67,29.04,16.81
1968-01-18,30.81,26.99,20.20
1968-01-19,32.77,25.25,19.76
1968-01-20,32.00,29.59,13.43
1968-01-21,32.01,32.19,17.66
1968-01-22,30.71,34.43,20.88
1968-01-23,31.45,31.13,24.10
1968-01-24,28.82,27.57,16.20
1968-01-25,30.06,26.93,16.68
1968-01-26,31.36,30.54,20.60
1968-01-27,32.46,30.27,17.32
1968-01-28,32.78,30.63,17.15
1968-01-29,32.76,32.00,24.51
1968-01-30,31.80,31.58,28.08
1968-01-31,32.32,31.51,26.18
1968-02-01,30.62,30.35,24.62
1968-02-02,30.21,29.39,21.50
1968-02-03,28.77,29.07,15.54
1968-02-04,28.23,27.91,16.07
1968-02-05,28.41,28.55,12.78
1968-02-06,29.97,29.09,13.77
1968-02-07,30.39,28.53,11.88
1968-02-08,31.44,28.45,10.73
1968-02-09,30.23,27.93,11.26
1968-02-10,28.86,27.95,13.62
1968-02-11,29.80,26.95,13.89
1968-02-12,31.26,28.24,12.38
1968-02-13,31.28,27.74,11.32
1968-02-14,31.49,32.62,15.17
1968-02-15,31.59,31.49,18.38
1968-02-16,32.00,30.53,15.53
1968-02-17,33.16,28.43,20.50
1968-02-18,32.10,29.14,20.71
1968-02-19,29.22,29.00,14.58
1968-02-20,30.22,28.40,14.55
1968-02-21,30.43,28.02,11.62
1968-02-22,31.34,28.29,14.43
1968-02-23,32.30,29.38,18.50
1968-02-24,31.44,25.27,19.59
1968-02-25,33.23,27.43,15.55
1968-02-26,32.42,29.78,18.88
1968-02-27,31.02,32.79,22.02
1968-02-28,29.93,28.42,21.25
1968-02-29,29.66,26.59,14.12
1968-03-01,30.67,28.36,22.00
1968-03-02,29.67,27.98,23.37
1968-03-03,29.43,24.98,18.08
1968-03-04,29.23,22.95,16.68
1968-03-05,30.12,26.09,19.80
1968-03-06,30.64,27.02,22.73
1968-03-07,29.50,24.57,22.95
1968-03-08,29.11,26.70,15.66
1968-03-09,27.66,28.78,16.08
1968-03-10,27.92,27.11,18.58
1968-03-11,28.39,27.35,18.57
1968-03-12,28.85,25.83,15.48
1968-03-13,28.91,25.80,12.70
1968-03-14,31.00,20.27,9.78
1968-03-15,30.51,25.64,13.78
1968-03-16,29.35,28.28,20.75
1968-03-17,29.51,23.60,19.84
1968-03-18,30.00,25.49,10.54
1968-03-19,29.67,26.33,10.80
1968-03-20,28.82,23.78,9.30
1968-03-21,28.80,25.29,11.29
1968-03-22,29.95,28.23,11.52
1968-03-23,29.22,24.27,11.40
1968-03-24,29.96,17.39,10.15
1968-03-25,29.40,21.91,10.77
1968-03-26,29.91,25.50,15.54
1968-03-27,30.87,27.69,13.71
1968-03-28,31.27,26.03,11.14
1968-03-29,32.12,25.49,14.00
1968-03-30,32.07,27.77,17.97
1968-03-31,30.73,28.37,16.04
1968-04-01,29.19,25.09,14.87
1968-04-02,31.23,29.37,15.94
1968-04-03,30.18,27.14,16.25
1968-04-04,29.38,25.68,17.98
1968-04-05,30.26,26.07,18.70
1968-04-06,30.27,25.95,15.77
1968-04-07,31.07,24.68,13.83
1968-04-08,30.73,25.51,15.42
1968-04-09,29.70,25.21,14.68
1968-04-10,30.00,21.10,10.48
1968-04-11,27.66,24.25,13.60
1968-04-12,29.46,25.39,17.07
1968-04-13,32.03,24.62,17.68
1968-04-14,30.70,20.22,14.10
1968-04-15,28.56,22.64,12.97
1968-04-16,27.99,20.04,16.84
1968-04-17,28.30,19.38,14.48
1968-04-18,27.53,19.55,9.60
1968-04-19,29.30,21.01,10.99
1968-04-20,27.78,22.80,10.56
1968-04-21,28.77,18.88,9.77
1968-04-22,31.23,23.46,11.30
1968-04-23,31.86,23.85,15.25
1968-04-24,27.10,24.98,9.51
1968-04-25,27.07,21.26,9.60
1968-04-26,25.93,15.49,8.19
1968-04-27,25.14,18.29,7.16
1968-04-28,26.40,21.97,6.32
1968-04-29,27.39,22.47,10.56
1968-04-30,28.48,25.01,15.69
1968-05-01,28.99,23.83,16.48
1968-05-02,30.01,23.18,14.21
1968-05-03,28.98,24.14,14.80
1968-05-04,28.86,22.41,13.91
1968-05-05,28.12,22.43,12.85
1968-05-06,30.02,20.31,9.40
1968-05-07,31.94,15.97,8.12
1968-05-08,31.18,18.27,8.05
1968-05-09,31.30,22.77,8.53
1968-05-10,29.35,23.05,8.95
1968-05-11,29.95,24.30,9.32
1968-05-12,28.98,21.59,6.85
1968-05-13,29.69,19.73,4.33
1968-05-14,30.91,17.75,8.03
1968-05-15,30.31,20.86,10.20
1968-05-16,25.95,24.51,13.40
1968-05-17,25.53,18.95,13.19
1968-05-18,27.03,20.91,11.64
1968-05-19,29.73,22.06,10.34
1968-05-20,28.82,19.70,10.92
1968-05-21,27.27,19.79,12.40
1968-05-22,27.26,18.62,13.64
1968-05-23,27.11,15.43,11.38
1968-05-24,30.75,20.25,9.72
1968-05-25,28.19,20.89,7.18
1968-05-26,26.70,14.24,7.28
1968-05-27,25.87,17.14,7.88
1968-05-28,28.57,20.95,8.65
1968-05-29,28.77,21.81,8.33
1968-05-30,28.23,25.50,10.69
1968-05-31,26.72,19.43,10.36
1968-06-01,28.12,19.36,9.02
1968-06-02,25.65,18.87,9.35
1968-06-03,26.66,16.22,6.88
1968-06-04,28.99,16.59,8.11
1968-06-05,29.77,17.73,6.20
1968-06-06,28.99,13.06,5.49
1968-06-07,25.71,15.67,7.82
1968-06-08,27.22,15.76,8.43
1968-06-09,28.73,15.98,8.68
1968-06-10,31.66,17.31,7.68
1968-06-11,28.55,14.40,7.94
1968-06-12,27.28,12.19,3.86
1968-06-13,22.91,11.52,3.14
1968-06-14,26.14,15.92,5.03
1968-06-15,28.94,15.23,7.61
1968-06-16,28.55,12.77,6.05
1968-06-17,24.82,9.43,3.63
1968-06-18,23.28,12.97,3.21
1968-06-19,28.11,14.06,2.36
1968-06-20,29.90,15.71,4.34
1968-06-21,24.77,18.66,6.71
1968-06-22,28.09,15.52,6.00
1968-06-23,29.00,17.26,5.46
1968-06-24,29.77,18.93,6.88
1968-06-25,25.23,15.30,8.07
1968-06-26,25.89,13.22,5.74
1968-06-27,28.77,13.93,5.45
1968-06-28,30.30,15.69,4.33
1968-06-29,27.16,18.35,8.61
1968-06-30,26.72,17.75,7.74
1968-07-01,26.18,14.50,4.58
1968-07-02,26.73,13.67,3.45
1968-07-03,25.24,13.40,3.02
1968-07-04,26.44,14.28,2.00
1968-07-05,27.57,15.16,0.96
1968-07-06,29.71,14.03,2.84
1968-07-07,30.25,15.15,3.40
1968-07-08,24.79,11.06,3.12
1968-07-09,26.63,16.03,2.47
1968-07-10,30.84,20.20,7.60
1968-07-11,28.05,17.46,5.66
1968-07-12,26.01,14.43,3.47
1968-07-13,24.85,15.28,3.29
1968-07-14,24.92,15.65,3.17
1968-07-15,25.15,15.40,4.09
1968-07-16,23.03,14.63,1.91
1968-07-17,22.95,16.55,4.50
1968-07-18,27.69,15.63,5.48
1968-07-19,29.36,17.25,9.19
1968-07-20,28.64,16.68,8.05
1968-07-21,25.22,18.95,9.31
1968-07-22,26.52,16.58,7.54
1968-07-23,28.77,14.16,5.17
1968-07-24,28.51,18.91,5.13
1968-07-25,29.18,20.36,5.41
1968-07-26,30.45,21.12,6.97
1968-07-27,32.03,21.28,7.67
1968-07-28,34.70,21.75,7.93
1968-07-29,32.51,21.59,9.95
1968-07-30,32.75,18.91,11.16
1968-07-31,33.07,16.76,10.29
1968-08-01,28.08,19.95,7.01
1968-08-02,29.97,19.36,6.84
1968-08-03,31.31,20.39,7.76
1968-08-04,29.73,22.48,9.84
1968-08-05,28.55,18.48,7.94
1968-08-06,28.61,15.38,6.87
1968-08-07,27.97,13.11,6.50
1968-08-08,27.92,12.03,5.41
1968-08-09,28.78,17.05,1.59
1968-08-10,31.28,19.83,3.79
1968-08-11,33.80,17.48,3.48
1968-08-12,31.42,15.30,6.03
1968-08-13,31.76,18.73,4.95
1968-08-14,28.65,17.24,3.93
1968-08-15,30.16,22.34,5.26
1968-08-16,28.13,19.68,4.50
1968-08-17,28.83,12.59,3.55
1968-08-18,29.93,15.52,2.84
1968-08-19,25.70,15.16,2.66
1968-08-20,26.38,14.71,3.13
1968-08-21,30.61,22.25,7.12
1968-08-22,35.16,20.36,8.45
1968-08-23,34.22,20.73,8.06
1968-08-24,33.90,22.62,9.49
1968-08-25,30.68,20.94,12.02
1968-08-26,28.97,16.49,6.15
1968-08-27,30.75,19.87,7.41
1968-08-28,29.36,21.14,11.76
1968-08-29,26.50,17.45,7.10
1968-08-30,26.64,18.29,4.84
1968-08-31,27.01,20.38,9.47
1968-09-01,26.70,21.03,6.62
1968-09-02,29.01,20.57,4.59
1968-09-03,30.85,22.49,8.81
1968-09-04,32.11,25.98,11.89
1968-09-05,32.60,21.40,12.31
1968-09-06,34.18,19.23,8.79
1968-09-07,32.30,20.93,10.72
1968-09-08,28.32,12.16,3.65
1968-09-09,29.88,15.62,1.93
1968-09-10,32.97,17.47,0.45
1968-09-11,29.70,12.30,5.32
1968-09-12,29.25,19.07,7.51
1968-09-13,29.94,18.64,8.33
1968-09-14,34.45,19.27,10.65
1968-09-15,33.01,22.17,12.82
1968-09-16,31.03,19.08,8.86
1968-09-17,30.72,14.01,4.15
1968-09-18,30.35,14.47,7.95
1968-09-19,32.77,17.12,7.01
1968-09-20,33.19,20.79,7.74
1968-09-21,33.10,21.75,6.50
1968-09-22,30.66,21.50,7.60
1968-09-23,32.01,24.11,11.68
1968-09-24,32.11,18.28,12.38
1968-09-25,34.36,18.18,9.41
1968-09-26,33.68,22.64,11.31
1968-09-27,32.21,17.99,9.35
1968-09-28,31.95,22.60,13.62
1968-09-29,29.34,24.62,11.11
1968-09-30,30.32,16.97,6.00
1968-10-01,30.46,17.86,6.78
1968-10-02,33.28,19.06,11.58
1968-10-03,33.71,20.70,12.39
1968-10-04,31.46,17.89,7.18
1968-10-05,30.06,16.16,8.71
1968-10-06,30.07,16.95,7.27
1968-10-07,33.33,23.00,12.71
1968-10-08,34.25,21.46,11.37
1968-10-09,32.47,20.30,12.51
1968-10-10,29.94,24.89,13.99
1968-10-11,29.58,25.34,15.56
1968-10-12,30.01,27.05,17.82
1968-10-13,32.87,23.32,10.09
1968-10-14,33.65,21.47,9.30
1968-10-15,29.78,15.03,6.53
1968-10-16,29.62,17.04,6.94
1968-10-17,30.82,19.63,7.37
1968-10-18,30.88,21.61,7.64
1968-10-19,31.01,25.47,9.81
1968-10-20,31.85,24.33,9.16
1968-10-21,33.30,20.97,10.26
1968-10-22,31.44,17.55,7.13
1968-10-23,29.90,16.71,8.58
1968-10-24,30.86,14.83,9.10
1968-10-25,29.91,17.89,10.84
1968-10-26,29.29,16.78,8.27
1968-10-27,28.02,17.86,8.59
1968-10-28,28.95,18.18,7.95
1968-10-29,30.98,22.33,6.69
1968-10-30,32.43,24.89,8.86
1968-10-31,30.46,23.86,9.32
1968-11-01,32.65,18.28,8.96
1968-11-02,31.63,20.75,8.18
1968-11-03,30.08,24.62,10.95
1968-11-04,31.89,22.99,14.22
1968-11-05,33.25,22.52,14.10
1968-11-06,34.00,26.76,13.35
1968-11-07,34.25,22.59,9.25
1968-11-08,35.91,23.09,12.49
1968-11-09,34.64,23.92,8.07
1968-11-10,32.51,28.43,9.89
1968-11-11,33.45,26.18,9.44
1968-11-12,34.62,27.19,11.25
1968-11-13,36.40,26.50,10.51
1968-11-14,34.71,30.42,16.61
1968-11-15,32.09,27.94,17.94
1968-11-16,30.27,24.16,15.86
1968-11-17,32.93,26.17,18.32
1968-11-18,32.96,25.48,16.99
1968-11-19,33.14,23.12,14.47
1968-11-20,32.52,22.16,9.37
1968-11-21,31.83,29.23,10.01
1968-11-22,33.44,31.36,17.75
1968-11-23,33.87,27.28,23.09
1968-11-24,31.79,23.82,20.25
1968-11-25,32.08,28.11,18.48
1968-11-26,30.02,28.36,17.43
1968-11-27,30.17,26.15,13.61
1968-11-28,33.23,26.30,13.35
1968-11-29,32.96,28.48,15.69
1968-11-30,33.52,28.07,16.16
1968-12-01,30.66,29.93,20.10
1968-12-02,29.45,27.52,18.36
1968-12-03,31.26,26.34,16.07
1968-12-04,30.59,27.15,15.23
1968-12-05,30.95,29.09,14.65
1968-12-06,31.91,29.29,14.95
1968-12-07,30.71,27.24,16.73
1968-12-08,31.99,30.04,15.14
1968-12-09,32.87,26.14,11.86
1968-12-10,30.29,29.66,8.77
1968-12-11,29.30,27.48,8.47
1968-12-12,31.45,27.72,10.61
1968-12-13,31.34,28.26,12.06
1968-12-14,30.93,26.13,11.29
1968-12-15,32.34,29.80,16.93
1968-12-16,32.19,30.71,18.23
1968-12-17,33.50,28.70,15.19
1968-12-18,31.24,27.43,10.26
1968-12-19,32.31,25.04,8.29
1968-12-20,31.67,25.84,9.49
1968-12-21,33.96,26.58,11.70
1968-12-22,31.64,26.19,12.72
1968-12-23,30.62,26.83,13.92
1968-12-24,30.06,26.06,13.09
1968-12-25,29.80,25.70,11.94
1968-12-26,31.46,24.32,13.16
1968-12-27,31.81,28.53,14.37
1968-12-28,31.95,28.53,12.77
1968-12-29,31.09,24.64,14.43
1968-12-30,31.78,23.22,12.13
1968-12-31,30.15,25.25,13.57
1969-01-01,30.08,30.92,16.82
1969-01-02,31.29,29.47,16.44
1969-01-03,31.98,29.38,10.36
1969-01-04,31.18,29.82,15.85
1969-01-05,30.66,30.87,12.47
1969-01-06,31.01,30.34,12.65
1969-01-07,30.45,30.58,12.73
1969-01-08,31.52,30.92,13.93
1969-01-09,33.12,29.98,15.78
1969-01-10,33.72,31.52,22.37
1969-01-11,31.25,29.28,21.81
1969-01-12,30.27,28.95,20.54
1969-01-13,32.44,28.63,17.10
1969-01-14,31.71,29.66,22.02
1969-01-15,31.43,28.64,18.93
1969-01-16,29.75,27.86,16.25
1969-01-17,27.84,26.70,15.45
1969-01-18,33.27,27.45,16.72
1969-01-19,32.23,27.85,20.18
1969-01-20,32.79,25.60,16.77
1969-01-21,31.93,27.63,17.99
1969-01-22,30.77,28.42,18.84
1969-01-23,28.59,28.79,20.53
1969-01-24,30.24,29.58,22.80
1969-01-25,32.13,28.30,20.29
1969-01-26,30.36,29.28,21.17
1969-01-27,32.82,29.45,18.21
1969-01-28,32.59,30.40,21.75
1969-01-29,33.63,32.37,17.74
1969-01-30,33.49,32.82,17.82
1969-01-31,32.08,31.06,18.34
1969-02-01,32.33,29.23,26.97
1969-02-02,30.67,28.81,21.76
1969-02-03,34.08,29.52,16.83
1969-02-04,30.09,27.59,18.29
1969-02-05,31.46,29.20,16.78
1969-02-06,30.40,28.20,16.57
1969-02-07,31.77,25.78,11.11
1969-02-08,33.21,27.11,10.11
1969-02-09,31.80,26.83,13.20
1969-02-10,31.04,26.60,12.71
1969-02-11,32.74,29.66,11.51
1969-02-12,31.73,30.63,16.64
1969-02-13,29.47,27.14,13.26
1969-02-14,30.45,26.54,12.87
1969-02-15,29.62,26.62,11.73
1969-02-16,30.60,25.43,10.60
1969-02-17,31.97,26.16,12.65
1969-02-18,31.11,30.31,20.58
1969-02-19,30.22,29.13,25.10
1969-02-20,33.04,28.72,21.13
1969-02-21,32.37,30.03,19.10
1969-02-22,33.04,27.90,13.51
1969-02-23,32.71,28.49,16.15
1969-02-24,31.36,26.54,12.73
1969-02-25,30.81,27.76,16.28
1969-02-26,30.76,28.32,18.68
1969-02-27,32.12,29.21,19.56
1969-02-28,32.72,30.89,21.11
1969-03-01,32.37,27.78,25.42
1969-03-02,32.90,28.41,23.90
1969-03-03,31.80,29.62,16.46
1969-03-04,32.41,29.17,20.11
1969-03-05,33.18,27.39,13.93
1969-03-06,32.74,28.50,16.70
1969-03-07,32.65,27.36,14.48
1969-03-08,33.24,29.03,16.41
1969-03-09,32.74,28.05,23.84
1969-03-10,35.27,29.42,22.64
1969-03-11,33.84,29.34,23.08
1969-03-12,30.83,28.02,19.07
1969-03-13,31.38,24.90,13.06
1969-03-14,30.42,24.46,14.33
1969-03-15,29.34,22.50,16.97
1969-03-16,30.00,20.66,11.95
1969-03-17,31.48,27.59,13.04
1969-03-18,30.12,29.11,17.14
1969-03-19,30.40,27.23,24.03
1969-03-20,33.15,27.57,18.36
1969-03-21,33.83,26.81,13.79
1969-03-22,31.51,25.73,14.78
1969-03-23,30.36,23.07,15.76
1969-03-24,30.12,18.11,11.33
1969-03-25,30.61,25.13,12.97
1969-03-26,30.72,24.03,15.51
1969-03-27,31.24,22.07,16.70
1969-03-28,31.75,24.75,17.91
1969-03-29,30.96,23.36,13.28
1969-03-30,32.45,19.40,10.79
1969-03-31,32.47,22.48,13.12
1969-04-01,30.21,26.32,12.45
1969-04-02,28.27,24.84,17.27
1969-04-03,26.80,23.54,16.04
1969-04-04,30.55,24.78,11.16
1969-04-05,28.50,26.74,16.33
1969-04-06,31.00,25.76,19.32
1969-04-07,31.02,24.26,13.59
1969-04-08,31.62,26.63,15.13
1969-04-09,31.80,21.85,11.14
1969-04-10,31.44,23.31,10.33
1969-04-11,30.63,23.89,10.79
1969-04-12,28.52,24.58,12.26
1969-04-13,30.53,20.61,9.43
1969-04-14,29.16,23.41,11.61
1969-04-15,29.80,21.82,14.85
1969-04-16,28.59,20.53,11.20
1969-04-17,26.64,21.18,9.43
1969-04-18,26.97,23.45,8.72
1969-04-19,28.18,24.32,12.10
1969-04-20,30.55,28.42,14.76
1969-04-21,29.03,29.36,18.64
1969-04-22,28.92,26.25,18.97
1969-04-23,29.32,22.67,12.81
1969-04-24,31.46,22.56,10.49
1969-04-25,30.61,23.50,10.18
1969-04-26,30.10,20.17,9.37
1969-04-27,29.59,21.69,7.46
1969-04-28,29.38,20.20,7.22
1969-04-29,28.38,17.43,5.36
1969-04-30,28.50,18.88,8.79
1969-05-01,29.29,19.04,6.83
1969-05-02,31.74,16.45,6.67
1969-05-03,30.81,18.50,5.85
1969-05-04,29.12,21.23,8.64
1969-05-05,31.92,23.62,11.58
1969-05-06,33.92,24.21,11.63
1969-05-07,35.28,25.11,15.67
1969-05-08,33.08,23.01,11.82
1969-05-09,32.33,20.89,8.36
1969-05-10,30.95,17.05,6.76
1969-05-11,30.12,14.59,8.09
1969-05-12,28.21,21.94,10.54
1969-05-13,29.57,21.22,11.83
1969-05-14,30.84,19.95,8.73
1969-05-15,30.67,19.52,10.79
1969-05-16,30.71,16.27,8.99
1969-05-17,31.01,16.25,10.55
1969-05-18,30.59,16.49,8.87
1969-05-19,29.18,17.74,9.22
1969-05-20,29.10,14.10,6.23
1969-05-21,29.61,15.08,7.09
1969-05-22,30.44,20.20,9.00
1969-05-23,31.93,17.89,10.69
1969-05-24,26.83,14.79,8.71
1969-05-25,30.39,17.07,7.34
1969-05-26,31.25,17.15,8.06
1969-05-27,31.28,17.73,6.23
1969-05-28,30.70,16.38,7.37
1969-05-29,30.27,19.23,7.17
1969-05-30,26.05,17.18,7.36
1969-05-31,29.05,17.60,7.88
1969-06-01,30.33,15.79,8.48
1969-06-02,28.30,14.75,9.05
1969-06-03,27.98,17.96,9.50
1969-06-04,26.60,14.85,9.54
1969-06-05,30.35,15.94,7.63
1969-06-06,25.77,12.98,5.90
1969-06-07,30.49,10.23,6.70
1969-06-08,31.18,15.57,6.19
1969-06-09,29.52,15.98,7.90
1969-06-10,26.93,10.92,5.58
1969-06-11,29.68,10.45,2.55
1969-06-12,28.31,8.55,2.42
1969-06-13,25.90,10.22,-0.48
1969-06-14,27.53,12.08,2.57
1969-06-15,30.12,14.53,1.70
1969-06-16,29.59,16.40,3.28
1969-06-17,29.21,15.70,3.91
1969-06-18,30.16,17.54,7.89
1969-06-19,30.02,14.94,6.16
1969-06-20,32.93,16.12,7.01
1969-06-21,30.71,15.53,4.36
1969-06-22,29.82,12.15,3.53
1969-06-23,28.42,15.54,4.71
1969-06-24,27.02,13.02,4.46
1969-06-25,25.69,9.58,3.31
1969-06-26,22.66,8.46,5.09
1969-06-27,20.93,9.14,3.46
1969-06-28,23.17,11.70,3.35
1969-06-29,24.18,11.72,3.08
1969-06-30,28.14,14.19,1.05
1969-07-01,31.62,17.99,4.15
1969-07-02,34.92,17.81,3.35
1969-07-03,28.84,13.10,2.63
1969-07-04,26.53,9.08,1.47
1969-07-05,26.21,8.64,-0.23
1969-07-06,29.50,9.86,1.79
1969-07-07,26.23,11.74,2.48
1969-07-08,29.73,11.13,2.35
1969-07-09,28.69,14.87,2.48
1969-07-10,28.38,13.58,2.90
1969-07-11,27.26,9.21,1.33
1969-07-12,32.30,15.60,2.82
1969-07-13,26.49,18.27,3.74
1969-07-14,30.27,18.27,4.86
1969-07-15,29.83,19.86,8.30
1969-07-16,30.33,16.28,7.78
1969-07-17,28.64,14.54,4.08
1969-07-18,29.64,15.68,4.87
1969-07-19,32.01,16.53,4.61
1969-07-20,32.54,14.92,6.15
1969-07-21,32.29,15.34,4.98
1969-07-22,32.23,20.04,6.32
1969-07-23,30.02,20.45,6.65
1969-07-24,29.06,13.93,5.71
1969-07-25,35.84,15.61,4.22
1969-07-26,32.59,21.16,6.57
1969-07-27,32.01,20.92,7.23
1969-07-28,31.58,14.94,5.93
1969-07-29,27.75,12.59,2.93
1969-07-30,23.26,11.08,0.93
1969-07-31,23.74,15.92,1.65
1969-08-01,29.05,16.12,1.67
1969-08-02,32.31,15.49,2.00
1969-08-03,29.95,10.83,2.90
1969-08-04,28.31,7.87,0.76
1969-08-05,28.50,11.01,0.76
1969-08-06,32.16,12.19,0.49
1969-08-07,30.84,16.05,1.73
1969-08-08,27.65,18.31,4.36
1969-08-09,27.33,15.38,3.82
1969-08-10,26.90,14.48,3.88
1969-08-11,30.07,16.24,5.03
1969-08-12,30.57,15.29,2.92
1969-08-13,26.37,19.19,3.49
1969-08-14,31.80,19.06,3.16
1969-08-15,28.22,21.16,3.02
1969-08-16,27.81,18.48,4.58
1969-08-17,30.70,19.59,4.78
1969-08-18,29.29,18.62,6.77
1969-08-19,30.68,18.60,7.34
1969-08-20,32.50,18.71,7.51
1969-08-21,28.51,18.58,10.71
1969-08-22,26.45,11.85,8.67
1969-08-23,30.55,15.53,6.69
1969-08-24,29.62,14.38,8.94
1969-08-25,29.82,13.92,8.60
1969-08-26,26.29,17.61,10.00
1969-08-27,31.23,18.10,8.60
1969-08-28,33.89,14.03,5.02
1969-08-29,33.46,15.77,6.25
1969-08-30,33.15,19.61,6.65
1969-08-31,31.11,21.61,7.77
1969-09-01,31.91,14.85,6.23
1969-09-02,29.98,12.45,4.45
1969-09-03,30.75,13.80,3.70
1969-09-04,32.41,18.96,6.82
1969-09-05,32.79,19.15,4.66
1969-09-06,33.14,17.70,2.43
1969-09-07,31.60,21.43,5.72
1969-09-08,32.33,21.19,2.23
1969-09-09,34.42,18.55,3.52
1969-09-10,31.94,19.50,4.51
1969-09-11,32.24,22.51,5.83
1969-09-12,32.86,25.85,6.01
1969-09-13,30.90,25.05,11.39
1969-09-14,32.81,23.96,8.59
1969-09-15,32.69,22.17,6.86
1969-09-16,30.71,19.35,4.06
1969-09-17,31.54,19.89,5.71
1969-09-18,30.87,19.46,8.57
1969-09-19,32.18,21.32,5.18
1969-09-20,32.99,19.22,8.29
1969-09-21,30.43,21.58,6.19
1969-09-22,31.95,16.02,4.41
1969-09-23,33.11,20.85,7.17
1969-09-24,32.50,17.74,3.79
1969-09-25,31.16,20.79,5.51
1969-09-26,29.41,20.09,7.40
1969-09-27,30.12,16.38,10.24
1969-09-28,29.89,14.15,5.85
1969-09-29,29.67,17.40,5.68
1969-09-30,30.11,21.55,3.03
1969-10-01,28.87,18.86,3.81
1969-10-02,30.11,22.55,7.37
1969-10-03,31.44,22.82,6.24
1969-10-04,30.00,13.22,4.92
1969-10-05,27.59,14.54,4.57
1969-10-06,31.79,22.15,7.27
1969-10-07,30.80,20.97,4.69
1969-10-08,31.06,19.26,6.06
1969-10-09,32.74,21.28,11.64
1969-10-10,33.34,20.58,9.75
1969-10-11,33.03,17.09,7.65
1969-10-12,31.74,17.50,5.36
1969-10-13,31.43,20.99,8.38
1969-10-14,29.40,19.96,9.89
1969-10-15,29.36,20.34,10.00
1969-10-16,29.08,21.41,10.82
1969-10-17,31.48,22.46,10.86
1969-10-18,31.95,23.99,13.76
1969-10-19,32.22,17.65,16.66
1969-10-20,28.73,13.19,8.60
1969-10-21,29.84,18.69,8.59
1969-10-22,32.62,27.67,13.15
1969-10-23,34.53,27.26,13.00
1969-10-24,33.86,27.12,7.76
1969-10-25,33.85,22.19,8.16
1969-10-26,33.23,17.53,6.81
1969-10-27,31.64,19.27,6.97
1969-10-28,31.98,25.02,10.39
1969-10-29,32.09,22.09,9.49
1969-10-30,33.00,20.81,9.16
1969-10-31,34.01,21.32,6.71
1969-11-01,33.80,22.05,8.52
1969-11-02,32.26,23.38,12.09
1969-11-03,32.38,22.99,7.21
1969-11-04,32.31,22.84,9.21
1969-11-05,31.21,20.42,8.21
1969-11-06,30.36,21.26,6.91
1969-11-07,28.15,15.94,7.67
1969-11-08,30.79,20.70,6.59
1969-11-09,32.39,25.30,9.30
1969-11-10,34.34,25.22,12.51
1969-11-11,34.22,25.39,13.60
1969-11-12,32.58,29.77,18.52
1969-11-13,31.69,25.46,20.98
1969-11-14,30.55,21.89,10.12
1969-11-15,31.79,23.38,9.36
1969-11-16,31.09,25.53,13.20
1969-11-17,31.50,27.05,10.79
1969-11-18,30.27,26.89,16.56
1969-11-19,31.66,28.88,19.21
1969-11-20,32.24,28.50,21.60
1969-11-21,33.22,28.98,23.68
1969-11-22,31.99,26.17,19.56
1969-11-23,30.46,23.00,12.72
1969-11-24,33.97,24.83,9.31
1969-11-25,35.23,28.82,14.95
1969-11-26,35.61,26.22,12.72
1969-11-27,32.44,24.65,9.52
1969-11-28,29.19,24.85,9.35
1969-11-29,32.19,24.63,13.25
1969-11-30,33.14,27.93,13.20
1969-12-01,32.33,30.37,17.71
1969-12-02,33.00,29.32,18.59
1969-12-03,32.63,29.04,19.78
1969-12-04,31.55,29.30,18.76
1969-12-05,30.48,30.18,21.32
1969-12-06,31.89,28.24,21.59
1969-12-07,30.73,26.24,19.70
1969-12-08,31.76,26.86,19.77
1969-12-09,31.87,27.91,13.40
1969-12-10,30.39,28.19,13.79
1969-12-11,32.30,29.14,12.59
1969-12-12,31.88,29.04,17.21
1969-12-13,31.26,30.23,23.17
1969-12-14,31.30,28.25,22.50
1969-12-15,33.83,27.83,18.53
1969-12-16,35.90,28.84,14.90
1969-12-17,34.84,30.33,15.94
1969-12-18,32.64,30.91,14.95
1969-12-19,31.98,29.64,20.45
1969-12-20,32.04,27.78,14.35
1969-12-21,30.15,26.11,12.12
1969-12-22,30.79,27.77,12.87
1969-12-23,29.27,30.91,19.06
1969-12-24,31.22,30.70,19.92
1969-12-25,32.46,27.48,20.51
1969-12-26,31.64,28.25,14.28
1969-12-27,31.38,27.62,15.89
1969-12-28,31.43,30.52,13.03
1969-12-29,31.36,32.24,17.37
1969-12-30,30.19,32.19,20.86
1969-12-31,32.34,28.84,22.90
1970-01-01,30.42,28.00,17.76
1970-01-02,31.54,27.19,19.46
1970-01-03,33.30,29.04,21.69
1970-01-04,33.44,26.08,17.98
1970-01-05,34.04,26.07,14.08
1970-01-06,31.24,27.25,17.51
1970-01-07,32.31,27.82,12.98
1970-01-08,31.97,33.27,20.74
1970-01-09,33.82,31.98,26.80
1970-01-10,31.98,31.33,28.35
1970-01-11,30.64,31.35,21.82
1970-01-12,29.84,28.01,14.01
1970-01-13,30.07,28.86,16.98
1970-01-14,29.41,24.50,18.13
1970-01-15,30.54,24.40,11.20
1970-01-16,30.19,26.21,13.78
1970-01-17,32.09,24.39,13.01
1970-01-18,33.04,28.95,16.26
1970-01-19,32.96,29.20,18.47
1970-01-20,30.75,28.43,19.12
1970-01-21,29.01,26.38,14.45
1970-01-22,28.79,27.52,16.42
1970-01-23,29.84,24.83,15.63
1970-01-24,30.16,26.53,15.79
1970-01-25,30.59,27.39,20.32
1970-01-26,29.90,29.34,16.70
1970-01-27,30.36,27.09,20.72
1970-01-28,31.44,27.53,14.74
1970-01-29,32.33,33.47,14.72
1970-01-30,29.89,30.78,14.52
1970-01-31,31.58,30.20,19.68
1970-02-01,28.98,26.57,17.59
1970-02-02,28.80,28.91,16.69
1970-02-03,30.08,28.06,12.58
1970-02-04,30.88,26.53,11.99
1970-02-05,30.00,25.29,16.10
1970-02-06,30.90,28.73,22.47
1970-02-07,30.32,30.30,19.32
1970-02-08,30.65,29.48,17.52
1970-02-09,33.12,31.10,19.18
1970-02-10,34.22,31.72,19.85
1970-02-11,34.75,30.36,14.94
1970-02-12,30.94,31.05,22.54
1970-02-13,33.10,31.48,27.46
1970-02-14,33.59,30.72,21.49
1970-02-15,32.90,29.92,23.98
1970-02-16,32.91,30.71,20.58
1970-02-17,31.99,30.22,24.03
1970-02-18,30.92,27.91,22.41
1970-02-19,30.77,26.91,17.75
1970-02-20,31.91,27.51,17.16
1970-02-21,33.15,22.64,12.97
1970-02-22,31.51,32.12,20.60
1970-02-23,29.79,28.41,22.53
1970-02-24,28.69,27.36,18.07
1970-02-25,29.41,25.52,14.60
1970-02-26,29.84,24.99,18.53
1970-02-27,30.51,26.95,13.96
1970-02-28,30.27,27.07,22.09
1970-03-01,30.25,25.34,17.47
1970-03-02,30.77,25.94,14.17
1970-03-03,30.63,28.83,19.15
1970-03-04,32.08,29.79,22.52
1970-03-05,32.30,28.01,22.81
1970-03-06,31.12,29.27,18.30
1970-03-07,30.84,28.61,18.28
1970-03-08,29.68,27.30,15.73
1970-03-09,29.77,24.42,12.08
1970-03-10,30.31,20.84,12.04
1970-03-11,31.18,25.79,17.60
1970-03-12,32.05,28.62,20.29
1970-03-13,31.09,27.65,21.48
1970-03-14,30.80,25.46,18.81
1970-03-15,29.68,22.57,19.94
1970-03-16,30.71,25.11,19.98
1970-03-17,32.55,26.89,20.82
1970-03-18,33.46,26.68,20.74
1970-03-19,32.71,26.78,18.96
1970-03-20,33.73,27.45,14.20
1970-03-21,34.07,27.46,15.37
1970-03-22,33.20,26.65,15.85
1970-03-23,32.37,27.54,19.45
1970-03-24,31.27,28.37,16.41
1970-03-25,32.53,29.11,18.11
1970-03-26,31.24,30.15,20.73
1970-03-27,31.98,26.64,15.67
1970-03-28,30.22,26.10,13.68
1970-03-29,30.91,26.20,15.16
1970-03-30,31.74,27.18,16.14
1970-03-31,32.24,24.81,11.63
1970-04-01,33.17,25.14,11.59
1970-04-02,34.46,25.34,13.23
1970-04-03,32.84,23.89,11.70
1970-04-04,30.58,25.32,14.82
1970-04-05,30.64,27.95,14.52
1970-04-06,30.54,28.67,19.83
1970-04-07,30.24,28.32,17.52
1970-04-08,32.39,26.50,16.11
1970-04-09,31.43,28.10,14.82
1970-04-10,30.61,26.77,12.50
1970-04-11,29.57,25.04,13.00
1970-04-12,30.66,26.33,10.72
1970-04-13,29.12,26.06,10.99
1970-04-14,30.08,26.82,13.09
1970-04-15,31.85,27.26,15.47
1970-04-16,31.32,26.64,12.24
1970-04-17,30.41,21.64,11.78
1970-04-18,29.77,26.10,13.30
1970-04-19,29.25,26.37,11.84
1970-04-20,28.26,26.57,14.17
1970-04-21,30.49,26.80,15.17
1970-04-22,30.90,25.86,13.16
1970-04-23,32.05,22.82,10.33
1970-04-24,32.52,24.17,10.13
1970-04-25,29.57,21.83,9.61
1970-04-26,29.14,24.30,10.44
1970-04-27,30.21,23.40,10.53
1970-04-28,29.61,26.14,14.27
1970-04-29,30.56,22.80,15.57
1970-04-30,30.83,22.02,15.47
1970-05-01,29.86,23.45,7.92
1970-05-02,30.64,22.92,10.34
1970-05-03,28.91,21.27,11.45
1970-05-04,28.52,17.34,7.95
1970-05-05,29.06,17.19,6.48
1970-05-06,30.46,20.28,6.76
1970-05-07,27.42,20.17,9.60
1970-05-08,27.41,20.29,8.85
1970-05-09,30.14,16.98,5.60
1970-05-10,32.37,19.62,6.54
1970-05-11,31.67,21.58,11.30
1970-05-12,29.85,16.77,6.86
1970-05-13,30.62,15.22,11.03
1970-05-14,30.74,16.99,10.79
1970-05-15,30.04,18.62,10.91
1970-05-16,27.82,19.05,11.36
1970-05-17,27.13,17.92,9.78
1970-05-18,24.17,16.75,8.04
1970-05-19,26.76,15.58,6.71
1970-05-20,26.85,17.95,5.47
1970-05-21,28.45,20.33,10.46
1970-05-22,29.60,23.12,8.00
1970-05-23,29.83,23.58,13.62
1970-05-24,30.08,20.87,11.74
1970-05-25,30.17,17.06,9.65
1970-05-26,27.81,19.33,9.70
1970-05-27,24.09,12.53,8.16
1970-05-28,25.10,10.59,6.66
1970-05-29,26.62,14.85,6.59
1970-05-30,26.71,15.65,6.67
1970-05-31,28.11,17.48,7.45
1970-06-01,29.73,16.95,8.06
1970-06-02,26.73,15.03,6.67
1970-06-03,29.25,13.92,4.40
1970-06-04,28.22,14.90,3.75
1970-06-05,30.56,12.54,4.19
1970-06-06,27.63,15.81,3.61
1970-06-07,27.60,13.40,4.53
1970-06-08,32.60,13.17,5.40
1970-06-09,30.92,14.90,3.03
1970-06-10,29.21,14.78,4.30
1970-06-11,28.48,13.47,4.52
1970-06-12,28.57,14.61,3.64
1970-06-13,26.88,13.06,4.40
1970-06-14,26.24,14.71,4.32
1970-06-15,28.56,15.80,7.36
1970-06-16,29.48,12.59,4.42
1970-06-17,31.59,14.97,2.95
1970-06-18,26.26,16.09,4.83
1970-06-19,24.18,9.31,4.63
1970-06-20,23.98,14.37,4.23
1970-06-21,24.16,14.18,6.20
1970-06-22,26.69,13.10,7.12
1970-06-23,27.86,13.82,7.12
1970-06-24,27.53,15.66,6.26
1970-06-25,31.08,9.84,2.65
1970-06-26,28.93,11.81,3.44
1970-06-27,28.56,10.89,0.95
1970-06-28,27.01,8.87,-0.22
1970-06-29,25.13,10.85,1.22
1970-06-30,26.49,13.20,0.93
1970-07-01,29.82,14.76,3.13
1970-07-02,29.50,12.37,1.94
1970-07-03,29.07,11.31,1.59
1970-07-04,28.97,10.62,-0.12
1970-07-05,24.21,10.20,0.89
1970-07-06,23.86,11.78,2.26
1970-07-07,27.27,13.07,2.89
1970-07-08,25.25,16.17,5.63
1970-07-09,27.11,14.58,2.88
1970-07-10,26.50,14.34,4.78
1970-07-11,28.96,16.00,6.45
1970-07-12,28.45,15.12,5.98
1970-07-13,29.26,11.32,4.16
1970-07-14,29.08,11.87,4.93
1970-07-15,27.45,10.66,2.85
1970-07-16,27.21,11.70,1.86
1970-07-17,26.21,8.93,2.18
1970-07-18,24.96,11.88,2.85
1970-07-19,25.18,13.75,2.22
1970-07-20,25.87,15.00,5.51
1970-07-21,28.87,19.38,7.43
1970-07-22,27.78,17.94,5.61
1970-07-23,30.57,19.97,7.29
1970-07-24,28.98,13.24,8.42
1970-07-25,23.89,10.88,2.93
1970-07-26,26.15,14.15,3.20
1970-07-27,27.63,16.42,2.17
1970-07-28,27.14,8.39,1.55
1970-07-29,27.44,9.68,2.02
1970-07-30,27.80,18.30,3.82
1970-07-31,26.02,17.77,4.97
1970-08-01,28.59,15.27,1.33
1970-08-02,26.81,10.47,2.00
1970-08-03,23.84,13.08,2.33
1970-08-04,24.41,13.85,3.43
1970-08-05,25.39,13.76,2.63
1970-08-06,26.93,12.08,3.22
1970-08-07,31.92,17.52,5.76
1970-08-08,33.41,17.80,6.97
1970-08-09,31.03,19.04,6.97
1970-08-10,26.61,17.77,2.88
1970-08-11,26.47,16.45,2.42
1970-08-12,28.37,9.29,2.33
1970-08-13,32.43,12.54,0.29
1970-08-14,27.64,15.81,3.96
1970-08-15,28.21,19.30,6.64
1970-08-16,30.89,17.21,5.08
1970-08-17,30.67,14.67,2.80
1970-08-18,27.18,11.87,4.45
1970-08-19,27.63,12.29,1.64
1970-08-20,28.52,16.18,2.55
1970-08-21,31.90,18.88,3.83
1970-08-22,31.79,18.83,6.18
1970-08-23,30.90,18.24,4.66
1970-08-24,29.21,17.82,6.02
1970-08-25,30.80,17.00,6.63
1970-08-26,29.66,16.68,4.33
1970-08-27,29.25,15.48,3.76
1970-08-28,28.55,15.80,5.22
1970-08-29,29.08,14.76,5.24
1970-08-30,33.31,18.43,4.22
1970-08-31,32.28,17.06,3.74
1970-09-01,32.21,21.32,6.73
1970-09-02,31.01,21.08,8.08
1970-09-03,30.50,19.59,6.69
1970-09-04,32.70,19.66,6.12
1970-09-05,30.81,18.65,8.41
1970-09-06,30.53,21.82,11.02
1970-09-07,29.09,24.09,13.69
1970-09-08,30.36,20.09,7.46
1970-09-09,33.91,21.30,9.66
1970-09-10,34.37,21.81,12.06
1970-09-11,35.16,17.46,5.33
1970-09-12,31.61,12.88,2.91
1970-09-13,31.10,19.62,5.73
1970-09-14,28.92,22.52,9.83
1970-09-15,31.21,23.19,9.74
1970-09-16,29.29,19.03,4.00
1970-09-17,32.16,14.62,4.31
1970-09-18,29.78,16.59,5.28
1970-09-19,30.20,19.52,3.39
1970-09-20,31.61,19.21,5.54
1970-09-21,31.29,16.97,3.51
1970-09-22,28.59,19.00,3.84
1970-09-23,28.66,19.92,5.68
1970-09-24,26.54,22.32,6.72
1970-09-25,30.08,22.01,7.37
1970-09-26,30.82,17.77,6.37
1970-09-27,31.61,17.44,7.79
1970-09-28,33.59,17.31,10.44
1970-09-29,29.81,16.81,11.46
1970-09-30,28.31,10.73,7.21
1970-10-01,27.47,15.28,4.73
1970-10-02,28.65,17.98,7.50
1970-10-03,30.55,21.74,4.95
1970-10-04,29.16,23.62,5.40
1970-10-05,31.30,17.99,9.34
1970-10-06,30.73,19.49,9.81
1970-10-07,27.76,16.47,4.37
1970-10-08,30.61,19.54,5.64
1970-10-09,30.80,22.90,10.01
1970-10-10,31.13,22.95,8.89
1970-10-11,30.43,20.53,10.43
1970-10-12,29.15,23.05,12.08
1970-10-13,31.39,22.84,12.73
1970-10-14,30.23,21.22,12.80
1970-10-15,31.50,21.16,12.38
1970-10-16,30.22,14.72,10.69
1970-10-17,33.12,18.62,8.06
1970-10-18,33.39,21.00,11.87
1970-10-19,34.27,24.07,19.10
1970-10-20,31.55,25.51,17.37
1970-10-21,30.86,24.57,16.82
1970-10-22,31.20,20.57,14.66
1970-10-23,32.07,24.56,13.33
1970-10-24,33.70,25.13,12.05
1970-10-25,33.34,26.82,18.23
1970-10-26,32.78,24.07,19.36
1970-10-27,29.79,24.02,16.73
1970-10-28,30.64,23.79,14.95
1970-10-29,31.58,21.20,10.64
1970-10-30,31.71,15.82,8.98
1970-10-31,31.09,20.95,7.26
1970-11-01,32.25,24.66,7.29
1970-11-02,31.17,27.82,10.64
1970-11-03,32.78,28.76,15.46
1970-11-04,31.82,26.52,15.62
1970-11-05,32.28,24.88,12.88
1970-11-06,32.20,24.35,15.26
1970-11-07,32.12,25.71,12.70
1970-11-08,30.79,25.87,10.31
1970-11-09,31.15,26.96,17.21
1970-11-10,30.05,21.77,16.48
1970-11-11,29.71,19.89,10.84
1970-11-12,27.88,25.45,13.20
1970-11-13,30.11,24.78,13.74
1970-11-14,28.99,23.11,12.48
1970-11-15,32.12,22.14,7.63
1970-11-16,32.12,25.16,7.80
1970-11-17,30.70,26.83,14.21
1970-11-18,31.66,27.07,17.63
1970-11-19,30.27,23.94,14.28
1970-11-20,31.05,22.05,15.21
1970-11-21,32.20,24.05,17.71
1970-11-22,31.91,25.77,13.93
1970-11-23,30.73,23.96,14.99
1970-11-24,33.85,22.56,11.20
1970-11-25,28.72,22.73,10.41
1970-11-26,29.95,21.95,9.29
1970-11-27,31.33,26.20,11.72
1970-11-28,30.52,26.98,11.40
1970-11-29,29.12,27.23,12.38
1970-11-30,30.33,29.13,16.86
1970-12-01,32.35,27.38,22.13
1970-12-02,31.88,27.96,23.57
1970-12-03,31.53,25.18,15.26
1970-12-04,30.72,26.88,11.91
1970-12-05,32.75,31.96,18.56
1970-12-06,31.10,30.47,21.56
1970-12-07,30.30,25.92,14.54
1970-12-08,29.79,22.86,10.07
1970-12-09,32.42,24.83,6.93
1970-12-10,29.95,21.36,7.39
1970-12-11,32.33,22.48,8.59
1970-12-12,34.72,28.10,7.61
1970-12-13,34.58,28.64,10.95
1970-12-14,32.38,27.71,17.12
1970-12-15,28.98,27.40,15.40
1970-12-16,29.02,25.18,13.75
1970-12-17,29.75,26.67,11.21
1970-12-18,29.32,27.49,14.39
1970-12-19,30.54,24.89,13.05
1970-12-20,30.46,28.42,13.95
1970-12-21,31.22,29.12,16.79
1970-12-22,31.05,28.19,11.99
1970-12-23,31.27,30.04,12.67
1970-12-24,29.94,28.36,11.57
1970-12-25,31.53,26.94,9.89
1970-12-26,30.36,25.48,11.17
1970-12-27,29.91,21.32,9.37
1970-12-28,30.11,26.40,10.45
1970-12-29,28.79,27.62,12.00
1970-12-30,31.06,29.48,15.90
1970-12-31,32.28,29.93,14.04
1971-01-01,30.88,32.00,18.93
1971-01-02,31.00,28.43,15.51
1971-01-03,29.77,28.46,11.17
1971-01-04,29.30,26.62,9.71
1971-01-05,28.93,29.00,11.33
1971-01-06,29.43,24.25,11.91
1971-01-07,30.77,24.12,10.27
1971-01-08,30.01,24.63,12.86
1971-01-09,30.23,20.66,14.57
1971-01-10,29.59,21.03,18.22
1971-01-11,29.89,21.73,16.55
1971-01-12,29.68,26.96,13.59
1971-01-13,29.54,31.40,16.54
1971-01-14,30.25,25.73,14.99
1971-01-15,32.06,27.44,15.50
1971-01-16,31.00,27.64,15.24
1971-01-17,29.50,29.00,14.05
1971-01-18,28.25,27.87,15.78
1971-01-19,28.63,25.57,10.63
1971-01-20,29.75,27.73,9.91
1971-01-21,28.56,28.25,10.47
1971-01-22,29.57,26.08,11.14
1971-01-23,30.76,26.15,11.87
1971-01-24,29.84,30.19,17.55
1971-01-25,26.39,27.93,14.92
1971-01-26,30.07,26.83,15.07
1971-01-27,30.41,27.23,15.36
1971-01-28,31.02,27.16,11.43
1971-01-29,29.33,26.08,12.81
1971-01-30,30.76,26.30,15.09
1971-01-31,30.58,27.21,15.05
1971-02-01,31.82,26.29,11.64
1971-02-02,31.60,25.31,11.22
1971-02-03,27.87,25.38,8.84
1971-02-04,30.86,26.49,10.48
1971-02-05,29.01,24.88,8.28
1971-02-06,28.99,26.85,13.02
1971-02-07,29.82,24.12,9.29
1971-02-08,30.82,26.78,9.47
1971-02-09,30.81,29.00,19.08
1971-02-10,32.12,26.77,19.18
1971-02-11,29.96,25.50,14.46
1971-02-12,29.49,25.42,11.57
1971-02-13,29.27,27.16,7.51
1971-02-14,30.38,28.82,13.30
1971-02-15,28.08,28.34,25.42
1971-02-16,28.60,25.74,23.65
1971-02-17,28.61,26.02,15.86
1971-02-18,30.48,26.90,11.11
1971-02-19,29.86,29.18,18.86
1971-02-20,29.79,26.16,19.93
1971-02-21,29.29,24.62,17.38
1971-02-22,28.73,26.70,16.71
1971-02-23,28.95,26.61,19.71
1971-02-24,32.62,30.04,24.90
1971-02-25,32.77,28.62,25.91
1971-02-26,33.90,27.89,26.66
1971-02-27,31.48,29.95,22.66
1971-02-28,32.03,25.91,25.80
1971-03-01,31.37,25.69,28.25
1971-03-02,32.26,25.25,23.24
1971-03-03,32.24,26.31,20.72
1971-03-04,30.69,27.05,20.05
1971-03-05,30.29,25.01,16.51
1971-03-06,30.86,25.79,15.10
1971-03-07,31.34,25.58,15.78
1971-03-08,31.03,24.87,14.09
1971-03-09,31.25,25.24,16.05
1971-03-10,29.23,26.44,16.06
1971-03-11,29.78,24.84,10.60
1971-03-12,31.87,22.53,9.80
1971-03-13,29.72,20.53,10.44
1971-03-14,30.94,23.25,13.35
1971-03-15,32.14,29.14,18.01
1971-03-16,30.94,26.36,17.35
1971-03-17,30.24,22.84,10.68
1971-03-18,30.66,25.86,11.64
1971-03-19,29.06,24.41,14.23
1971-03-20,29.41,25.63,13.45
1971-03-21,27.67,25.57,11.78
1971-03-22,28.73,26.29,13.50
1971-03-23,27.61,28.00,12.16
1971-03-24,30.12,25.49,11.06
1971-03-25,30.30,27.85,14.54
1971-03-26,29.26,24.98,11.95
1971-03-27,28.79,25.08,13.75
1971-03-28,29.04,23.67,12.94
1971-03-29,29.89,23.12,10.93
1971-03-30,29.18,27.00,16.12
1971-03-31,30.39,25.69,18.64
1971-04-01,29.17,25.84,14.03
1971-04-02,29.23,25.56,10.91
1971-04-03,29.64,27.08,12.77
1971-04-04,29.22,25.07,14.26
1971-04-05,30.13,23.68,15.66
1971-04-06,29.54,24.90,9.48
1971-04-07,30.48,24.71,10.26
1971-04-08,30.12,25.47,8.57
1971-04-09,30.61,21.76,7.33
1971-04-10,30.09,23.54,10.16
1971-04-11,29.83,22.62,8.31
1971-04-12,30.47,24.55,9.54
1971-04-13,30.88,23.65,10.14
1971-04-14,30.04,20.66,8.93
1971-04-15,28.37,17.65,7.40
1971-04-16,25.83,22.29,11.39
1971-04-17,28.53,16.78,6.07
1971-04-18,31.01,19.63,4.79
1971-04-19,29.27,15.46,6.93
1971-04-20,28.49,11.86,9.19
1971-04-21,28.55,15.79,11.01
1971-04-22,29.20,19.65,11.04
1971-04-23,30.73,21.23,14.03
1971-04-24,30.78,20.39,15.42
1971-04-25,31.29,18.95,15.45
1971-04-26,29.17,17.49,10.69
1971-04-27,27.79,19.51,7.64
1971-04-28,24.91,21.79,10.56
1971-04-29,29.10,19.34,6.46
1971-04-30,28.78,21.41,7.91
1971-05-01,28.80,19.96,5.82
1971-05-02,29.66,18.49,7.32
1971-05-03,28.07,19.34,9.39
1971-05-04,29.09,21.23,6.25
1971-05-05,28.99,16.57,11.35
1971-05-06,29.33,15.08,10.45
1971-05-07,26.98,18.53,10.45
1971-05-08,29.03,21.65,8.93
1971-05-09,28.73,21.99,8.09
1971-05-10,30.43,23.04,9.34
1971-05-11,29.60,22.29,10.09
1971-05-12,27.25,22.36,9.96
1971-05-13,29.65,18.70,12.91
1971-05-14,30.10,16.10,6.95
1971-05-15,30.42,16.62,6.85
1971-05-16,28.57,19.98,7.03
1971-05-17,25.29,19.84,8.45
1971-05-18,27.60,19.89,9.60
1971-05-19,27.24,20.68,8.93
1971-05-20,28.75,18.95,8.78
1971-05-21,28.36,19.79,7.88
1971-05-22,29.46,17.86,5.15
1971-05-23,28.23,11.33,4.89
1971-05-24,29.21,15.79,4.26
1971-05-25,29.98,16.07,4.49
1971-05-26,31.90,20.40,7.12
1971-05-27,30.63,21.08,8.41
1971-05-28,28.01,23.41,10.64
1971-05-29,28.83,23.81,12.91
1971-05-30,29.03,20.82,12.01
1971-05-31,26.69,17.98,9.40
1971-06-01,27.15,18.67,8.26
1971-06-02,30.58,16.74,7.20
1971-06-03,29.58,13.83,6.30
1971-06-04,29.54,15.58,8.94
1971-06-05,28.22,15.66,6.83
1971-06-06,25.32,14.71,6.17
1971-06-07,25.21,12.52,5.14
1971-06-08,28.18,15.34,5.13
1971-06-09,27.25,14.78,4.87
1971-06-10,25.52,15.34,5.48
1971-06-11,25.32,16.30,5.28
1971-06-12,27.06,14.91,5.11
1971-06-13,26.58,14.84,2.05
1971-06-14,27.49,12.74,3.34
1971-06-15,29.34,15.27,3.77
1971-06-16,27.08,15.68,5.17
1971-06-17,23.50,12.02,3.08
1971-06-18,22.76,11.05,1.24
1971-06-19,25.22,7.03,0.25
1971-06-20,24.89,12.00,2.00
1971-06-21,23.82,7.76,2.21
1971-06-22,22.72,12.12,0.73
1971-06-23,27.81,11.68,3.17
1971-06-24,29.05,12.28,1.81
1971-06-25,26.61,9.98,3.96
1971-06-26,29.23,10.60,2.46
1971-06-27,27.55,11.17,3.28
1971-06-28,27.00,8.80,1.22
1971-06-29,24.88,10.32,2.57
1971-06-30,25.64,14.36,1.96
1971-07-01,27.29,16.54,2.15
1971-07-02,27.30,10.98,2.43
1971-07-03,26.22,12.36,2.29
1971-07-04,28.09,12.48,1.83
1971-07-05,25.63,15.40,1.85
1971-07-06,27.56,12.45,0.61
1971-07-07,30.07,16.95,2.24
1971-07-08,28.10,17.69,2.28
1971-07-09,30.80,17.51,4.28
1971-07-10,33.38,15.84,4.11
1971-07-11,27.68,14.51,2.68
1971-07-12,28.31,15.73,3.82
1971-07-13,26.07,17.08,3.48
1971-07-14,29.06,18.20,5.78
1971-07-15,30.07,18.18,7.52
1971-07-16,29.41,16.59,6.22
1971-07-17,32.04,17.81,2.89
1971-07-18,29.83,18.35,4.53
1971-07-19,30.93,16.29,4.27
1971-07-20,29.85,18.67,5.80
1971-07-21,28.17,15.34,4.84
1971-07-22,28.06,17.48,4.38
1971-07-23,28.49,13.11,1.72
1971-07-24,27.33,17.11,3.14
1971-07-25,28.05,16.58,6.29
1971-07-26,28.73,15.21,2.75
1971-07-27,29.79,13.54,2.22
1971-07-28,30.82,15.77,4.50
1971-07-29,31.00,9.85,2.67
1971-07-30,30.02,14.95,5.88
1971-07-31,27.93,17.30,3.32
1971-08-01,28.63,15.16,1.13
1971-08-02,25.54,9.97,1.84
1971-08-03,27.39,8.89,0.21
1971-08-04,26.22,12.05,1.49
1971-08-05,26.20,12.77,0.61
1971-08-06,22.30,13.40,2.22
1971-08-07,19.43,15.18,6.01
1971-08-08,24.38,14.75,3.58
1971-08-09,27.58,17.16,3.72
1971-08-10,27.25,18.83,5.13
1971-08-11,26.17,15.00,3.54
1971-08-12,29.85,12.64,3.19
1971-08-13,25.95,17.73,5.30
1971-08-14,27.82,19.45,4.22
1971-08-15,29.49,19.47,4.90
1971-08-16,28.91,17.61,4.45
1971-08-17,28.01,17.98,3.06
1971-08-18,30.40,14.91,-0.24
1971-08-19,27.21,10.33,2.63
1971-08-20,24.76,7.39,3.65
1971-08-21,26.12,13.36,0.86
1971-08-22,27.32,15.71,1.43
1971-08-23,26.28,14.54,2.42
1971-08-24,30.70,19.26,7.56
1971-08-25,31.38,19.99,10.58
1971-08-26,29.39,17.14,11.62
1971-08-27,30.07,16.83,10.04
1971-08-28,29.88,18.90,4.00
1971-08-29,31.57,17.27,8.16
1971-08-30,33.02,17.83,9.50
1971-08-31,30.34,20.99,8.01
1971-09-01,29.07,19.80,2.42
1971-09-02,30.48,18.19,5.96
1971-09-03,30.46,19.65,9.58
1971-09-04,27.77,13.21,6.46
1971-09-05,26.98,15.48,1.75
1971-09-06,26.94,18.89,3.65
1971-09-07,29.27,21.54,4.54
1971-09-08,32.09,22.80,11.14
1971-09-09,33.06,17.64,11.83
1971-09-10,27.70,9.74,5.29
1971-09-11,31.80,17.11,6.63
1971-09-12,33.06,19.61,8.18
1971-09-13,27.73,16.31,3.75
1971-09-14,26.08,14.33,0.83
1971-09-15,26.33,20.20,5.06
1971-09-16,28.59,21.17,10.51
1971-09-17,29.74,14.69,7.51
1971-09-18,29.37,18.38,4.25
1971-09-19,29.81,18.84,5.33
1971-09-20,28.87,15.99,6.53
1971-09-21,30.07,17.85,5.31
1971-09-22,31.86,18.76,4.46
1971-09-23,32.02,17.67,3.59
1971-09-24,33.24,19.73,5.94
1971-09-25,30.41,18.85,4.80
1971-09-26,29.71,21.87,7.64
1971-09-27,29.63,20.97,12.30
1971-09-28,31.94,21.50,14.20
1971-09-29,32.35,19.36,11.07
1971-09-30,31.54,21.26,10.18
1971-10-01,30.94,20.41,6.28
1971-10-02,28.16,16.84,4.95
1971-10-03,28.44,15.84,7.99
1971-10-04,30.59,22.06,11.18
1971-10-05,29.23,21.58,13.50
1971-10-06,32.12,15.54,4.25
1971-10-07,31.99,13.38,4.49
1971-10-08,29.17,20.56,6.05
1971-10-09,30.34,20.65,6.72
1971-10-10,30.62,22.35,9.69
1971-10-11,33.27,23.87,9.98
1971-10-12,31.44,24.88,14.97
1971-10-13,32.40,26.66,16.32
1971-10-14,31.63,24.27,8.39
1971-10-15,31.64,25.00,11.84
1971-10-16,30.09,26.48,17.50
1971-10-17,31.21,22.77,16.42
1971-10-18,31.34,18.32,9.12
1971-10-19,33.72,23.97,8.19
1971-10-20,30.88,26.69,12.03
1971-10-21,30.43,26.29,11.33
1971-10-22,31.10,22.47,13.61
1971-10-23,30.11,23.89,16.50
1971-10-24,28.92,26.40,19.36
1971-10-25,29.30,26.06,21.80
1971-10-26,29.65,23.17,18.60
1971-10-27,32.08,23.00,17.21
1971-10-28,32.36,26.48,16.72
1971-10-29,33.12,23.50,15.18
1971-10-30,32.06,24.79,18.38
1971-10-31,31.16,25.38,18.12
1971-11-01,29.22,27.58,17.84
1971-11-02,30.99,25.95,15.09
1971-11-03,31.00,24.64,10.51
1971-11-04,32.39,27.75,9.07
1971-11-05,30.62,25.16,7.79
1971-11-06,32.17,27.98,13.15
1971-11-07,33.17,27.23,11.28
1971-11-08,30.80,28.66,13.87
1971-11-09,29.27,30.09,14.11
1971-11-10,32.79,24.84,11.20
1971-11-11,30.75,23.91,10.89
1971-11-12,29.19,28.84,14.85
1971-11-13,31.09,29.48,15.56
1971-11-14,31.02,27.72,14.37
1971-11-15,33.15,29.29,13.08
1971-11-16,33.19,27.11,8.29
1971-11-17,32.09,25.36,7.38
1971-11-18,31.69,29.34,15.06
1971-11-19,28.57,28.52,18.40
1971-11-20,28.76,25.24,18.34
1971-11-21,30.36,24.82,16.77
1971-11-22,30.99,25.46,9.85
1971-11-23,32.84,24.66,10.40
1971-11-24,33.09,20.31,9.80
1971-11-25,31.95,26.11,11.14
1971-11-26,31.96,28.59,11.91
1971-11-27,31.61,28.25,13.04
1971-11-28,30.72,27.39,14.20
1971-11-29,31.56,26.19,13.68
1971-11-30,32.44,28.39,13.03
1971-12-01,31.38,28.89,13.14
1971-12-02,31.07,23.38,9.63
1971-12-03,32.82,22.01,9.09
1971-12-04,31.46,31.12,15.31
1971-12-05,29.77,27.57,10.78
1971-12-06,33.42,27.99,12.12
1971-12-07,33.24,27.48,15.44
1971-12-08,30.84,28.60,11.56
1971-12-09,30.78,30.29,12.27
1971-12-10,31.44,29.21,17.27
1971-12-11,31.08,28.81,12.50
1971-12-12,32.49,25.03,6.46
1971-12-13,32.90,28.34,9.12
1971-12-14,33.32,27.73,11.86
1971-12-15,32.43,27.68,11.04
1971-12-16,34.51,26.84,8.02
1971-12-17,32.76,26.12,7.42
1971-12-18,31.24,25.18,7.43
1971-12-19,30.36,25.48,6.47
1971-12-20,30.61,20.17,8.81
1971-12-21,31.46,25.52,10.11
1971-12-22,30.73,28.09,13.51
1971-12-23,28.90,30.00,19.69
1971-12-24,29.43,26.60,20.56
1971-12-25,29.42,24.67,18.38
1971-12-26,29.42,27.17,16.60
1971-12-27,31.90,28.39,14.89
1971-12-28,31.05,26.15,11.27
1971-12-29,30.30,26.66,12.68
1971-12-30,30.18,28.22,19.05
1971-12-31,31.19,28.12,19.34
1972-01-01,30.09,29.72,17.14
1972-01-02,28.32,30.18,14.25
1972-01-03,30.10,29.38,18.15
1972-01-04,30.44,28.09,16.73
1972-01-05,30.78,30.61,19.00
1972-01-06,31.32,31.15,24.60
1972-01-07,30.39,31.10,29.02
1972-01-08,31.64,28.54,21.32
1972-01-09,31.11,29.82,19.82
1972-01-10,32.53,29.14,22.18
1972-01-11,31.13,28.12,15.29
1972-01-12,30.83,30.30,12.85
1972-01-13,29.91,30.23,10.76
1972-01-14,29.98,29.97,11.30
1972-01-15,30.51,29.44,12.14
1972-01-16,31.24,31.88,18.08
1972-01-17,32.68,31.11,20.71
1972-01-18,30.96,30.13,15.53
1972-01-19,30.41,31.56,19.29
1972-01-20,30.59,30.85,23.11
1972-01-21,30.16,29.82,21.57
1972-01-22,30.45,29.42,20.89
1972-01-23,30.47,30.36,19.99
1972-01-24,30.16,29.48,16.47
1972-01-25,29.40,30.88,11.47
1972-01-26,30.45,28.83,14.11
1972-01-27,30.08,29.75,17.78
1972-01-28,29.16,30.42,19.22
1972-01-29,29.16,29.37,14.10
1972-01-30,29.16,29.93,13.45
1972-01-31,29.92,27.83,12.85
1972-02-01,33.39,30.67,16.12
1972-02-02,31.17,32.60,12.26
1972-02-03,29.36,30.86,17.72
1972-02-04,30.68,31.16,16.37
1972-02-05,30.81,31.51,15.97
1972-02-06,31.89,30.57,18.57
1972-02-07,30.98,29.93,21.27
1972-02-08,31.06,30.11,14.13
1972-02-09,31.46,28.09,11.32
1972-02-10,31.51,27.66,13.30
1972-02-11,32.55,26.86,12.39
1972-02-12,31.78,26.36,13.38
1972-02-13,30.61,29.50,16.92
1972-02-14,30.64,31.38,21.23
1972-02-15,33.20,28.49,17.05
1972-02-16,31.82,28.62,17.34
1972-02-17,32.63,28.35,18.50
1972-02-18,33.69,30.00,22.66
1972-02-19,31.82,28.20,20.89
1972-02-20,29.77,28.38,13.39
1972-02-21,31.34,29.01,18.20
1972-02-22,30.93,28.68,23.33
1972-02-23,30.75,28.46,23.17
1972-02-24,31.45,28.08,22.95
1972-02-25,26.27,29.18,23.19
1972-02-26,28.92,29.46,19.96
1972-02-27,27.86,30.28,23.79
1972-02-28,30.20,29.54,24.22
1972-02-29,30.58,28.38,17.32
1972-03-01,31.60,27.17,13.12
1972-03-02,32.96,27.10,12.37
1972-03-03,33.23,27.11,14.08
1972-03-04,34.19,28.09,13.65
1972-03-05,32.92,26.64,14.10
1972-03-06,32.45,27.44,16.76
1972-03-07,31.93,25.49,19.95
1972-03-08,30.88,26.34,16.43
1972-03-09,30.18,28.33,16.57
1972-03-10,28.67,26.52,19.56
1972-03-11,28.35,25.84,18.37
1972-03-12,29.69,27.45,17.11
1972-03-13,29.21,26.64,18.88
1972-03-14,28.21,27.11,16.34
1972-03-15,29.76,26.28,17.66
1972-03-16,30.55,24.40,13.85
1972-03-17,30.91,24.57,15.00
1972-03-18,31.04,29.19,14.91
1972-03-19,31.82,27.91,12.90
1972-03-20,30.45,27.18,16.11
1972-03-21,30.84,26.25,10.40
1972-03-22,30.72,26.12,11.77
1972-03-23,29.86,19.85,10.53
1972-03-24,29.01,21.13,9.98
1972-03-25,27.99,25.58,13.92
1972-03-26,28.32,19.42,10.52
1972-03-27,29.75,23.67,14.03
1972-03-28,30.21,25.77,15.73
1972-03-29,31.24,27.27,16.06
1972-03-30,31.56,27.73,13.94
1972-03-31,33.63,29.16,20.53
1972-04-01,30.23,26.12,14.93
1972-04-02,30.02,26.21,11.21
1972-04-03,28.06,26.85,12.39
1972-04-04,30.78,26.81,15.98
1972-04-05,31.31,28.60,14.36
1972-04-06,32.15,25.61,12.20
1972-04-07,31.09,24.79,15.28
1972-04-08,32.11,24.81,16.57
1972-04-09,32.63,27.65,18.73
1972-04-10,32.77,24.62,14.90
1972-04-11,31.06,24.08,12.28
1972-04-12,29.95,21.99,9.53
1972-04-13,27.77,17.93,7.68
1972-04-14,28.66,20.59,7.07
1972-04-15,28.75,25.45,12.88
1972-04-16,29.23,24.86,16.54
1972-04-17,29.35,22.10,16.85
1972-04-18,29.24,20.91,16.66
1972-04-19,28.95,22.57,16.05
1972-04-20,28.46,20.04,16.33
1972-04-21,28.36,20.78,17.98
1972-04-22,28.16,18.86,9.58
1972-04-23,28.16,16.52,7.85
1972-04-24,28.49,15.06,11.97
1972-04-25,28.20,19.09,12.59
1972-04-26,25.05,21.80,10.78
1972-04-27,27.15,24.18,13.40
1972-04-28,26.84,22.99,11.08
1972-04-29,27.69,22.30,11.77
1972-04-30,28.49,21.58,15.47
1972-05-01,28.43,21.39,11.95
1972-05-02,27.09,21.86,8.58
1972-05-03,27.82,19.74,6.24
1972-05-04,32.72,21.73,4.95
1972-05-05,30.89,18.13,6.32
1972-05-06,29.71,15.69,5.78
1972-05-07,29.07,13.05,6.56
1972-05-08,30.32,15.42,5.57
1972-05-09,30.04,20.61,6.96
1972-05-10,29.63,23.48,8.61
1972-05-11,31.70,22.28,10.55
1972-05-12,31.89,21.55,9.19
1972-05-13,31.13,24.95,12.44
1972-05-14,29.63,19.65,9.03
1972-05-15,29.58,18.11,10.25
1972-05-16,26.87,19.45,7.15
1972-05-17,26.68,20.40,7.27
1972-05-18,28.73,19.82,10.27
1972-05-19,30.97,19.82,9.69
1972-05-20,29.97,16.29,9.39
1972-05-21,27.73,15.06,8.56
1972-05-22,29.54,15.51,7.50
1972-05-23,27.28,14.20,6.23
1972-05-24,29.09,12.74,6.51
1972-05-25,27.02,11.42,6.92
1972-05-26,31.23,16.75,6.71
1972-05-27,27.67,18.04,7.69
1972-05-28,30.88,16.21,7.82
1972-05-29,30.15,21.30,5.01
1972-05-30,31.29,16.37,8.41
1972-05-31,34.68,11.93,4.02
1972-06-01,31.91,10.62,2.19
1972-06-02,30.48,12.50,1.28
1972-06-03,28.01,13.49,3.01
1972-06-04,32.03,13.09,3.51
1972-06-05,31.93,12.43,3.36
1972-06-06,31.72,10.46,5.09
1972-06-07,29.66,12.33,5.91
1972-06-08,29.75,14.83,5.52
1972-06-09,27.02,13.52,5.39
1972-06-10,27.45,15.15,5.12
1972-06-11,29.90,17.28,3.97
1972-06-12,28.65,15.16,4.80
1972-06-13,26.78,11.73,7.05
1972-06-14,25.08,10.91,8.55
1972-06-15,24.04,14.71,7.13
1972-06-16,29.33,18.12,6.74
1972-06-17,30.20,19.50,8.76
1972-06-18,32.19,20.17,9.90
1972-06-19,30.91,17.38,7.27
1972-06-20,31.24,18.66,7.30
1972-06-21,30.05,19.61,8.01
1972-06-22,28.46,19.94,7.26
1972-06-23,29.72,20.74,7.55
1972-06-24,28.86,18.87,6.13
1972-06-25,29.54,16.27,4.79
1972-06-26,30.57,16.03,4.74
1972-06-27,28.79,11.94,2.79
1972-06-28,30.23,9.09,3.83
1972-06-29,31.85,9.21,4.46
1972-06-30,30.89,11.58,3.96
1972-07-01,29.47,12.27,4.21
1972-07-02,27.43,9.86,4.94
1972-07-03,25.46,14.08,2.64
1972-07-04,27.20,11.19,3.35
1972-07-05,25.67,12.96,0.76
1972-07-06,25.34,8.21,0.26
1972-07-07,23.65,9.15,0.74
1972-07-08,23.34,14.66,2.39
1972-07-09,26.11,14.44,2.04
1972-07-10,28.69,15.33,2.21
1972-07-11,29.64,16.47,4.18
1972-07-12,27.25,14.17,2.11
1972-07-13,27.66,16.21,1.77
1972-07-14,24.49,14.40,2.19
1972-07-15,31.04,12.26,2.46
1972-07-16,32.67,16.64,3.86
1972-07-17,27.85,16.80,3.25
1972-07-18,24.93,12.79,0.10
1972-07-19,28.90,10.04,0.46
1972-07-20,28.59,8.23,1.27
1972-07-21,28.09,11.93,-0.26
1972-07-22,28.59,14.51,2.85
1972-07-23,32.03,17.36,3.60
1972-07-24,31.36,17.63,4.02
1972-07-25,32.26,15.26,6.99
1972-07-26,32.19,13.00,6.00
1972-07-27,28.91,10.10,2.27
1972-07-28,31.24,16.52,3.91
1972-07-29,30.95,20.53,8.05
1972-07-30,28.89,16.50,4.97
1972-07-31,29.80,14.52,4.38
1972-08-01,31.92,12.76,0.99
1972-08-02,32.10,14.09,-0.02
1972-08-03,30.01,16.56,3.46
1972-08-04,30.40,18.20,2.49
1972-08-05,32.39,15.16,4.79
1972-08-06,32.88,16.61,4.64
1972-08-07,32.10,21.15,4.41
1972-08-08,30.20,20.26,8.09
1972-08-09,29.67,17.19,4.53
1972-08-10,28.76,17.33,6.82
1972-08-11,31.56,9.71,6.12
1972-08-12,34.43,14.09,5.57
1972-08-13,34.40,12.62,6.99
1972-08-14,29.91,13.54,3.34
1972-08-15,30.28,9.12,4.17
1972-08-16,29.27,12.49,3.41
1972-08-17,25.73,11.37,4.31
1972-08-18,28.23,10.94,6.30
1972-08-19,29.12,10.23,6.92
1972-08-20,28.92,13.90,5.69
1972-08-21,30.70,13.09,2.86
1972-08-22,29.90,14.73,4.07
1972-08-23,28.11,15.16,2.19
1972-08-24,25.75,5.65,4.53
1972-08-25,26.15,11.57,6.58
1972-08-26,26.03,14.20,6.52
1972-08-27,27.39,13.91,2.92
1972-08-28,27.94,14.52,4.07
1972-08-29,28.31,16.27,5.18
1972-08-30,30.58,20.12,10.11
1972-08-31,31.45,20.61,10.62
1972-09-01,30.78,21.41,7.30
1972-09-02,31.02,19.21,10.55
1972-09-03,34.95,14.48,7.17
1972-09-04,33.84,11.21,3.64
1972-09-05,35.11,13.94,5.44
1972-09-06,31.09,12.20,6.05
1972-09-07,34.06,14.43,6.13
1972-09-08,35.40,18.84,8.34
1972-09-09,34.80,18.27,4.37
1972-09-10,30.77,19.52,4.73
1972-09-11,32.14,20.86,8.33
1972-09-12,34.90,19.14,12.79
1972-09-13,34.06,17.65,6.44
1972-09-14,31.32,16.47,6.41
1972-09-15,26.03,12.19,9.26
1972-09-16,20.33,10.62,4.03
1972-09-17,29.45,10.54,2.45
1972-09-18,30.29,10.89,4.88
1972-09-19,31.09,15.22,2.82
1972-09-20,34.27,22.87,11.51
1972-09-21,34.94,26.16,17.51
1972-09-22,30.08,24.87,14.29
1972-09-23,31.25,21.26,8.40
1972-09-24,28.30,15.19,6.62
1972-09-25,28.23,17.00,3.18
1972-09-26,26.83,16.56,4.73
1972-09-27,28.96,20.12,5.65
1972-09-28,29.64,23.50,5.46
1972-09-29,29.18,21.11,5.50
1972-09-30,28.99,13.13,4.28
1972-10-01,30.55,15.82,4.33
1972-10-02,30.77,11.93,3.33
1972-10-03,30.33,15.77,4.61
1972-10-04,32.21,19.75,9.37
1972-10-05,30.41,23.19,12.62
1972-10-06,32.47,18.16,14.60
1972-10-07,32.91,15.72,12.80
1972-10-08,29.30,19.12,9.49
1972-10-09,32.37,17.08,8.69
1972-10-10,31.80,18.00,6.21
1972-10-11,32.02,16.91,4.89
1972-10-12,30.96,13.91,4.41
1972-10-13,31.18,13.35,4.33
1972-10-14,30.20,22.82,9.22
1972-10-15,32.52,27.45,15.94
1972-10-16,32.50,27.30,18.15
1972-10-17,31.81,20.59,10.87
1972-10-18,32.52,19.97,7.98
1972-10-19,31.41,22.81,6.63
1972-10-20,33.07,23.62,8.10
1972-10-21,30.20,26.95,10.34
1972-10-22,30.51,27.07,11.97
1972-10-23,28.82,26.49,15.33
1972-10-24,33.56,24.22,10.82
1972-10-25,32.68,22.17,7.04
1972-10-26,32.41,17.01,4.74
1972-10-27,33.42,19.74,8.68
1972-10-28,33.24,21.04,11.55
1972-10-29,32.59,19.39,9.00
1972-10-30,32.68,17.30,5.77
1972-10-31,30.09,18.05,5.30
1972-11-01,32.56,23.42,9.12
1972-11-02,31.46,28.39,15.04
1972-11-03,30.98,28.45,16.35
1972-11-04,32.05,28.18,18.68
1972-11-05,31.10,25.84,15.10
1972-11-06,32.58,20.64,15.58
1972-11-07,29.22,21.10,13.93
1972-11-08,31.95,17.83,15.41
1972-11-09,32.52,22.23,13.05
1972-11-10,31.94,22.06,8.22
1972-11-11,30.23,22.69,9.59
1972-11-12,33.07,20.64,12.43
1972-11-13,31.96,20.05,12.04
1972-11-14,30.10,16.08,9.27
1972-11-15,28.69,17.74,10.75
1972-11-16,29.02,15.68,16.08
1972-11-17,31.02,25.77,14.78
1972-11-18,32.98,22.35,16.60
1972-11-19,34.71,25.16,17.52
1972-11-20,32.86,30.61,21.68
1972-11-21,35.05,25.56,23.19
1972-11-22,33.44,24.68,21.35
1972-11-23,32.27,22.66,19.17
1972-11-24,33.94,24.59,16.20
1972-11-25,31.84,28.65,14.53
1972-11-26,32.41,27.27,10.61
1972-11-27,33.70,22.49,9.24
1972-11-28,31.90,26.79,10.71
1972-11-29,32.10,24.50,14.15
1972-11-30,32.05,22.11,12.11
1972-12-01,30.84,24.94,14.38
1972-12-02,28.83,27.04,15.53
1972-12-03,31.45,26.09,13.91
1972-12-04,32.97,30.72,16.81
1972-12-05,31.38,32.86,18.07
1972-12-06,30.56,31.98,15.61
1972-12-07,31.02,28.52,11.91
1972-12-08,30.99,26.75,12.91
1972-12-09,30.36,28.71,15.16
1972-12-10,29.00,32.34,18.71
1972-12-11,31.21,30.91,21.94
1972-12-12,32.09,29.87,18.29
1972-12-13,31.30,28.81,17.02
1972-12-14,31.95,29.50,15.51
1972-12-15,33.15,31.93,18.50
1972-12-16,30.64,32.15,16.38
1972-12-17,30.09,33.15,20.01
1972-12-18,30.50,30.31,25.02
1972-12-19,31.16,30.63,26.36
1972-12-20,30.93,30.32,19.74
1972-12-21,30.84,29.05,18.82
1972-12-22,28.92,25.79,14.79
1972-12-23,30.78,29.55,19.05
1972-12-24,32.46,31.39,23.75
1972-12-25,32.58,29.79,22.83
1972-12-26,33.27,28.28,18.62
1972-12-27,34.97,27.38,17.78
1972-12-28,33.53,28.90,15.67
1972-12-29,30.82,31.82,17.32
1972-12-30,31.11,29.31,14.57
1972-12-31,32.35,30.62,11.65
1973-01-01,31.61,33.34,14.38
1973-01-02,33.76,33.75,14.23
1973-01-03,34.41,34.35,18.28
1973-01-04,31.16,32.30,12.37
1973-01-05,33.14,32.93,13.62
1973-01-06,34.18,31.04,13.63
1973-01-07,33.75,32.34,12.10
1973-01-08,33.42,28.84,14.71
1973-01-09,34.01,27.84,11.39
1973-01-10,32.01,26.65,12.29
1973-01-11,32.55,29.39,13.26
1973-01-12,33.34,28.21,14.70
1973-01-13,31.73,25.86,14.39
1973-01-14,31.96,30.06,17.05
1973-01-15,32.53,29.79,19.94
1973-01-16,32.16,28.79,16.37
1973-01-17,32.84,29.59,15.62
1973-01-18,32.45,30.46,16.56
1973-01-19,31.11,32.91,19.83
1973-01-20,31.29,30.57,22.39
1973-01-21,33.32,27.51,17.16
1973-01-22,32.36,25.90,12.01
1973-01-23,33.02,25.98,11.30
1973-01-24,33.22,28.68,15.44
1973-01-25,32.85,29.70,19.35
1973-01-26,31.30,28.32,17.97
1973-01-27,33.29,29.86,25.33
1973-01-28,34.05,29.00,22.91
1973-01-29,34.56,30.49,19.24
1973-01-30,33.87,29.93,14.47
1973-01-31,33.79,30.54,15.95
1973-02-01,34.30,29.54,16.00
1973-02-02,32.62,30.95,16.65
1973-02-03,30.75,33.61,23.83
1973-02-04,30.88,31.14,27.75
1973-02-05,30.32,31.51,26.68
1973-02-06,30.28,29.32,22.05
1973-02-07,30.39,28.80,17.51
1973-02-08,30.85,26.11,11.42
1973-02-09,31.59,19.62,15.07
1973-02-10,31.42,27.43,11.59
1973-02-11,29.33,30.69,13.52
1973-02-12,30.04,27.39,12.85
1973-02-13,32.95,29.72,16.48
1973-02-14,31.58,31.09,26.43
1973-02-15,31.56,28.21,22.97
1973-02-16,31.40,27.08,16.64
1973-02-17,32.35,28.61,21.83
1973-02-18,31.56,31.72,27.65
1973-02-19,31.73,27.54,20.06
1973-02-20,30.83,25.53,15.22
1973-02-21,32.13,26.25,10.61
1973-02-22,30.62,22.07,10.29
1973-02-23,29.99,20.18,13.33
1973-02-24,30.42,27.70,14.41
1973-02-25,30.52,31.01,21.05
1973-02-26,29.80,28.82,17.77
1973-02-27,31.68,25.36,15.57
1973-02-28,32.70,28.45,18.31
1973-03-01,32.71,28.27,18.60
1973-03-02,31.50,26.42,16.95
1973-03-03,30.52,26.37,17.72
1973-03-04,31.69,27.05,22.75
1973-03-05,31.98,27.41,21.38
1973-03-06,31.75,26.81,22.45
1973-03-07,31.54,25.98,24.64
1973-03-08,32.02,28.31,24.77
1973-03-09,31.75,26.12,19.18
1973-03-10,31.71,27.64,20.93
1973-03-11,31.27,25.16,16.15
1973-03-12,30.62,23.15,13.92
1973-03-13,28.92,26.73,11.59
1973-03-14,30.87,27.56,14.93
1973-03-15,31.20,28.31,15.51
1973-03-16,31.99,25.49,16.98
1973-03-17,31.36,26.64,21.23
1973-03-18,32.25,28.53,18.37
1973-03-19,32.69,29.20,20.33
1973-03-20,33.06,28.16,18.14
1973-03-21,34.90,29.73,16.07
1973-03-22,32.64,29.53,18.66
1973-03-23,31.28,25.47,14.71
1973-03-24,31.20,24.00,11.62
1973-03-25,31.20,26.52,15.89
1973-03-26,30.87,27.49,20.60
1973-03-27,31.94,26.60,18.18
1973-03-28,32.01,25.77,17.87
1973-03-29,31.87,23.21,11.66
1973-03-30,32.12,23.58,12.39
1973-03-31,31.60,24.20,15.62
1973-04-01,28.30,23.95,16.51
1973-04-02,28.50,20.42,14.64
1973-04-03,28.15,22.01,8.00
1973-04-04,29.08,24.58,14.82
1973-04-05,25.01,21.55,13.21
1973-04-06,24.79,20.80,6.95
1973-04-07,28.98,25.07,9.44
1973-04-08,29.98,27.34,9.20
1973-04-09,32.44,27.80,14.40
1973-04-10,30.60,24.77,10.76
1973-04-11,31.68,26.49,12.28
1973-04-12,31.72,26.54,15.14
1973-04-13,30.82,24.22,11.74
1973-04-14,31.32,22.16,14.39
1973-04-15,29.75,24.00,14.52
1973-04-16,27.63,24.53,9.51
1973-04-17,30.50,22.81,10.47
1973-04-18,32.51,26.04,13.93
1973-04-19,33.56,22.05,11.45
1973-04-20,32.20,24.10,14.00
1973-04-21,31.46,23.56,12.75
1973-04-22,30.47,21.03,11.58
1973-04-23,28.50,19.26,13.70
1973-04-24,27.51,17.21,12.99
1973-04-25,27.61,23.00,11.63
1973-04-26,26.71,21.49,11.33
1973-04-27,29.66,14.55,8.75
1973-04-28,31.85,18.26,6.38
1973-04-29,31.06,19.38,7.32
1973-04-30,32.93,15.69,7.50
1973-05-01,30.63,16.51,6.68
1973-05-02,31.59,22.11,10.12
1973-05-03,29.36,23.25,12.10
1973-05-04,29.42,21.77,9.87
1973-05-05,30.23,19.07,8.88
1973-05-06,29.09,20.77,12.03
1973-05-07,29.44,17.59,13.29
1973-05-08,29.10,16.48,8.48
1973-05-09,31.24,21.35,10.49
1973-05-10,28.07,21.23,10.97
1973-05-11,31.06,20.42,10.32
1973-05-12,29.98,20.33,10.75
1973-05-13,33.44,19.90,12.18
1973-05-14,28.08,17.01,11.51
1973-05-15,28.91,12.66,7.25
1973-05-16,29.86,13.82,7.67
1973-05-17,27.30,19.93,10.15
1973-05-18,26.79,18.49,11.41
1973-05-19,26.13,10.61,6.17
1973-05-20,27.80,9.97,7.78
1973-05-21,29.28,17.12,9.33
1973-05-22,28.87,18.96,8.64
1973-05-23,27.80,17.70,7.17
1973-05-24,29.19,18.86,6.98
1973-05-25,28.22,15.16,6.34
1973-05-26,29.01,14.99,8.43
1973-05-27,27.77,11.50,3.42
1973-05-28,27.20,14.21,4.34
1973-05-29,28.37,16.34,7.35
1973-05-30,26.31,18.02,6.33
1973-05-31,27.10,20.41,8.93
1973-06-01,29.02,16.80,9.35
1973-06-02,30.14,17.59,8.24
1973-06-03,31.20,17.69,7.56
1973-06-04,30.50,15.56,6.45
1973-06-05,32.08,14.86,6.77
1973-06-06,31.16,11.74,7.03
1973-06-07,28.98,12.63,7.22
1973-06-08,31.52,15.03,6.62
1973-06-09,30.10,18.76,5.49
1973-06-10,26.86,18.42,6.08
1973-06-11,27.53,13.03,4.27
1973-06-12,27.68,15.05,5.86
1973-06-13,31.66,18.49,7.74
1973-06-14,30.19,14.78,8.50
1973-06-15,27.05,9.53,5.29
1973-06-16,27.26,9.41,0.41
1973-06-17,26.80,11.42,0.33
1973-06-18,28.82,15.81,3.91
1973-06-19,27.16,16.82,4.43
1973-06-20,28.41,15.83,3.86
1973-06-21,27.99,13.77,3.36
1973-06-22,27.41,12.32,4.62
1973-06-23,25.64,11.96,3.87
1973-06-24,25.70,13.83,2.06
1973-06-25,28.07,8.78,2.26
1973-06-26,27.66,11.61,0.74
1973-06-27,28.29,12.59,3.59
1973-06-28,25.63,17.71,3.94
1973-06-29,27.27,17.32,3.43
1973-06-30,27.43,13.37,2.73
1973-07-01,29.97,16.50,0.79
1973-07-02,30.67,17.16,2.25
1973-07-03,30.33,17.08,4.45
1973-07-04,28.56,15.73,5.84
1973-07-05,26.81,13.03,3.11
1973-07-06,30.25,14.18,4.47
1973-07-07,32.40,11.04,2.81
1973-07-08,27.92,9.44,2.66
1973-07-09,26.47,11.77,1.50
1973-07-10,27.29,11.29,0.68
1973-07-11,28.45,9.92,1.98
1973-07-12,27.86,9.02,0.69
1973-07-13,25.88,10.51,1.95
1973-07-14,27.07,13.36,2.83
1973-07-15,25.35,8.05,1.45
1973-07-16,29.14,10.94,1.96
1973-07-17,30.14,11.20,0.28
1973-07-18,32.49,13.99,-0.28
1973-07-19,27.62,12.04,-1.99
1973-07-20,24.89,9.62,0.64
1973-07-21,28.70,12.78,0.58
1973-07-22,29.25,14.72,2.95
1973-07-23,26.25,14.80,3.98
1973-07-24,24.75,11.40,3.60
1973-07-25,26.27,13.12,3.50
1973-07-26,25.04,15.20,3.06
1973-07-27,28.14,17.32,2.55
1973-07-28,29.84,16.68,3.56
1973-07-29,27.63,14.64,3.52
1973-07-30,27.44,8.72,1.24
1973-07-31,27.37,15.12,3.20
1973-08-01,26.26,16.67,5.32
1973-08-02,26.29,16.61,6.30
1973-08-03,29.46,18.06,3.05
1973-08-04,29.87,17.17,3.90
1973-08-05,31.35,18.22,4.00
1973-08-06,29.11,19.51,2.98
1973-08-07,27.25,15.54,2.36
1973-08-08,25.91,13.46,2.48
1973-08-09,24.86,13.02,2.32
1973-08-10,25.15,12.21,5.15
1973-08-11,24.08,15.03,4.99
1973-08-12,26.86,14.66,1.43
1973-08-13,27.86,17.29,5.96
1973-08-14,26.22,12.29,4.71
1973-08-15,30.02,17.44,3.54
1973-08-16,27.74,19.00,2.75
1973-08-17,28.95,15.43,2.52
1973-08-18,28.27,18.54,3.38
1973-08-19,28.13,19.39,8.12
1973-08-20,24.38,16.35,7.34
1973-08-21,30.46,16.53,7.36
1973-08-22,32.78,18.45,7.17
1973-08-23,30.22,15.66,2.40
1973-08-24,27.34,12.02,1.80
1973-08-25,25.92,13.43,2.78
1973-08-26,21.69,15.92,3.04
1973-08-27,27.38,17.48,3.71
1973-08-28,26.89,17.83,6.31
1973-08-29,27.26,17.25,10.57
1973-08-30,28.97,20.20,13.46
1973-08-31,32.06,24.10,15.32
1973-09-01,31.93,22.80,12.51
1973-09-02,29.63,18.35,4.40
1973-09-03,29.34,14.72,4.70
1973-09-04,25.55,11.57,2.72
1973-09-05,24.96,15.47,3.84
1973-09-06,26.70,17.64,6.41
1973-09-07,29.00,16.91,10.46
1973-09-08,32.34,19.25,5.07
1973-09-09,33.05,19.48,1.63
1973-09-10,33.98,18.59,4.61
1973-09-11,31.79,13.99,4.11
1973-09-12,29.36,17.56,2.58
1973-09-13,27.60,14.77,2.69
1973-09-14,30.64,17.40,2.98
1973-09-15,29.83,15.36,3.75
1973-09-16,29.15,18.10,9.33
1973-09-17,28.93,13.04,10.06
1973-09-18,31.34,16.62,8.24
1973-09-19,28.14,17.11,10.75
1973-09-20,29.57,22.84,11.59
1973-09-21,30.56,24.10,15.33
1973-09-22,31.87,22.25,16.66
1973-09-23,33.19,20.94,8.72
1973-09-24,32.02,20.22,5.51
1973-09-25,33.53,17.60,4.76
1973-09-26,32.69,17.66,10.19
1973-09-27,32.98,19.11,13.44
1973-09-28,34.29,15.04,8.35
1973-09-29,35.90,18.86,6.65
1973-09-30,33.52,20.94,10.67
1973-10-01,33.65,21.89,10.18
1973-10-02,35.88,18.84,8.71
1973-10-03,32.59,17.41,8.33
1973-10-04,32.79,18.40,11.05
1973-10-05,32.04,16.59,6.95
1973-10-06,32.76,19.38,4.43
1973-10-07,31.45,17.61,7.51
1973-10-08,31.10,18.93,5.22
1973-10-09,29.91,8.93,5.55
1973-10-10,30.07,15.34,2.17
1973-10-11,29.15,13.87,5.08
1973-10-12,32.55,22.89,9.44
1973-10-13,32.58,28.54,16.35
1973-10-14,31.66,22.17,19.70
1973-10-15,32.35,21.59,17.08
1973-10-16,32.59,20.95,13.88
1973-10-17,32.43,26.42,12.74
1973-10-18,30.14,27.15,18.18
1973-10-19,27.92,19.93,9.95
1973-10-20,28.64,14.19,4.05
1973-10-21,28.75,12.00,5.87
1973-10-22,28.23,13.36,8.05
1973-10-23,26.17,22.18,8.39
1973-10-24,30.22,17.50,14.57
1973-10-25,29.54,23.62,13.13
1973-10-26,30.60,25.28,9.03
1973-10-27,32.04,21.09,8.79
1973-10-28,31.96,19.07,10.36
1973-10-29,30.95,23.39,12.88
1973-10-30,30.30,17.15,9.48
1973-10-31,29.58,21.12,14.17
1973-11-01,31.70,22.94,15.23
1973-11-02,30.54,19.76,14.84
1973-11-03,31.51,15.33,10.27
1973-11-04,32.69,26.52,7.75
1973-11-05,33.82,23.54,8.06
1973-11-06,31.80,28.04,15.74
1973-11-07,33.61,23.91,17.22
1973-11-08,34.36,24.64,18.13
1973-11-09,33.54,24.35,15.22
1973-11-10,31.42,22.28,17.66
1973-11-11,32.40,18.21,12.43
1973-11-12,33.41,22.61,13.75
1973-11-13,33.21,28.66,13.89
1973-11-14,32.10,29.06,13.67
1973-11-15,31.27,25.46,8.25
1973-11-16,31.97,24.16,9.71
1973-11-17,31.27,26.29,13.75
1973-11-18,31.49,29.21,14.85
1973-11-19,30.68,30.23,20.94
1973-11-20,31.14,27.17,20.75
1973-11-21,32.62,24.69,18.28
1973-11-22,33.32,28.10,12.46
1973-11-23,31.15,26.18,9.07
1973-11-24,30.58,28.38,14.15
1973-11-25,32.86,26.29,13.63
1973-11-26,33.09,30.47,15.85
1973-11-27,32.93,29.26,20.30
1973-11-28,33.20,23.54,14.82
1973-11-29,32.57,23.40,8.18
1973-11-30,33.10,23.86,12.66
1973-12-01,31.13,30.17,21.02
1973-12-02,30.14,25.94,16.42
1973-12-03,28.88,21.04,11.79
1973-12-04,28.25,25.82,18.13
1973-12-05,28.33,23.46,11.67
1973-12-06,29.38,17.42,11.05
1973-12-07,29.19,25.36,12.10
1973-12-08,30.30,27.21,14.72
1973-12-09,30.12,25.82,13.33
1973-12-10,29.23,29.56,16.96
1973-12-11,30.15,28.14,19.89
1973-12-12,27.75,24.73,11.50
1973-12-13,29.13,26.12,10.66
1973-12-14,28.70,27.50,9.58
1973-12-15,29.73,31.97,15.33
1973-12-16,29.04,25.60,12.38
1973-12-17,28.47,26.37,13.21
1973-12-18,30.05,28.57,18.88
1973-12-19,30.64,28.84,24.86
1973-12-20,31.71,25.02,16.73
1973-12-21,32.46,27.86,19.64
1973-12-22,29.50,28.59,18.33
1973-12-23,29.15,27.62,15.97
1973-12-24,29.14,24.56,21.66
1973-12-25,29.68,25.92,17.25
1973-12-26,30.69,25.90,18.58
1973-12-27,30.92,26.79,20.39
1973-12-28,31.11,28.75,16.52
1973-12-29,30.96,30.75,14.22
1973-12-30,30.39,29.11,16.68
1973-12-31,30.81,28.05,11.76
1974-01-01,30.43,24.16,10.52
1974-01-02,30.69,24.03,11.06
1974-01-03,31.94,27.83,12.21
1974-01-04,30.81,25.48,10.36
1974-01-05,30.83,29.04,11.47
1974-01-06,28.93,29.24,10.96
1974-01-07,28.24,30.08,11.91
1974-01-08,30.13,28.14,12.68
1974-01-09,31.24,28.43,13.30
1974-01-10,31.93,31.11,16.81
1974-01-11,31.72,29.16,13.36
1974-01-12,30.94,31.56,12.43
1974-01-13,30.40,31.08,12.86
1974-01-14,29.56,31.48,21.07
1974-01-15,30.52,29.83,19.65
1974-01-16,29.54,29.93,13.99
1974-01-17,29.17,30.87,14.16
1974-01-18,29.37,30.03,14.11
1974-01-19,27.48,29.45,12.25
1974-01-20,26.55,26.70,11.87
1974-01-21,26.33,27.72,13.30
1974-01-22,26.22,28.52,20.62
1974-01-23,26.96,26.58,20.32
1974-01-24,27.27,28.09,18.34
1974-01-25,28.12,27.73,19.98
1974-01-26,27.98,28.31,18.02
1974-01-27,29.59,28.64,19.85
1974-01-28,29.31,30.60,21.68
1974-01-29,28.37,29.11,18.91
1974-01-30,29.50,29.45,23.16
1974-01-31,30.30,30.61,19.16
1974-02-01,29.39,29.11,14.75
1974-02-02,27.57,25.19,11.54
1974-02-03,30.06,27.67,11.58
1974-02-04,29.86,29.34,12.11
1974-02-05,30.22,27.30,10.61
1974-02-06,31.46,28.11,10.54
1974-02-07,30.45,29.24,17.99
1974-02-08,28.68,27.34,20.66
1974-02-09,28.28,27.11,19.90
1974-02-10,27.84,25.15,16.66
1974-02-11,28.03,28.77,16.71
1974-02-12,30.16,27.75,21.31
1974-02-13,30.24,29.05,24.00
1974-02-14,28.70,26.92,22.18
1974-02-15,29.50,26.87,21.39
1974-02-16,29.43,26.06,22.30
1974-02-17,27.86,28.10,20.30
1974-02-18,30.37,28.38,20.20
1974-02-19,30.78,27.82,23.95
1974-02-20,31.32,26.49,22.45
1974-02-21,30.45,27.74,20.11
1974-02-22,31.10,28.18,18.16
1974-02-23,30.05,30.05,21.00
1974-02-24,29.65,28.56,23.55
1974-02-25,28.93,24.22,20.91
1974-02-26,30.80,26.67,14.59
1974-02-27,29.64,28.89,18.29
1974-02-28,30.19,29.10,12.06
1974-03-01,29.64,26.12,10.29
1974-03-02,29.03,28.08,9.97
1974-03-03,28.49,28.61,10.69
1974-03-04,30.46,27.33,12.89
1974-03-05,31.05,29.52,14.92
1974-03-06,30.32,27.50,16.53
1974-03-07,29.89,28.36,15.73
1974-03-08,29.84,27.39,15.89
1974-03-09,29.39,26.00,12.69
1974-03-10,28.68,26.97,15.35
1974-03-11,29.27,25.54,17.25
1974-03-12,28.41,25.06,14.15
1974-03-13,28.69,26.19,9.22
1974-03-14,30.35,24.02,8.53
1974-03-15,32.56,25.60,9.17
1974-03-16,31.39,30.64,15.64
1974-03-17,28.56,26.78,23.23
1974-03-18,30.61,24.73,17.69
1974-03-19,30.24,25.63,16.98
1974-03-20,30.02,26.78,21.82
1974-03-21,30.35,24.62,22.54
1974-03-22,29.80,24.59,18.29
1974-03-23,29.97,24.01,14.44
1974-03-24,29.08,25.70,15.30
1974-03-25,28.29,24.09,14.46
1974-03-26,27.76,25.40,12.53
1974-03-27,27.21,26.80,13.92
1974-03-28,26.34,24.63,13.89
1974-03-29,26.83,23.12,10.14
1974-03-30,27.29,23.34,10.56
1974-03-31,28.30,25.53,14.33
1974-04-01,28.37,27.79,15.42
1974-04-02,29.26,25.81,18.54
1974-04-03,29.60,24.92,13.40
1974-04-04,29.06,26.82,13.90
1974-04-05,28.82,28.98,14.38
1974-04-06,25.08,25.31,13.59
1974-04-07,29.06,27.25,16.61
1974-04-08,28.76,26.34,14.40
1974-04-09,28.20,28.23,17.10
1974-04-10,27.79,25.09,19.66
1974-04-11,29.28,25.32,16.43
1974-04-12,30.34,24.11,11.32
1974-04-13,31.36,24.34,12.54
1974-04-14,31.02,24.09,12.12
1974-04-15,32.13,23.39,10.49
1974-04-16,30.08,24.17,11.66
1974-04-17,29.48,22.89,9.14
1974-04-18,31.71,23.48,10.70
1974-04-19,34.05,24.46,13.76
1974-04-20,32.41,25.95,13.95
1974-04-21,30.27,23.35,13.31
1974-04-22,28.04,21.80,16.12
1974-04-23,30.17,24.52,17.60
1974-04-24,32.31,22.47,15.79
1974-04-25,32.51,22.74,13.20
1974-04-26,30.07,21.98,11.81
1974-04-27,30.20,20.63,10.12
1974-04-28,30.79,20.69,9.37
1974-04-29,29.91,23.95,12.34
1974-04-30,29.80,27.13,14.95
1974-05-01,25.30,26.11,14.59
1974-05-02,28.46,20.55,16.88
1974-05-03,30.06,21.16,15.82
1974-05-04,29.86,21.15,13.72
1974-05-05,30.59,20.04,11.37
1974-05-06,28.58,18.30,6.87
1974-05-07,27.33,20.36,7.37
1974-05-08,26.71,23.14,8.38
1974-05-09,28.58,21.81,8.37
1974-05-10,27.07,15.42,9.54
1974-05-11,30.34,20.48,9.46
1974-05-12,31.36,22.56,9.83
1974-05-13,27.81,23.38,9.16
1974-05-14,30.30,22.22,11.42
1974-05-15,27.86,12.39,9.33
1974-05-16,27.05,11.48,7.76
1974-05-17,26.64,11.40,7.57
1974-05-18,28.20,16.08,6.09
1974-05-19,27.95,11.37,4.47
1974-05-20,27.16,12.06,6.23
1974-05-21,26.95,14.08,6.96
1974-05-22,28.44,10.24,4.50
1974-05-23,27.76,14.25,6.35
1974-05-24,26.36,9.05,5.59
1974-05-25,30.40,13.09,4.91
1974-05-26,29.69,18.98,10.01
1974-05-27,30.51,21.27,13.66
1974-05-28,32.23,19.76,11.64
1974-05-29,29.81,17.68,11.93
1974-05-30,25.03,16.14,9.84
1974-05-31,24.53,12.57,8.31
1974-06-01,28.10,13.11,5.98
1974-06-02,26.91,15.36,4.61
1974-06-03,27.93,16.04,4.79
1974-06-04,29.24,17.64,5.48
1974-06-05,26.56,17.09,4.51
1974-06-06,26.69,14.32,1.49
1974-06-07,23.41,7.99,3.54
1974-06-08,23.28,6.50,0.75
1974-06-09,30.48,10.41,1.60
1974-06-10,29.94,15.17,3.74
1974-06-11,29.59,17.12,6.68
1974-06-12,28.91,18.87,5.60
1974-06-13,29.08,15.70,4.09
1974-06-14,25.19,13.99,3.41
1974-06-15,26.50,13.20,3.82
1974-06-16,24.63,15.08,3.75
1974-06-17,27.05,12.55,2.41
1974-06-18,29.10,12.47,4.92
1974-06-19,27.41,8.96,2.79
1974-06-20,26.39,9.17,2.57
1974-06-21,29.68,13.90,3.49
1974-06-22,27.65,16.74,7.28
1974-06-23,26.51,13.49,4.73
1974-06-24,27.16,9.27,5.25
1974-06-25,25.48,10.50,4.15
1974-06-26,27.48,11.90,4.93
1974-06-27,28.27,10.38,3.06
1974-06-28,29.36,10.21,2.86
1974-06-29,26.80,8.27,2.54
1974-06-30,27.71,7.62,3.01
1974-07-01,29.32,8.37,3.85
1974-07-02,26.12,15.10,2.55
1974-07-03,24.49,16.64,6.00
1974-07-04,29.11,12.76,4.52
1974-07-05,31.32,15.15,3.98
1974-07-06,32.45,18.74,6.28
1974-07-07,31.09,18.30,6.00
1974-07-08,31.94,16.73,5.07
1974-07-09,31.95,16.47,5.52
1974-07-10,32.15,13.88,3.58
1974-07-11,30.90,14.71,3.22
1974-07-12,29.34,12.75,1.68
1974-07-13,24.86,8.27,0.82
1974-07-14,24.80,12.23,0.14
1974-07-15,25.90,10.65,3.28
1974-07-16,22.30,12.81,0.47
1974-07-17,21.09,12.38,2.60
1974-07-18,25.52,12.52,2.50
1974-07-19,27.43,14.19,1.87
1974-07-20,25.05,13.52,1.69
1974-07-21,25.16,9.07,1.45
1974-07-22,28.31,7.06,1.66
1974-07-23,30.63,10.14,0.69
1974-07-24,32.38,15.91,0.81
1974-07-25,30.85,15.88,1.75
1974-07-26,28.73,15.91,2.87
1974-07-27,25.76,15.27,2.59
1974-07-28,26.76,13.63,2.12
1974-07-29,31.49,16.88,3.58
1974-07-30,30.20,17.54,8.62
1974-07-31,29.24,15.00,3.28
1974-08-01,26.73,15.13,2.93
1974-08-02,23.58,10.53,2.71
1974-08-03,25.86,12.47,5.16
1974-08-04,28.66,13.32,-0.35
1974-08-05,28.31,14.10,1.13
1974-08-06,26.67,13.57,1.67
1974-08-07,30.12,15.66,2.60
1974-08-08,28.39,17.25,5.21
1974-08-09,31.39,17.91,7.93
1974-08-10,32.79,19.94,8.04
1974-08-11,32.62,18.72,7.77
1974-08-12,28.91,19.67,7.78
1974-08-13,28.61,19.69,3.42
1974-08-14,29.50,18.84,3.33
1974-08-15,31.99,18.79,5.74
1974-08-16,32.55,22.13,6.90
1974-08-17,33.79,20.70,7.41
1974-08-18,31.97,23.80,10.45
1974-08-19,27.11,21.36,2.73
1974-08-20,31.13,22.73,6.67
1974-08-21,32.44,23.12,5.75
1974-08-22,31.57,19.77,4.04
1974-08-23,32.33,16.18,2.56
1974-08-24,31.12,17.70,3.84
1974-08-25,29.23,19.18,5.83
1974-08-26,28.81,16.86,5.33
1974-08-27,27.54,14.88,4.48
1974-08-28,29.46,11.48,1.52
1974-08-29,29.04,9.61,-0.76
1974-08-30,25.61,8.79,-0.39
1974-08-31,27.88,10.89,-0.17
1974-09-01,27.71,14.79,3.60
1974-09-02,31.63,18.34,6.13
1974-09-03,33.01,18.31,7.93
1974-09-04,32.27,17.97,7.58
1974-09-05,31.52,20.00,9.46
1974-09-06,29.18,22.71,11.85
1974-09-07,29.41,22.35,3.13
1974-09-08,25.35,25.70,12.48
1974-09-09,30.80,21.55,10.49
1974-09-10,28.86,19.94,6.12
1974-09-11,29.47,15.16,8.84
1974-09-12,30.79,14.53,7.09
1974-09-13,28.16,11.36,6.28
1974-09-14,29.28,12.02,5.11
1974-09-15,28.60,15.33,6.92
1974-09-16,24.08,18.31,9.68
1974-09-17,28.41,16.71,9.42
1974-09-18,30.96,23.30,10.93
1974-09-19,28.96,18.00,8.74
1974-09-20,31.43,14.14,2.00
1974-09-21,30.34,17.28,4.91
1974-09-22,28.46,17.43,8.16
1974-09-23,30.34,17.57,9.76
1974-09-24,23.14,18.19,9.92
1974-09-25,26.88,13.97,6.93
1974-09-26,29.70,18.11,6.19
1974-09-27,29.30,18.52,4.24
1974-09-28,32.20,23.07,9.78
1974-09-29,32.73,26.94,12.69
1974-09-30,32.18,23.35,14.74
1974-10-01,30.30,23.26,12.59
1974-10-02,28.40,20.18,12.10
1974-10-03,28.94,20.14,8.10
1974-10-04,25.83,20.38,8.34
1974-10-05,29.57,23.84,12.35
1974-10-06,29.87,25.74,13.54
1974-10-07,30.75,23.68,16.92
1974-10-08,31.67,23.68,12.53
1974-10-09,33.58,22.94,12.89
1974-10-10,34.09,23.12,13.59
1974-10-11,34.05,23.10,15.88
1974-10-12,33.73,26.08,16.52
1974-10-13,33.27,23.52,16.63
1974-10-14,31.60,23.36,13.52
1974-10-15,30.39,20.66,16.12
1974-10-16,32.75,24.65,16.60
1974-10-17,31.84,23.88,14.21
1974-10-18,31.34,22.30,11.38
1974-10-19,31.59,22.46,13.69
1974-10-20,34.43,23.50,15.17
1974-10-21,35.56,26.20,15.13
1974-10-22,32.52,21.62,8.13
1974-10-23,28.54,13.66,5.09
1974-10-24,29.11,14.14,5.57
1974-10-25,28.73,15.69,4.20
1974-10-26,28.80,16.81,6.19
1974-10-27,30.70,24.62,7.01
1974-10-28,28.16,23.00,9.65
1974-10-29,32.34,24.35,16.90
1974-10-30,31.54,27.05,15.82
1974-10-31,27.55,24.22,18.76
1974-11-01,31.21,23.49,17.09
1974-11-02,31.76,24.79,12.69
1974-11-03,29.89,25.16,13.71
1974-11-04,29.27,23.07,16.48
1974-11-05,28.93,27.57,21.24
1974-11-06,31.31,24.02,14.87
1974-11-07,31.50,27.03,23.09
1974-11-08,31.57,24.40,20.25
1974-11-09,31.80,24.65,13.21
1974-11-10,30.50,22.03,11.39
1974-11-11,31.86,20.69,15.08
1974-11-12,29.07,25.02,11.38
1974-11-13,29.07,26.40,12.85
1974-11-14,31.80,26.62,12.61
1974-11-15,32.93,27.60,14.24
1974-11-16,34.81,28.19,14.08
1974-11-17,34.99,25.74,7.68
1974-11-18,34.65,23.02,7.32
1974-11-19,30.85,23.18,6.92
1974-11-20,31.14,26.95,9.85
1974-11-21,31.48,28.92,17.20
1974-11-22,31.02,25.46,16.20
1974-11-23,30.09,19.36,7.51
1974-11-24,32.45,23.36,6.95
1974-11-25,31.91,22.60,6.81
1974-11-26,30.27,23.24,6.23
1974-11-27,28.97,26.98,10.01
1974-11-28,27.70,23.48,11.35
1974-11-29,29.45,17.96,8.05
1974-11-30,30.37,14.94,8.37
1974-12-01,31.05,18.95,5.51
1974-12-02,29.45,26.77,11.16
1974-12-03,31.53,25.97,17.36
1974-12-04,32.04,26.70,21.60
1974-12-05,31.18,25.38,22.89
1974-12-06,29.39,27.11,19.03
1974-12-07,28.06,22.92,19.04
1974-12-08,28.58,24.57,16.82
1974-12-09,30.80,23.59,18.56
1974-12-10,27.61,19.47,19.25
1974-12-11,31.69,22.28,15.91
1974-12-12,33.72,30.52,21.67
1974-12-13,33.41,29.89,19.75
1974-12-14,31.16,28.23,18.50
1974-12-15,29.23,27.96,19.15
1974-12-16,30.48,27.62,23.61
1974-12-17,29.20,27.13,18.48
1974-12-18,29.57,27.25,13.05
1974-12-19,30.14,26.42,13.78
1974-12-20,31.55,27.26,13.99
1974-12-21,31.82,28.43,10.04
1974-12-22,31.52,30.22,13.36
1974-12-23,31.14,29.79,16.41
1974-12-24,30.20,30.14,17.69
1974-12-25,30.98,28.11,15.91
1974-12-26,30.19,22.88,10.79
1974-12-27,29.87,22.30,10.71
1974-12-28,30.99,29.76,12.23
1974-12-29,30.09,27.80,14.46
1974-12-30,29.79,31.07,18.09
1974-12-31,28.07,29.36,21.71
1975-01-01,27.02,27.86,20.19
1975-01-02,28.58,28.89,18.40
1975-01-03,28.85,28.88,20.55
1975-01-04,29.60,29.68,23.32
1975-01-05,30.89,30.46,17.86
1975-01-06,31.39,30.28,16.41
1975-01-07,29.81,31.07,20.65
1975-01-08,29.34,26.50,17.25
1975-01-09,28.82,27.42,19.05
1975-01-10,29.70,30.30,22.34
1975-01-11,29.11,28.27,21.08
1975-01-12,28.62,30.16,17.09
1975-01-13,30.86,29.17,19.33
1975-01-14,31.17,29.31,17.89
1975-01-15,29.97,29.48,15.63
1975-01-16,31.46,30.68,11.96
1975-01-17,29.42,29.55,15.40
1975-01-18,27.87,29.71,24.86
1975-01-19,30.36,28.00,25.21
1975-01-20,30.46,27.78,20.54
1975-01-21,30.12,28.76,19.26
1975-01-22,30.36,25.88,14.80
1975-01-23,28.47,26.34,14.26
1975-01-24,29.80,28.38,15.50
1975-01-25,28.84,28.58,20.22
1975-01-26,29.05,29.25,27.07
1975-01-27,29.13,28.65,30.32
1975-01-28,28.01,29.30,24.77
1975-01-29,28.70,28.79,24.57
1975-01-30,28.95,28.62,28.44
1975-01-31,28.09,28.57,24.87
1975-02-01,29.27,27.89,22.35
1975-02-02,30.20,26.55,18.25
1975-02-03,29.83,26.69,19.05
1975-02-04,29.05,28.12,24.63
1975-02-05,24.80,25.16,15.88
1975-02-06,30.33,23.68,12.59
1975-02-07,31.68,28.55,17.18
1975-02-08,29.64,28.20,12.31
1975-02-09,31.11,26.41,12.15
1975-02-10,30.89,25.88,12.48
1975-02-11,30.05,26.24,14.81
1975-02-12,29.57,27.88,11.11
1975-02-13,29.90,28.64,14.06
1975-02-14,29.89,24.44,10.22
1975-02-15,30.52,30.00,11.13
1975-02-16,29.86,29.75,13.96
1975-02-17,29.70,29.86,18.81
1975-02-18,27.26,28.22,20.08
1975-02-19,29.81,28.47,14.78
1975-02-20,31.18,29.43,19.82
1975-02-21,30.21,29.64,22.02
1975-02-22,30.22,27.58,13.23
1975-02-23,30.34,21.26,11.49
1975-02-24,30.24,28.36,15.08
1975-02-25,29.42,28.64,16.35
1975-02-26,30.20,28.78,18.66
1975-02-27,28.88,26.18,20.83
1975-02-28,28.77,26.04,15.79
1975-03-01,28.90,28.52,17.09
1975-03-02,28.12,30.73,19.80
1975-03-03,29.12,24.58,11.46
1975-03-04,29.02,22.47,9.12
1975-03-05,29.62,24.77,13.71
1975-03-06,29.68,28.88,20.78
1975-03-07,29.66,27.16,20.79
1975-03-08,29.61,24.21,14.51
1975-03-09,29.29,26.77,19.65
1975-03-10,29.70,26.64,20.08
1975-03-11,29.40,24.82,16.51
1975-03-12,30.20,25.26,15.82
1975-03-13,28.73,26.11,13.00
1975-03-14,29.63,28.62,16.01
1975-03-15,29.71,25.93,18.65
1975-03-16,29.85,25.31,20.91
1975-03-17,29.11,21.86,17.06
1975-03-18,28.98,22.89,17.62
1975-03-19,30.30,27.95,19.57
1975-03-20,28.91,30.60,18.75
1975-03-21,29.16,26.52,14.29
1975-03-22,30.63,26.80,16.63
1975-03-23,30.25,26.43,20.33
1975-03-24,30.65,23.30,20.36
1975-03-25,29.77,23.38,19.65
1975-03-26,30.78,24.52,18.95
1975-03-27,30.19,18.89,17.90
1975-03-28,30.38,22.01,15.47
1975-03-29,30.05,25.47,12.24
1975-03-30,29.53,26.13,17.41
1975-03-31,29.66,25.22,16.81
1975-04-01,31.23,26.44,16.02
1975-04-02,32.74,24.61,18.15
1975-04-03,29.38,20.90,15.82
1975-04-04,29.57,22.64,11.62
1975-04-05,29.14,22.82,13.65
1975-04-06,28.65,21.19,8.95
1975-04-07,29.20,19.06,8.46
1975-04-08,30.50,24.43,9.88
1975-04-09,30.10,21.26,9.25
1975-04-10,28.86,16.16,10.13
1975-04-11,28.52,27.48,12.04
1975-04-12,28.96,21.45,11.45
1975-04-13,31.75,15.87,8.95
1975-04-14,31.98,21.39,8.91
1975-04-15,28.75,24.87,7.81
1975-04-16,26.52,23.83,11.12
1975-04-17,28.82,21.30,9.51
1975-04-18,28.95,23.52,10.34
1975-04-19,29.85,23.54,13.06
1975-04-20,30.31,22.40,9.53
1975-04-21,27.70,19.12,11.03
1975-04-22,25.91,21.23,8.40
1975-04-23,27.40,25.22,11.10
1975-04-24,29.41,23.76,15.28
1975-04-25,30.74,24.49,17.25
1975-04-26,28.33,24.12,14.59
1975-04-27,27.43,22.16,14.13
1975-04-28,27.28,20.52,11.69
1975-04-29,27.82,17.91,7.31
1975-04-30,30.02,18.92,10.85
1975-05-01,28.33,20.39,10.96
1975-05-02,29.89,22.11,5.65
1975-05-03,28.12,21.87,8.42
1975-05-04,25.72,22.16,8.64
1975-05-05,28.70,23.35,11.36
1975-05-06,29.72,20.09,8.82
1975-05-07,26.09,18.80,7.17
1975-05-08,27.60,14.12,6.09
1975-05-09,27.10,15.06,8.52
1975-05-10,27.58,12.76,9.60
1975-05-11,27.16,14.29,10.25
1975-05-12,26.14,15.46,9.96
1975-05-13,28.96,13.29,9.54
1975-05-14,27.57,16.54,10.00
1975-05-15,25.68,17.03,8.08
1975-05-16,28.53,18.15,9.73
1975-05-17,26.70,20.00,10.96
1975-05-18,27.71,19.94,9.64
1975-05-19,30.25,19.83,9.20
1975-05-20,26.94,22.57,8.30
1975-05-21,25.61,23.38,12.72
1975-05-22,25.58,19.26,10.94
1975-05-23,29.09,18.00,11.56
1975-05-24,30.29,18.99,8.47
1975-05-25,31.54,18.99,7.38
1975-05-26,30.53,19.45,8.64
1975-05-27,29.01,16.79,8.71
1975-05-28,27.24,17.14,9.53
1975-05-29,28.57,13.30,7.27
1975-05-30,25.61,8.18,6.21
1975-05-31,22.11,10.21,6.41
1975-06-01,23.05,7.89,7.62
1975-06-02,23.79,11.63,7.47
1975-06-03,18.51,14.12,5.72
1975-06-04,19.71,15.33,6.35
1975-06-05,21.17,13.43,5.33
1975-06-06,24.82,14.73,4.95
1975-06-07,24.12,18.97,8.48
1975-06-08,25.08,14.76,4.19
1975-06-09,27.52,13.54,5.12
1975-06-10,27.61,15.85,4.01
1975-06-11,25.76,14.24,4.43
1975-06-12,26.29,19.16,6.54
1975-06-13,26.09,20.16,8.97
1975-06-14,25.30,18.34,9.13
1975-06-15,28.48,15.51,4.95
1975-06-16,30.74,19.11,6.34
1975-06-17,26.98,16.87,9.91
1975-06-18,28.92,11.54,7.52
1975-06-19,27.58,13.10,7.27
1975-06-20,26.26,11.37,5.62
1975-06-21,25.18,14.02,5.31
1975-06-22,30.68,10.26,5.32
1975-06-23,28.12,18.29,3.30
1975-06-24,29.89,16.99,5.38
1975-06-25,26.69,13.79,4.81
1975-06-26,25.36,10.47,5.42
1975-06-27,29.24,16.52,5.93
1975-06-28,25.68,17.84,9.04
1975-06-29,25.98,15.39,5.96
1975-06-30,27.10,16.04,9.51
1975-07-01,26.09,14.69,5.37
1975-07-02,26.40,12.81,4.11
1975-07-03,29.06,9.06,4.19
1975-07-04,26.02,8.28,2.17
1975-07-05,27.08,10.63,2.48
1975-07-06,25.18,15.61,3.31
1975-07-07,26.79,14.10,3.40
1975-07-08,27.81,8.16,0.40
1975-07-09,26.77,9.47,0.33
1975-07-10,25.90,7.43,1.38
1975-07-11,25.14,9.89,0.64
1975-07-12,28.89,9.62,-0.33
1975-07-13,23.05,7.79,1.78
1975-07-14,26.31,6.48,0.32
1975-07-15,23.59,11.10,-0.34
1975-07-16,25.88,14.26,2.65
1975-07-17,29.96,17.05,5.39
1975-07-18,29.02,16.77,7.81
1975-07-19,25.45,16.16,6.50
1975-07-20,24.81,15.31,7.51
1975-07-21,24.49,13.81,7.37
1975-07-22,25.74,14.04,6.69
1975-07-23,27.53,14.27,2.28
1975-07-24,24.43,14.34,1.27
1975-07-25,26.84,17.62,2.59
1975-07-26,26.19,15.47,4.03
1975-07-27,26.06,14.37,2.73
1975-07-28,28.42,11.36,1.62
1975-07-29,26.21,16.34,2.60
1975-07-30,26.49,17.64,1.95
1975-07-31,29.70,19.38,4.77
1975-08-01,29.86,14.79,2.55
1975-08-02,29.07,10.02,1.62
1975-08-03,27.50,11.78,0.64
1975-08-04,25.33,10.86,1.20
1975-08-05,26.07,11.11,0.48
1975-08-06,26.40,8.70,1.86
1975-08-07,28.33,5.99,3.48
1975-08-08,23.94,12.49,4.49
1975-08-09,23.45,12.81,8.47
1975-08-10,28.81,14.00,5.73
1975-08-11,27.40,15.72,1.29
1975-08-12,27.72,13.07,2.10
1975-08-13,25.42,18.52,6.04
1975-08-14,28.99,16.80,5.14
1975-08-15,29.06,18.48,8.96
1975-08-16,29.57,21.09,12.04
1975-08-17,27.41,19.19,6.95
1975-08-18,26.59,14.54,2.49
1975-08-19,26.53,11.22,2.44
1975-08-20,25.53,16.30,2.39
1975-08-21,24.51,18.32,3.90
1975-08-22,30.41,12.43,1.97
1975-08-23,32.95,13.42,1.65
1975-08-24,31.19,11.65,1.35
1975-08-25,28.70,18.20,3.30
1975-08-26,28.91,18.20,4.80
1975-08-27,25.37,10.53,2.38
1975-08-28,27.38,13.70,1.50
1975-08-29,27.09,15.88,0.80
1975-08-30,30.14,18.08,2.71
1975-08-31,27.93,17.93,4.57
1975-09-01,24.02,20.98,8.61
1975-09-02,27.82,22.25,9.10
1975-09-03,29.00,20.02,2.60
1975-09-04,28.58,16.28,3.80
1975-09-05,26.48,16.24,3.16
1975-09-06,26.39,17.94,5.04
1975-09-07,25.78,18.16,1.77
1975-09-08,26.31,14.68,2.31
1975-09-09,25.35,11.67,2.16
1975-09-10,21.76,17.01,3.35
1975-09-11,29.23,15.27,3.56
1975-09-12,25.63,14.79,2.65
1975-09-13,28.50,14.97,3.44
1975-09-14,27.46,24.07,8.25
1975-09-15,30.99,21.80,10.70
1975-09-16,30.38,18.75,10.91
1975-09-17,27.63,14.65,11.88
1975-09-18,27.87,11.68,10.59
1975-09-19,26.82,16.95,7.91
1975-09-20,27.47,19.72,6.77
1975-09-21,26.64,17.64,12.44
1975-09-22,27.57,18.94,12.16
1975-09-23,29.94,22.53,8.54
1975-09-24,30.70,22.19,13.28
1975-09-25,27.50,18.77,10.76
1975-09-26,30.84,20.80,7.04
1975-09-27,30.72,18.56,7.89
1975-09-28,26.99,10.22,4.38
1975-09-29,29.38,17.54,3.97
1975-09-30,26.65,17.18,4.06
1975-10-01,29.62,16.40,6.09
1975-10-02,28.94,21.40,2.98
1975-10-03,26.86,23.59,5.11
1975-10-04,28.42,20.90,10.04
1975-10-05,31.90,21.88,7.66
1975-10-06,28.76,15.00,3.35
1975-10-07,30.77,21.87,4.89
1975-10-08,33.61,23.08,12.48
1975-10-09,34.09,24.05,12.54
1975-10-10,34.13,24.34,11.47
1975-10-11,32.25,19.68,9.49
1975-10-12,29.15,19.21,6.73
1975-10-13,32.03,24.70,10.09
1975-10-14,32.52,22.87,9.49
1975-10-15,31.00,20.60,4.87
1975-10-16,30.05,23.35,6.89
1975-10-17,30.32,16.75,3.37
1975-10-18,33.20,21.10,9.30
1975-10-19,33.12,27.01,13.26
1975-10-20,33.38,28.70,17.03
1975-10-21,30.59,25.97,21.78
1975-10-22,32.01,25.02,19.37
1975-10-23,33.02,24.83,8.63
1975-10-24,36.02,22.04,11.77
1975-10-25,30.50,19.84,7.95
1975-10-26,28.54,18.23,5.69
1975-10-27,28.32,21.75,6.36
1975-10-28,29.04,18.41,10.05
1975-10-29,30.00,22.92,13.33
1975-10-30,29.45,24.34,15.36
1975-10-31,29.48,24.29,17.35
1975-11-01,29.31,22.68,15.57
1975-11-02,28.92,18.05,17.11
1975-11-03,28.90,17.82,18.94
1975-11-04,30.14,20.27,19.81
1975-11-05,32.24,20.52,13.41
1975-11-06,30.84,23.37,9.85
1975-11-07,29.42,19.65,8.16
1975-11-08,28.09,19.21,8.71
1975-11-09,28.92,24.23,10.19
1975-11-10,30.44,25.43,14.96
1975-11-11,31.03,28.06,10.05
1975-11-12,32.03,27.54,10.93
1975-11-13,28.51,24.88,7.92
1975-11-14,29.66,21.54,5.50
1975-11-15,28.63,11.30,4.66
1975-11-16,29.02,19.48,7.62
1975-11-17,31.05,26.52,9.66
1975-11-18,30.84,28.91,11.10
1975-11-19,29.16,23.93,9.51
1975-11-20,29.48,25.49,12.99
1975-11-21,29.31,25.95,9.96
1975-11-22,29.55,24.53,8.88
1975-11-23,31.16,24.55,9.13
1975-11-24,30.95,25.39,10.37
1975-11-25,29.43,26.54,13.26
1975-11-26,29.41,27.37,15.12
1975-11-27,32.55,22.48,9.41
1975-11-28,31.35,22.32,7.82
1975-11-29,30.36,26.29,10.89
1975-11-30,30.25,28.23,12.63
1975-12-01,30.12,27.99,10.94
1975-12-02,30.12,28.73,14.53
1975-12-03,26.14,30.09,15.93
1975-12-04,26.98,28.49,18.07
1975-12-05,27.68,27.56,12.04
1975-12-06,27.84,25.70,8.71
1975-12-07,28.23,24.38,8.92
1975-12-08,29.25,26.84,9.07
1975-12-09,29.48,29.38,13.63
1975-12-10,30.55,27.69,13.62
1975-12-11,30.28,28.78,15.94
1975-12-12,30.06,30.42,18.34
1975-12-13,30.10,33.15,21.28
1975-12-14,28.34,29.65,20.87
1975-12-15,30.82,29.05,18.09
1975-12-16,32.52,30.06,22.00
1975-12-17,31.15,25.63,12.58
1975-12-18,28.92,23.01,9.78
1975-12-19,28.93,29.38,11.75
1975-12-20,29.88,26.34,11.64
1975-12-21,28.94,26.96,9.35
1975-12-22,28.06,29.06,12.56
1975-12-23,27.45,31.05,18.12
1975-12-24,26.23,27.46,16.31
1975-12-25,27.40,25.39,14.88
1975-12-26,28.45,26.88,10.65
1975-12-27,28.66,31.30,15.06
1975-12-28,27.58,28.43,20.30
1975-12-29,27.48,28.11,16.02
1975-12-30,28.76,30.71,14.03
1975-12-31,27.73,27.97,15.11
1976-01-01,28.53,28.42,16.02
1976-01-02,30.44,27.89,25.04
1976-01-03,30.50,27.11,18.72
1976-01-04,30.26,25.61,16.43
1976-01-05,29.41,27.05,20.23
1976-01-06,28.86,28.36,19.31
1976-01-07,29.18,25.84,17.86
1976-01-08,30.61,25.41,11.02
1976-01-09,30.43,24.42,10.01
1976-01-10,29.53,26.78,11.10
1976-01-11,28.94,27.20,10.62
1976-01-12,30.95,26.83,12.36
1976-01-13,31.26,26.29,11.09
1976-01-14,32.07,29.45,11.84
1976-01-15,30.84,31.05,14.50
1976-01-16,31.00,29.67,15.92
1976-01-17,30.24,28.81,18.01
1976-01-18,29.50,28.39,12.44
1976-01-19,30.49,28.62,9.01
1976-01-20,31.27,29.69,20.45
1976-01-21,30.54,29.80,24.13
1976-01-22,30.77,29.95,19.84
1976-01-23,29.71,29.96,16.98
1976-01-24,30.57,29.00,15.99
1976-01-25,32.52,29.04,11.64
1976-01-26,32.23,27.58,14.02
1976-01-27,30.02,29.49,19.97
1976-01-28,28.39,28.74,23.55
1976-01-29,25.31,25.64,19.46
1976-01-30,26.61,26.40,18.17
1976-01-31,27.19,28.12,15.75
1976-02-01,25.27,27.02,11.85
1976-02-02,26.36,25.36,10.31
1976-02-03,29.65,26.91,10.34
1976-02-04,29.24,27.02,12.39
1976-02-05,29.16,28.73,15.89
1976-02-06,28.20,29.16,13.96
1976-02-07,29.12,28.65,17.18
1976-02-08,28.78,26.69,24.66
1976-02-09,28.50,25.03,27.65
1976-02-10,28.32,26.70,21.77
1976-02-11,30.07,27.52,19.62
1976-02-12,30.69,27.34,17.65
1976-02-13,31.11,25.09,20.84
1976-02-14,30.86,24.30,17.22
1976-02-15,30.41,28.92,14.02
1976-02-16,29.73,29.05,17.94
1976-02-17,29.74,28.41,20.09
1976-02-18,29.35,27.90,19.27
1976-02-19,29.83,28.36,21.18
1976-02-20,29.34,28.77,20.25
1976-02-21,29.51,28.54,23.38
1976-02-22,30.01,27.53,21.50
1976-02-23,30.26,27.74,19.66
1976-02-24,29.71,28.05,20.36
1976-02-25,29.50,28.96,22.44
1976-02-26,29.18,28.07,15.48
1976-02-27,29.96,28.25,11.33
1976-02-28,29.23,28.51,15.85
1976-02-29,29.21,26.54,10.14
1976-03-01,29.25,30.29,10.94
1976-03-02,28.88,27.70,16.20
1976-03-03,28.63,26.54,13.52
1976-03-04,29.94,28.61,15.17
1976-03-05,29.96,28.65,13.17
1976-03-06,29.47,27.27,12.91
1976-03-07,29.44,25.20,10.94
1976-03-08,30.04,26.78,12.32
1976-03-09,30.29,26.33,9.18
1976-03-10,29.47,22.44,9.21
1976-03-11,28.34,22.43,7.98
1976-03-12,29.31,25.16,13.28
1976-03-13,29.51,28.83,17.70
1976-03-14,29.49,27.81,16.00
1976-03-15,29.44,26.84,14.02
1976-03-16,29.43,26.61,10.35
1976-03-17,30.35,29.42,17.84
1976-03-18,29.72,27.01,11.91
1976-03-19,30.35,25.64,10.90
1976-03-20,29.53,26.04,12.76
1976-03-21,30.31,29.96,15.73
1976-03-22,29.73,27.17,16.91
1976-03-23,29.77,27.87,17.29
1976-03-24,30.08,28.50,18.58
1976-03-25,30.27,27.69,19.03
1976-03-26,29.61,26.00,20.23
1976-03-27,30.78,25.50,19.46
1976-03-28,31.00,25.49,15.57
1976-03-29,30.02,22.84,11.12
1976-03-30,30.48,18.61,15.65
1976-03-31,30.04,25.93,12.60
1976-04-01,28.18,26.92,16.25
1976-04-02,29.52,30.78,18.11
1976-04-03,28.14,24.09,10.93
1976-04-04,29.21,25.47,12.73
1976-04-05,30.46,29.33,20.75
1976-04-06,30.29,23.68,15.04
1976-04-07,30.90,22.03,9.10
1976-04-08,33.02,22.91,9.59
1976-04-09,31.81,18.81,7.34
1976-04-10,29.69,24.30,8.54
1976-04-11,28.52,25.41,11.14
1976-04-12,29.47,25.73,13.40
1976-04-13,29.82,23.66,15.38
1976-04-14,29.60,20.27,9.61
1976-04-15,28.65,16.25,10.30
1976-04-16,27.74,17.15,8.29
1976-04-17,27.57,11.32,9.40
1976-04-18,28.13,15.41,8.87
1976-04-19,29.88,20.29,9.45
1976-04-20,26.83,24.52,10.38
1976-04-21,28.62,23.68,11.07
1976-04-22,29.18,23.39,14.07
1976-04-23,28.39,24.55,13.18
1976-04-24,28.48,24.75,12.84
1976-04-25,28.79,22.71,12.59
1976-04-26,28.81,23.36,10.65
1976-04-27,30.14,22.93,14.71
1976-04-28,30.88,22.15,9.49
1976-04-29,31.14,24.45,14.04
1976-04-30,30.06,25.42,15.64
1976-05-01,29.52,24.63,16.35
1976-05-02,30.85,20.61,12.61
1976-05-03,31.10,22.76,9.69
1976-05-04,30.45,19.70,10.39
1976-05-05,26.62,18.73,11.64
1976-05-06,27.88,17.52,12.63
1976-05-07,28.63,17.10,11.27
1976-05-08,27.98,18.08,12.60
1976-05-09,29.75,21.73,13.17
1976-05-10,31.66,24.12,13.28
1976-05-11,33.93,23.16,13.82
1976-05-12,33.96,16.46,9.68
1976-05-13,33.39,21.90,9.62
1976-05-14,30.23,22.32,10.38
1976-05-15,28.13,18.12,5.47
1976-05-16,30.24,17.97,3.90
1976-05-17,27.64,14.20,3.92
1976-05-18,28.05,15.10,5.72
1976-05-19,28.39,18.87,4.68
1976-05-20,30.77,19.59,10.29
1976-05-21,29.75,22.06,10.44
1976-05-22,28.33,18.13,10.76
1976-05-23,30.21,12.63,9.16
1976-05-24,29.98,18.21,10.53
1976-05-25,28.73,14.71,8.56
1976-05-26,29.30,18.56,11.37
1976-05-27,26.48,8.61,7.34
1976-05-28,28.74,13.21,7.08
1976-05-29,28.12,10.53,7.78
1976-05-30,28.36,19.30,7.19
1976-05-31,25.74,18.42,7.53
1976-06-01,28.54,14.58,3.85
1976-06-02,27.21,16.69,3.94
1976-06-03,27.06,16.34,2.73
1976-06-04,26.66,12.89,2.60
1976-06-05,29.89,14.60,3.23
1976-06-06,28.93,18.12,2.92
1976-06-07,28.86,17.82,3.50
1976-06-08,26.84,16.32,5.52
1976-06-09,24.33,17.55,6.43
1976-06-10,23.60,13.81,7.96
1976-06-11,19.68,12.06,4.90
1976-06-12,21.54,10.17,2.87
1976-06-13,27.47,9.56,4.07
1976-06-14,27.64,12.79,4.38
1976-06-15,24.91,10.21,1.73
1976-06-16,28.06,12.54,2.64
1976-06-17,26.83,19.15,5.56
1976-06-18,26.62,18.39,3.24
1976-06-19,29.12,19.23,5.13
1976-06-20,27.79,17.37,4.75
1976-06-21,26.86,15.15,4.64
1976-06-22,25.69,15.81,3.71
1976-06-23,26.14,11.81,3.26
1976-06-24,25.00,8.74,2.17
1976-06-25,22.36,10.16,2.53
1976-06-26,22.98,11.15,1.72
1976-06-27,25.06,13.32,2.38
1976-06-28,27.75,14.59,4.95
1976-06-29,27.01,15.75,4.68
1976-06-30,29.74,16.91,6.61
1976-07-01,31.95,19.04,7.75
1976-07-02,28.52,16.24,2.25
1976-07-03,24.98,13.02,1.10
1976-07-04,26.21,14.62,2.62
1976-07-05,25.89,13.64,1.71
1976-07-06,27.83,13.80,3.02
1976-07-07,29.83,13.04,2.11
1976-07-08,25.68,12.33,1.96
1976-07-09,26.44,14.53,4.53
1976-07-10,25.71,12.30,4.26
1976-07-11,21.17,9.92,2.17
1976-07-12,23.03,7.70,-0.46
1976-07-13,27.06,12.23,1.99
1976-07-14,27.92,16.08,1.83
1976-07-15,27.62,18.38,1.43
1976-07-16,28.80,18.36,7.30
1976-07-17,31.61,16.73,5.55
1976-07-18,31.32,16.18,2.69
1976-07-19,29.37,15.64,2.06
1976-07-20,28.02,17.29,4.11
1976-07-21,26.57,14.29,2.08
1976-07-22,26.81,11.75,-0.45
1976-07-23,26.09,10.64,-0.80
1976-07-24,28.39,10.93,-0.88
1976-07-25,30.27,13.32,-1.26
1976-07-26,34.31,12.98,-1.65
1976-07-27,33.82,17.19,1.61
1976-07-28,33.66,16.95,4.88
1976-07-29,32.42,17.10,4.65
1976-07-30,32.05,20.64,5.96
1976-07-31,28.53,14.77,2.46
1976-08-01,29.33,12.22,0.81
1976-08-02,29.15,14.57,3.57
1976-08-03,28.68,12.49,5.70
1976-08-04,30.11,15.79,8.23
1976-08-05,30.68,17.35,8.17
1976-08-06,27.82,14.02,3.30
1976-08-07,27.24,6.67,2.86
1976-08-08,25.71,9.45,2.05
1976-08-09,29.23,12.52,1.25
1976-08-10,30.05,12.44,1.07
1976-08-11,32.36,11.76,2.02
1976-08-12,33.31,16.79,1.02
1976-08-13,33.51,16.87,7.22
1976-08-14,33.23,20.32,8.29
1976-08-15,31.39,14.38,2.52
1976-08-16,28.59,10.70,4.24
1976-08-17,22.28,12.83,0.94
1976-08-18,23.83,12.07,2.87
1976-08-19,24.89,15.47,4.22
1976-08-20,30.65,20.02,6.92
1976-08-21,31.88,19.88,8.23
1976-08-22,29.90,17.93,8.22
1976-08-23,25.01,13.71,2.64
1976-08-24,23.99,13.35,5.74
1976-08-25,20.32,15.46,8.57
1976-08-26,20.32,9.69,7.50
1976-08-27,26.93,13.42,1.93
1976-08-28,29.52,19.19,3.83
1976-08-29,28.60,21.10,3.06
1976-08-30,31.36,18.24,5.51
1976-08-31,33.62,16.27,5.38
1976-09-01,32.75,14.37,6.84
1976-09-02,29.00,15.76,5.04
1976-09-03,29.74,15.10,5.19
1976-09-04,30.63,12.00,2.31
1976-09-05,27.89,12.24,3.92
1976-09-06,27.63,11.08,7.60
1976-09-07,28.55,15.23,7.55
1976-09-08,26.94,15.74,9.13
1976-09-09,25.82,15.70,9.30
1976-09-10,25.76,21.23,8.20
1976-09-11,27.39,19.28,11.54
1976-09-12,31.06,16.58,12.32
1976-09-13,32.55,20.56,11.16
1976-09-14,30.96,22.04,5.05
1976-09-15,33.72,22.53,6.62
1976-09-16,31.66,23.30,5.56
1976-09-17,31.72,23.84,7.50
1976-09-18,28.47,25.66,14.34
1976-09-19,32.51,23.30,13.96
1976-09-20,35.99,21.63,11.76
1976-09-21,35.98,23.68,10.54
1976-09-22,36.89,25.12,17.97
1976-09-23,35.05,14.42,13.07
1976-09-24,32.06,17.87,9.11
1976-09-25,31.13,22.46,14.16
1976-09-26,30.32,18.59,6.98
1976-09-27,27.48,12.29,7.75
1976-09-28,26.98,12.88,6.84
1976-09-29,28.18,15.47,6.90
1976-09-30,29.79,19.99,9.03
1976-10-01,30.91,24.55,12.02
1976-10-02,31.04,16.39,7.43
1976-10-03,29.07,13.11,6.77
1976-10-04,33.27,18.66,4.25
1976-10-05,28.06,19.92,5.28
1976-10-06,30.20,16.47,7.20
1976-10-07,32.51,17.65,8.00
1976-10-08,32.40,21.84,10.49
1976-10-09,29.41,23.50,13.81
1976-10-10,31.05,20.75,11.43
1976-10-11,32.03,22.93,15.18
1976-10-12,31.82,23.09,14.20
1976-10-13,30.25,17.69,9.05
1976-10-14,30.61,21.59,7.14
1976-10-15,27.88,13.28,4.65
1976-10-16,28.66,11.19,5.80
1976-10-17,28.20,16.36,6.45
1976-10-18,30.95,19.85,8.34
1976-10-19,32.07,25.22,15.47
1976-10-20,34.42,27.77,17.64
1976-10-21,33.35,26.92,13.52
1976-10-22,31.35,27.80,11.22
1976-10-23,28.24,27.55,15.89
1976-10-24,28.66,19.96,9.68
1976-10-25,29.28,22.82,12.12
1976-10-26,29.82,21.59,11.48
1976-10-27,30.44,24.60,14.75
1976-10-28,30.76,24.56,16.50
1976-10-29,32.71,16.84,10.90
1976-10-30,31.36,16.37,10.08
1976-10-31,30.95,23.60,10.51
1976-11-01,30.85,23.91,13.41
1976-11-02,31.01,16.12,7.49
1976-11-03,31.48,16.21,8.11
1976-11-04,31.34,18.86,7.18
1976-11-05,31.60,24.44,7.75
1976-11-06,28.96,26.99,9.00
1976-11-07,31.52,28.12,15.71
1976-11-08,33.31,29.72,21.36
1976-11-09,32.90,27.83,22.33
1976-11-10,32.72,26.77,17.06
1976-11-11,31.87,28.89,19.48
1976-11-12,32.61,26.82,19.63
1976-11-13,32.11,23.17,14.35
1976-11-14,30.22,19.36,9.65
1976-11-15,31.02,15.71,11.14
1976-11-16,32.08,16.26,11.48
1976-11-17,33.97,22.37,11.01
1976-11-18,33.02,26.24,11.96
1976-11-19,32.35,28.65,11.33
1976-11-20,30.70,28.16,12.39
1976-11-21,29.90,29.39,19.89
1976-11-22,32.82,25.66,18.05
1976-11-23,32.21,25.51,12.12
1976-11-24,32.76,28.12,14.28
1976-11-25,32.62,27.08,8.52
1976-11-26,33.69,28.25,8.47
1976-11-27,35.96,28.04,10.66
1976-11-28,33.99,29.91,15.83
1976-11-29,32.88,28.77,16.07
1976-11-30,33.44,25.96,16.84
1976-12-01,31.63,27.12,15.74
1976-12-02,32.34,25.13,13.16
1976-12-03,30.14,28.67,12.28
1976-12-04,30.75,27.35,17.04
1976-12-05,28.66,24.75,18.87
1976-12-06,28.49,25.25,13.79
1976-12-07,31.05,28.61,14.64
1976-12-08,32.84,32.74,17.82
1976-12-09,32.44,28.64,15.74
1976-12-10,34.07,30.43,15.57
1976-12-11,32.58,31.95,22.22
1976-12-12,30.61,27.83,17.55
1976-12-13,32.04,27.54,14.34
1976-12-14,30.82,24.63,15.76
1976-12-15,30.70,25.80,15.16
1976-12-16,32.19,24.13,14.88
1976-12-17,31.84,22.51,12.83
1976-12-18,31.85,20.49,13.72
1976-12-19,33.31,27.17,15.04
1976-12-20,32.35,26.99,12.87
1976-12-21,31.25,26.67,12.99
1976-12-22,29.66,25.14,13.31
1976-12-23,31.35,27.63,12.51
1976-12-24,31.60,28.31,13.06
1976-12-25,31.04,31.26,15.29
1976-12-26,30.61,28.96,12.38
1976-12-27,32.54,29.94,12.72
1976-12-28,31.37,32.78,17.43
1976-12-29,31.71,31.17,20.48
1976-12-30,30.65,26.72,13.08
1976-12-31,30.83,29.35,11.35
1977-01-01,31.22,29.62,13.60
1977-01-02,31.62,30.03,14.25
1977-01-03,30.85,31.09,12.51
1977-01-04,32.33,30.07,14.73
1977-01-05,34.04,33.57,18.20
1977-01-06,32.10,34.87,18.52
1977-01-07,31.19,33.08,20.83
1977-01-08,31.72,30.82,16.92
1977-01-09,31.03,28.96,15.30
1977-01-10,29.23,29.13,14.87
1977-01-11,29.87,30.82,17.29
1977-01-12,29.37,32.84,20.79
1977-01-13,24.76,30.43,19.85
1977-01-14,27.15,31.78,17.17
1977-01-15,26.83,32.26,20.30
1977-01-16,28.16,30.64,21.14
1977-01-17,29.93,30.11,20.80
1977-01-18,31.29,26.90,16.48
1977-01-19,31.43,28.65,14.58
1977-01-20,30.86,27.94,17.81
1977-01-21,31.47,27.62,16.37
1977-01-22,31.79,28.45,14.35
1977-01-23,31.41,30.91,18.12
1977-01-24,32.01,32.54,27.17
1977-01-25,32.18,30.07,26.39
1977-01-26,32.15,29.67,18.79
1977-01-27,30.60,26.64,12.07
1977-01-28,30.38,23.59,12.28
1977-01-29,29.78,22.14,17.11
1977-01-30,29.91,23.45,20.22
1977-01-31,30.30,28.51,22.27
1977-02-01,30.60,31.29,18.50
1977-02-02,31.45,28.72,17.09
1977-02-03,31.80,29.23,17.39
1977-02-04,32.20,29.86,17.16
1977-02-05,30.70,32.46,20.80
1977-02-06,31.42,30.34,27.04
1977-02-07,31.77,27.09,15.97
1977-02-08,31.12,28.22,10.85
1977-02-09,31.57,30.62,15.73
1977-02-10,32.98,32.36,22.72
1977-02-11,32.62,32.12,24.68
1977-02-12,32.66,28.86,12.72
1977-02-13,31.85,29.62,15.32
1977-02-14,30.58,30.23,18.94
1977-02-15,30.02,26.80,15.40
1977-02-16,31.08,28.81,15.30
1977-02-17,31.11,29.91,21.86
1977-02-18,29.91,30.02,20.83
1977-02-19,30.48,28.59,13.24
1977-02-20,30.28,28.02,15.24
1977-02-21,29.33,29.67,19.73
1977-02-22,31.04,28.98,22.75
1977-02-23,30.95,29.88,16.52
1977-02-24,30.83,28.79,20.07
1977-02-25,31.02,28.73,24.24
1977-02-26,30.41,27.89,18.85
1977-02-27,31.44,28.07,12.96
1977-02-28,32.87,31.69,19.25
1977-03-01,32.56,31.17,24.84
1977-03-02,31.30,28.76,24.86
1977-03-03,33.59,28.27,21.58
1977-03-04,33.08,27.14,20.41
1977-03-05,32.12,28.45,14.58
1977-03-06,31.87,23.03,12.03
1977-03-07,31.41,27.79,12.61
1977-03-08,33.23,29.01,16.56
1977-03-09,32.33,29.86,14.14
1977-03-10,31.85,31.38,23.04
1977-03-11,30.85,27.49,20.84
1977-03-12,32.08,26.71,18.41
1977-03-13,32.13,27.86,16.19
1977-03-14,31.89,28.24,17.61
1977-03-15,31.52,29.48,15.60
1977-03-16,31.93,31.41,24.65
1977-03-17,30.44,28.67,18.09
1977-03-18,29.71,28.97,17.77
1977-03-19,30.53,28.63,19.02
1977-03-20,30.15,25.81,18.63
1977-03-21,31.85,25.16,12.95
1977-03-22,32.15,27.53,12.84
1977-03-23,30.55,29.91,17.04
1977-03-24,30.92,29.01,19.70
1977-03-25,31.67,28.92,21.13
1977-03-26,29.14,27.22,15.24
1977-03-27,30.79,24.46,11.63
1977-03-28,31.59,25.38,10.37
1977-03-29,30.92,22.35,14.16
1977-03-30,29.60,23.27,16.02
1977-03-31,31.70,27.47,18.99
1977-04-01,28.30,23.94,17.76
1977-04-02,30.10,25.98,16.66
1977-04-03,29.76,25.51,11.93
1977-04-04,32.06,22.75,16.31
1977-04-05,31.41,23.31,17.72
1977-04-06,29.74,20.20,14.72
1977-04-07,29.09,19.05,7.82
1977-04-08,30.38,18.27,10.42
1977-04-09,29.74,21.57,12.08
1977-04-10,30.45,24.74,9.40
1977-04-11,28.40,26.09,11.27
1977-04-12,30.44,25.48,12.28
1977-04-13,30.43,25.11,9.77
1977-04-14,30.37,23.72,8.81
1977-04-15,28.76,25.59,10.10
1977-04-16,31.82,24.68,12.42
1977-04-17,31.72,25.01,13.39
1977-04-18,32.09,24.75,13.22
1977-04-19,34.43,25.98,12.81
1977-04-20,31.84,28.29,15.96
1977-04-21,32.45,24.90,13.57
1977-04-22,32.98,25.30,17.07
1977-04-23,31.92,22.55,12.87
1977-04-24,29.83,23.13,14.24
1977-04-25,30.00,22.40,14.11
1977-04-26,30.41,25.24,13.10
1977-04-27,28.57,25.14,14.19
1977-04-28,28.81,21.62,10.64
1977-04-29,28.71,19.70,9.04
1977-04-30,27.95,15.19,7.60
1977-05-01,29.31,15.42,7.82
1977-05-02,27.98,21.73,6.65
1977-05-03,27.64,21.55,7.40
1977-05-04,29.78,16.95,8.85
1977-05-05,28.70,15.44,8.33
1977-05-06,26.63,17.98,9.92
1977-05-07,28.14,19.43,8.61
1977-05-08,26.42,17.44,11.21
1977-05-09,27.33,22.20,13.20
1977-05-10,28.76,22.93,8.94
1977-05-11,28.43,23.53,11.69
1977-05-12,30.82,23.43,11.74
1977-05-13,30.50,23.12,11.38
1977-05-14,28.67,22.65,10.66
1977-05-15,28.02,22.64,12.27
1977-05-16,29.82,20.34,12.21
1977-05-17,31.56,18.98,11.10
1977-05-18,32.52,19.09,12.10
1977-05-19,32.52,23.34,12.21
1977-05-20,29.52,21.70,11.60
1977-05-21,26.65,19.98,11.34
1977-05-22,28.23,20.89,11.62
1977-05-23,30.89,19.02,9.03
1977-05-24,30.84,10.96,9.10
1977-05-25,31.01,19.62,9.37
1977-05-26,26.99,21.75,7.71
1977-05-27,27.02,15.71,4.84
1977-05-28,28.36,15.52,4.32
1977-05-29,29.69,18.98,5.71
1977-05-30,32.00,19.70,9.81
1977-05-31,31.80,19.61,6.75
1977-06-01,30.92,20.80,10.15
1977-06-02,26.67,18.23,7.62
1977-06-03,28.05,18.08,6.85
1977-06-04,28.90,18.45,9.60
1977-06-05,27.29,17.32,10.04
1977-06-06,28.27,18.91,10.16
1977-06-07,25.98,18.62,8.20
1977-06-08,28.25,20.58,6.93
1977-06-09,30.52,19.38,9.42
1977-06-10,31.46,22.11,9.78
1977-06-11,29.01,22.49,9.61
1977-06-12,27.62,18.54,8.52
1977-06-13,25.95,16.77,6.09
1977-06-14,26.34,10.09,4.13
1977-06-15,26.29,12.60,1.73
1977-06-16,28.80,11.68,2.34
1977-06-17,26.60,8.43,1.35
1977-06-18,29.70,11.40,0.48
1977-06-19,28.62,11.45,2.55
1977-06-20,26.41,12.32,2.78
1977-06-21,27.75,15.14,1.67
1977-06-22,28.92,13.27,2.60
1977-06-23,28.44,14.11,4.19
1977-06-24,30.96,16.87,4.62
1977-06-25,28.79,16.92,3.14
1977-06-26,27.50,13.25,3.04
1977-06-27,28.77,13.84,3.24
1977-06-28,29.44,16.70,6.39
1977-06-29,30.47,13.46,3.44
1977-06-30,26.21,8.46,1.62
1977-07-01,27.54,11.56,1.87
1977-07-02,21.88,9.05,0.92
1977-07-03,24.18,11.50,0.46
1977-07-04,24.85,11.09,0.26
1977-07-05,22.30,12.30,6.20
1977-07-06,22.63,13.28,1.04
1977-07-07,24.18,14.21,3.01
1977-07-08,25.30,12.98,2.42
1977-07-09,27.25,14.23,1.51
1977-07-10,28.13,7.84,4.13
1977-07-11,27.60,7.78,2.76
1977-07-12,26.18,10.22,4.17
1977-07-13,29.43,8.41,0.29
1977-07-14,26.40,10.41,1.05
1977-07-15,28.85,13.05,2.27
1977-07-16,31.25,16.55,2.77
1977-07-17,30.65,17.71,4.61
1977-07-18,30.09,18.53,8.33
1977-07-19,26.26,16.03,6.07
1977-07-20,29.11,12.08,2.67
1977-07-21,32.26,9.33,3.44
1977-07-22,31.66,9.81,2.77
1977-07-23,29.21,13.01,3.00
1977-07-24,30.48,15.84,2.17
1977-07-25,26.56,14.52,2.49
1977-07-26,27.00,8.73,0.73
1977-07-27,27.78,13.60,0.70
1977-07-28,29.71,10.54,1.49
1977-07-29,28.61,8.84,1.27
1977-07-30,26.31,11.26,-0.04
1977-07-31,27.57,12.84,0.44
1977-08-01,28.76,13.98,1.70
1977-08-02,28.09,16.80,2.81
1977-08-03,32.60,15.47,2.71
1977-08-04,33.29,15.73,4.35
1977-08-05,26.16,13.93,5.83
1977-08-06,29.42,14.01,4.16
1977-08-07,29.76,14.63,4.39
1977-08-08,30.37,18.52,7.22
1977-08-09,31.92,16.42,7.72
1977-08-10,29.92,12.99,5.71
1977-08-11,31.50,9.37,2.34
1977-08-12,27.48,9.76,2.49
1977-08-13,23.15,11.61,1.23
1977-08-14,27.56,13.99,3.48
1977-08-15,28.67,15.18,6.55
1977-08-16,31.17,15.54,3.80
1977-08-17,31.61,16.85,8.65
1977-08-18,29.84,18.32,9.75
1977-08-19,28.19,18.77,5.41
1977-08-20,26.92,14.97,5.37
1977-08-21,25.19,15.86,6.23
1977-08-22,20.29,16.60,3.94
1977-08-23,26.89,17.91,3.89
1977-08-24,31.65,18.94,4.34
1977-08-25,28.18,19.82,5.92
1977-08-26,28.53,19.58,6.16
1977-08-27,29.90,20.30,8.07
1977-08-28,30.73,20.29,3.95
1977-08-29,30.54,19.60,5.33
1977-08-30,29.25,17.63,3.27
1977-08-31,30.42,20.78,8.44
1977-09-01,33.00,23.09,10.98
1977-09-02,32.66,23.11,14.93
1977-09-03,31.78,21.40,14.72
1977-09-04,34.77,22.31,13.32
1977-09-05,34.12,21.19,14.84
1977-09-06,34.70,23.26,13.63
1977-09-07,36.56,18.18,5.50
1977-09-08,32.60,11.64,2.34
1977-09-09,31.43,16.15,4.23
1977-09-10,31.79,18.75,6.81
1977-09-11,29.52,17.02,3.74
1977-09-12,28.46,13.25,4.42
1977-09-13,28.60,13.49,4.38
1977-09-14,32.64,15.77,1.36
1977-09-15,32.74,16.80,5.00
1977-09-16,33.64,19.89,9.96
1977-09-17,31.62,19.38,6.54
1977-09-18,29.02,18.05,6.10
1977-09-19,28.35,16.11,4.04
1977-09-20,29.96,20.75,7.27
1977-09-21,29.21,23.00,5.00
1977-09-22,31.78,23.16,7.91
1977-09-23,33.94,26.64,13.55
1977-09-24,31.61,26.41,16.13
1977-09-25,29.89,20.74,11.53
1977-09-26,30.46,22.21,6.15
1977-09-27,29.72,16.60,5.12
1977-09-28,29.62,17.38,5.29
1977-09-29,29.75,22.81,11.32
1977-09-30,29.58,21.38,7.99
1977-10-01,30.73,20.56,13.29
1977-10-02,31.82,15.94,7.14
1977-10-03,30.67,21.59,7.13
1977-10-04,30.92,24.33,7.88
1977-10-05,30.91,18.60,8.45
1977-10-06,30.32,14.22,7.36
1977-10-07,31.89,12.78,5.47
1977-10-08,26.95,13.98,4.58
1977-10-09,25.88,20.05,8.14
1977-10-10,27.41,22.07,12.94
1977-10-11,30.50,25.14,16.46
1977-10-12,32.96,20.55,8.71
1977-10-13,33.22,15.68,7.38
1977-10-14,30.27,13.44,6.06
1977-10-15,31.27,19.81,7.11
1977-10-16,31.70,24.06,8.59
1977-10-17,33.67,27.38,8.52
1977-10-18,33.20,28.94,9.69
1977-10-19,34.02,27.93,16.92
1977-10-20,32.91,25.56,13.99
1977-10-21,32.16,27.87,16.68
1977-10-22,28.50,24.11,17.32
1977-10-23,32.11,21.65,19.26
1977-10-24,35.54,23.80,18.66
1977-10-25,35.74,27.66,18.59
1977-10-26,34.48,25.08,15.54
1977-10-27,32.70,24.40,10.85
1977-10-28,31.15,26.68,20.24
1977-10-29,32.30,23.71,16.55
1977-10-30,30.84,24.00,9.26
1977-10-31,31.41,18.09,9.42
1977-11-01,32.50,21.64,9.89
1977-11-02,31.93,28.23,16.27
1977-11-03,30.55,29.12,20.14
1977-11-04,29.62,26.94,19.15
1977-11-05,30.76,23.92,10.31
1977-11-06,31.18,25.97,10.40
1977-11-07,30.86,20.30,5.88
1977-11-08,32.17,22.92,7.38
1977-11-09,31.65,23.57,8.31
1977-11-10,30.94,23.70,8.36
1977-11-11,31.07,26.72,11.52
1977-11-12,31.00,26.35,12.80
1977-11-13,29.25,27.22,11.14
1977-11-14,30.95,28.47,14.76
1977-11-15,31.95,28.28,12.84
1977-11-16,31.63,29.68,15.01
1977-11-17,32.73,27.28,10.96
1977-11-18,30.82,18.95,15.04
1977-11-19,29.71,18.68,9.99
1977-11-20,29.58,19.84,9.62
1977-11-21,30.88,23.37,9.68
1977-11-22,33.65,24.93,12.00
1977-11-23,33.91,22.64,10.06
1977-11-24,33.85,27.30,14.34
1977-11-25,31.75,23.03,7.16
1977-11-26,33.70,16.09,7.88
1977-11-27,34.09,26.48,7.68
1977-11-28,33.65,29.01,11.70
1977-11-29,33.84,29.21,14.68
1977-11-30,33.70,29.19,18.43
1977-12-01,31.64,28.46,18.99
1977-12-02,31.76,27.95,18.14
1977-12-03,30.95,25.85,12.87
1977-12-04,29.97,21.70,7.13
1977-12-05,31.83,24.89,7.76
1977-12-06,30.71,25.69,9.37
1977-12-07,29.38,28.93,18.00
1977-12-08,30.41,28.81,20.30
1977-12-09,30.40,29.34,20.36
1977-12-10,32.16,28.36,21.91
1977-12-11,32.86,28.57,19.14
1977-12-12,32.12,29.44,24.05
1977-12-13,31.44,28.41,22.52
1977-12-14,31.47,29.05,22.04
1977-12-15,30.75,27.29,18.99
1977-12-16,31.92,26.15,19.14
1977-12-17,31.84,25.66,19.30
1977-12-18,32.54,24.41,17.16
1977-12-19,30.65,27.08,17.21
1977-12-20,29.32,28.43,19.16
1977-12-21,25.27,28.02,23.30
1977-12-22,31.77,27.20,22.48
1977-12-23,32.82,28.50,19.37
1977-12-24,30.77,29.91,18.83
1977-12-25,31.05,27.43,16.03
1977-12-26,31.85,26.61,12.72
1977-12-27,30.39,27.69,11.77
1977-12-28,29.45,32.67,17.10
1977-12-29,28.97,27.34,15.67
1977-12-30,29.20,28.51,19.49
1977-12-31,30.05,29.21,22.37
1978-01-01,30.59,29.56,25.65
1978-01-02,30.94,30.00,23.41
1978-01-03,31.58,30.87,17.16
1978-01-04,30.44,30.84,12.19
1978-01-05,29.92,27.61,14.08
1978-01-06,30.09,26.55,14.54
1978-01-07,28.69,29.08,16.85
1978-01-08,31.23,29.68,20.06
1978-01-09,31.02,28.26,13.76
1978-01-10,30.86,29.90,18.02
1978-01-11,30.02,30.63,19.84
1978-01-12,27.98,22.84,16.09
1978-01-13,28.51,25.38,13.68
1978-01-14,29.53,26.87,13.71
1978-01-15,29.95,30.48,13.96
1978-01-16,31.52,30.57,16.29
1978-01-17,30.51,29.69,15.56
1978-01-18,32.02,29.66,14.03
1978-01-19,32.45,29.82,19.95
1978-01-20,30.44,30.41,23.25
1978-01-21,30.08,27.34,20.85
1978-01-22,31.60,26.14,18.62
1978-01-23,31.58,29.45,17.55
1978-01-24,31.49,30.15,16.62
1978-01-25,30.56,30.22,20.25
1978-01-26,30.82,30.12,23.75
1978-01-27,28.88,28.75,19.61
1978-01-28,31.03,29.68,19.14
1978-01-29,30.65,30.29,11.49
1978-01-30,32.32,30.16,16.88
1978-01-31,32.18,30.40,18.78
1978-02-01,33.02,31.00,14.46
1978-02-02,32.27,31.15,18.31
1978-02-03,30.91,32.65,23.52
1978-02-04,31.97,30.77,25.57
1978-02-05,33.53,30.13,28.58
1978-02-06,34.72,28.41,23.88
1978-02-07,33.24,29.27,21.27
1978-02-08,30.05,29.95,21.11
1978-02-09,31.22,28.86,22.05
1978-02-10,28.99,27.83,17.52
1978-02-11,30.58,29.06,17.59
1978-02-12,32.28,29.68,26.11
1978-02-13,33.04,29.14,26.64
1978-02-14,31.75,29.87,23.26
1978-02-15,33.15,29.77,21.73
1978-02-16,33.25,31.17,21.74
1978-02-17,32.78,28.23,20.27
1978-02-18,32.17,26.95,17.06
1978-02-19,32.80,30.83,22.34
1978-02-20,32.05,30.33,21.29
1978-02-21,32.87,30.74,18.53
1978-02-22,33.35,31.98,16.83
1978-02-23,33.15,29.50,17.47
1978-02-24,32.95,28.66,20.18
1978-02-25,32.35,26.55,19.17
1978-02-26,32.77,21.83,15.13
1978-02-27,32.44,25.99,12.67
1978-02-28,33.29,31.09,16.07
1978-03-01,31.23,32.43,16.66
1978-03-02,30.05,28.67,13.34
1978-03-03,30.87,28.92,13.16
1978-03-04,30.75,29.09,15.49
1978-03-05,30.20,29.84,22.33
1978-03-06,31.41,28.36,23.55
1978-03-07,32.64,29.28,26.75
1978-03-08,33.16,27.80,21.84
1978-03-09,32.95,26.27,18.40
1978-03-10,31.77,25.78,15.27
1978-03-11,30.25,23.97,12.95
1978-03-12,29.52,23.87,15.57
1978-03-13,29.15,24.18,16.80
1978-03-14,29.62,24.73,15.82
1978-03-15,28.51,24.12,13.31
1978-03-16,30.94,25.34,12.50
1978-03-17,31.64,26.09,13.31
1978-03-18,29.97,25.16,13.59
1978-03-19,29.13,26.82,19.58
1978-03-20,32.10,27.79,23.40
1978-03-21,32.13,28.17,23.00
1978-03-22,32.16,28.23,20.64
1978-03-23,31.83,26.16,16.58
1978-03-24,30.91,26.26,18.78
1978-03-25,29.96,25.29,16.43
1978-03-26,30.41,27.27,15.26
1978-03-27,30.46,25.71,12.41
1978-03-28,31.00,26.86,14.37
1978-03-29,29.30,27.51,16.85
1978-03-30,28.04,24.31,13.95
1978-03-31,28.09,27.78,20.57
1978-04-01,30.20,24.96,17.63
1978-04-02,32.63,27.14,14.13
1978-04-03,31.33,27.52,16.35
1978-04-04,28.48,23.03,14.48
1978-04-05,27.48,26.95,18.14
1978-04-06,25.71,26.25,18.61
1978-04-07,28.68,23.31,17.26
1978-04-08,29.72,22.59,16.17
1978-04-09,29.35,26.52,19.93
1978-04-10,29.03,27.11,20.10
1978-04-11,28.81,23.69,16.50
1978-04-12,27.00,24.38,18.00
1978-04-13,29.46,24.40,13.60
1978-04-14,28.95,24.89,16.65
1978-04-15,28.77,23.51,18.36
1978-04-16,28.82,23.52,20.05
1978-04-17,29.87,18.98,13.25
1978-04-18,29.33,23.22,10.87
1978-04-19,28.17,27.88,15.92
1978-04-20,27.59,25.67,14.65
1978-04-21,27.17,22.72,17.21
1978-04-22,27.61,22.98,16.14
1978-04-23,28.50,23.96,10.67
1978-04-24,29.64,23.15,11.38
1978-04-25,31.89,23.84,11.70
1978-04-26,29.26,24.59,13.20
1978-04-27,28.14,22.50,17.54
1978-04-28,29.76,21.98,14.93
1978-04-29,29.21,24.67,16.17
1978-04-30,28.35,26.09,13.11
1978-05-01,26.43,22.85,11.54
1978-05-02,27.46,19.49,9.75
1978-05-03,27.83,23.42,10.33
1978-05-04,28.29,21.06,7.35
1978-05-05,29.61,22.43,10.87
1978-05-06,28.84,25.69,11.60
1978-05-07,27.82,25.33,14.16
1978-05-08,28.70,23.23,14.30
1978-05-09,30.11,22.59,10.31
1978-05-10,29.94,20.82,13.04
1978-05-11,28.91,18.81,12.97
1978-05-12,31.92,15.56,10.90
1978-05-13,30.79,16.29,8.46
1978-05-14,28.90,14.59,7.61
1978-05-15,26.46,15.71,10.13
1978-05-16,26.81,16.43,7.49
1978-05-17,29.58,20.40,9.15
1978-05-18,32.23,22.71,9.34
1978-05-19,31.00,21.03,8.38
1978-05-20,29.88,22.73,11.43
1978-05-21,31.89,23.62,14.92
1978-05-22,33.14,22.46,13.27
1978-05-23,30.55,18.10,10.46
1978-05-24,30.16,16.69,7.18
1978-05-25,27.32,20.84,9.81
1978-05-26,28.74,20.01,9.46
1978-05-27,28.61,18.00,6.93
1978-05-28,28.30,16.86,8.12
1978-05-29,25.29,17.12,7.42
1978-05-30,28.14,17.65,9.40
1978-05-31,28.28,19.11,8.40
1978-06-01,30.44,16.21,6.18
1978-06-02,31.19,10.47,4.47
1978-06-03,30.24,14.30,4.82
1978-06-04,32.94,18.68,5.67
1978-06-05,28.37,17.16,8.71
1978-06-06,29.08,13.88,6.17
1978-06-07,27.39,16.55,6.54
1978-06-08,27.00,16.96,6.97
1978-06-09,26.77,16.43,6.51
1978-06-10,24.39,15.23,7.31
1978-06-11,25.38,13.94,3.75
1978-06-12,25.66,13.38,5.49
1978-06-13,26.37,18.97,8.60
1978-06-14,27.15,15.48,5.46
1978-06-15,25.34,15.01,3.66
1978-06-16,23.77,14.43,3.81
1978-06-17,23.26,11.57,3.83
1978-06-18,26.27,7.77,1.41
1978-06-19,28.87,12.25,0.99
1978-06-20,29.24,16.09,2.81
1978-06-21,30.86,16.81,4.24
1978-06-22,31.44,16.30,4.39
1978-06-23,33.42,16.39,5.81
1978-06-24,30.75,15.58,8.17
1978-06-25,32.18,15.59,7.10
1978-06-26,27.01,12.87,8.05
1978-06-27,27.24,12.30,5.81
1978-06-28,27.58,10.63,8.45
1978-06-29,29.38,14.41,5.33
1978-06-30,26.63,17.67,7.58
1978-07-01,27.68,14.75,6.74
1978-07-02,29.73,16.72,6.80
1978-07-03,27.94,18.89,8.14
1978-07-04,27.93,17.68,7.05
1978-07-05,32.13,19.24,10.60
1978-07-06,30.46,18.68,8.21
1978-07-07,29.00,12.06,7.17
1978-07-08,29.69,17.96,7.41
1978-07-09,29.98,17.95,8.62
1978-07-10,25.27,14.46,6.12
1978-07-11,24.99,18.64,7.45
1978-07-12,27.33,17.30,6.72
1978-07-13,29.56,12.93,6.36
1978-07-14,29.11,11.39,3.27
1978-07-15,28.96,11.09,2.37
1978-07-16,27.84,9.39,1.96
1978-07-17,30.31,11.99,1.12
1978-07-18,30.62,11.11,2.25
1978-07-19,27.94,9.84,2.27
1978-07-20,29.50,10.21,2.50
1978-07-21,30.86,9.63,2.38
1978-07-22,30.61,11.36,1.65
1978-07-23,30.83,18.02,2.90
1978-07-24,29.02,18.01,4.89
1978-07-25,26.08,12.27,1.16
1978-07-26,24.25,14.47,2.12
1978-07-27,24.64,15.76,7.87
1978-07-28,30.54,13.97,4.89
1978-07-29,30.05,17.50,7.98
1978-07-30,29.54,18.81,7.32
1978-07-31,28.10,18.13,6.11
1978-08-01,26.72,14.34,2.90
1978-08-02,25.25,12.80,1.01
1978-08-03,29.09,12.65,4.55
1978-08-04,25.91,10.98,4.61
1978-08-05,25.51,11.99,3.21
1978-08-06,24.61,12.95,1.09
1978-08-07,24.07,15.43,1.51
1978-08-08,28.82,17.10,3.52
1978-08-09,25.36,18.31,4.98
1978-08-10,28.75,15.53,2.34
1978-08-11,31.11,12.76,3.74
1978-08-12,31.02,15.11,5.40
1978-08-13,32.24,20.41,7.77
1978-08-14,30.58,22.22,10.50
1978-08-15,31.51,21.59,6.17
1978-08-16,30.07,21.67,5.87
1978-08-17,27.45,17.98,3.78
1978-08-18,27.89,17.86,5.99
1978-08-19,29.97,17.56,6.41
1978-08-20,33.88,18.08,7.96
1978-08-21,34.09,20.44,7.61
1978-08-22,29.55,18.09,7.52
1978-08-23,31.52,18.87,10.09
1978-08-24,28.74,17.21,13.88
1978-08-25,30.96,12.43,6.02
1978-08-26,33.02,17.70,7.90
1978-08-27,24.69,20.28,4.85
1978-08-28,27.30,7.32,2.83
1978-08-29,25.12,9.43,3.67
1978-08-30,28.33,16.04,2.12
1978-08-31,30.73,14.56,3.05
1978-09-01,29.92,13.05,3.57
1978-09-02,31.17,17.81,7.93
1978-09-03,31.05,21.80,9.76
1978-09-04,33.77,21.11,10.72
1978-09-05,32.85,17.89,4.01
1978-09-06,31.64,12.69,4.77
1978-09-07,32.68,17.47,5.50
1978-09-08,30.50,14.55,5.74
1978-09-09,31.45,20.77,10.34
1978-09-10,31.55,21.70,11.41
1978-09-11,28.89,18.64,5.45
1978-09-12,28.44,11.12,6.38
1978-09-13,28.73,10.46,5.66
1978-09-14,30.19,15.41,4.17
1978-09-15,31.26,17.25,5.26
1978-09-16,28.63,13.12,1.72
1978-09-17,28.23,13.62,4.92
1978-09-18,25.66,19.71,6.68
1978-09-19,30.20,17.32,3.76
1978-09-20,30.45,15.47,6.79
1978-09-21,31.59,20.09,8.10
1978-09-22,33.31,19.25,10.62
1978-09-23,33.24,21.67,12.51
1978-09-24,31.59,19.05,12.11
1978-09-25,29.68,12.47,7.55
1978-09-26,33.35,20.42,4.98
1978-09-27,30.20,23.89,9.34
1978-09-28,31.72,26.99,15.78
1978-09-29,33.67,21.69,11.84
1978-09-30,31.86,20.32,3.08
1978-10-01,34.40,23.14,7.03
1978-10-02,34.22,22.67,13.51
1978-10-03,34.84,21.81,11.18
1978-10-04,33.26,23.60,15.66
1978-10-05,30.78,25.83,18.03
1978-10-06,28.69,20.40,11.96
1978-10-07,32.10,21.54,11.08
1978-10-08,34.97,21.96,7.48
1978-10-09,36.37,26.00,12.73
1978-10-10,33.03,21.76,5.24
1978-10-11,32.07,16.41,4.87
1978-10-12,30.28,21.30,7.86
1978-10-13,32.63,22.77,8.76
1978-10-14,32.09,18.63,8.36
1978-10-15,31.96,21.41,7.88
1978-10-16,32.66,23.84,8.35
1978-10-17,33.01,23.92,13.33
1978-10-18,32.59,18.45,10.69
1978-10-19,33.49,18.54,8.19
1978-10-20,30.66,19.23,7.30
1978-10-21,29.21,23.59,6.82
1978-10-22,31.36,27.63,11.35
1978-10-23,31.23,21.73,7.58
1978-10-24,30.73,23.53,5.00
1978-10-25,29.60,22.47,8.25
1978-10-26,30.39,24.42,6.08
1978-10-27,31.99,24.66,6.84
1978-10-28,33.68,18.85,7.22
1978-10-29,31.84,21.11,6.49
1978-10-30,29.96,21.79,7.53
1978-10-31,31.00,26.20,10.66
1978-11-01,31.97,28.06,17.15
1978-11-02,31.89,24.49,19.98
1978-11-03,33.11,27.38,17.71
1978-11-04,34.88,29.16,13.87
1978-11-05,31.97,31.47,14.27
1978-11-06,30.25,27.05,19.75
1978-11-07,30.64,26.66,11.57
1978-11-08,32.05,26.15,8.11
1978-11-09,32.63,25.23,8.40
1978-11-10,33.48,26.24,9.85
1978-11-11,33.50,28.03,15.35
1978-11-12,33.93,29.99,21.64
1978-11-13,29.52,25.33,19.42
1978-11-14,30.53,25.76,14.49
1978-11-15,33.82,22.73,13.02
1978-11-16,32.36,16.43,9.80
1978-11-17,32.60,15.18,10.53
1978-11-18,31.46,15.91,8.27
1978-11-19,32.13,17.38,8.12
1978-11-20,30.98,21.66,9.24
1978-11-21,33.55,23.81,13.39
1978-11-22,33.09,29.56,20.39
1978-11-23,30.22,27.78,17.25
1978-11-24,31.76,25.04,16.45
1978-11-25,31.90,18.07,12.30
1978-11-26,30.55,24.76,9.47
1978-11-27,33.82,30.44,9.70
1978-11-28,31.73,28.18,15.71
1978-11-29,31.57,23.64,16.10
1978-11-30,32.62,22.74,10.37
1978-12-01,32.32,27.29,11.44
1978-12-02,28.73,27.71,19.46
1978-12-03,30.93,25.35,20.48
1978-12-04,29.66,26.64,21.20
1978-12-05,28.04,26.26,13.39
1978-12-06,30.94,25.93,16.07
1978-12-07,31.55,28.40,10.32
1978-12-08,33.05,26.01,14.43
1978-12-09,32.65,32.51,22.29
1978-12-10,31.95,28.40,25.99
1978-12-11,30.18,24.06,22.07
1978-12-12,31.55,25.27,20.10
1978-12-13,30.88,27.99,13.20
1978-12-14,31.45,28.02,18.18
1978-12-15,32.54,30.64,20.46
1978-12-16,31.27,29.66,21.78
1978-12-17,30.55,26.71,18.11
1978-12-18,31.02,25.87,15.83
1978-12-19,32.02,27.71,16.68
1978-12-20,32.75,27.94,16.80
1978-12-21,32.00,28.51,20.18
1978-12-22,29.91,21.10,19.99
1978-12-23,28.36,26.01,12.54
1978-12-24,29.73,29.51,16.94
1978-12-25,31.29,33.27,23.16
1978-12-26,30.68,30.67,24.19
1978-12-27,30.51,27.48,16.18
1978-12-28,31.93,26.83,12.30
1978-12-29,31.39,27.72,15.05
1978-12-30,32.35,27.59,14.80
1978-12-31,32.53,29.54,18.62
1979-01-01,30.56,28.31,17.36
1979-01-02,32.40,29.68,22.33
1979-01-03,31.22,31.42,22.34
1979-01-04,29.34,30.71,25.04
1979-01-05,30.04,29.12,24.07
1979-01-06,30.54,28.50,25.93
1979-01-07,30.51,29.14,23.84
1979-01-08,26.49,29.77,21.78
1979-01-09,29.88,29.81,19.95
1979-01-10,28.14,28.86,16.80
1979-01-11,28.95,26.97,20.10
1979-01-12,29.25,22.55,12.34
1979-01-13,28.95,28.68,12.95
1979-01-14,29.24,30.31,18.58
1979-01-15,28.54,29.59,21.73
1979-01-16,30.71,28.43,20.02
1979-01-17,29.16,30.06,19.37
1979-01-18,30.38,28.98,28.65
1979-01-19,29.58,28.79,26.93
1979-01-20,28.66,30.29,23.76
1979-01-21,29.97,29.00,22.45
1979-01-22,29.51,29.03,20.30
1979-01-23,28.68,26.94,18.45
1979-01-24,29.82,27.92,17.23
1979-01-25,30.84,28.68,20.07
1979-01-26,32.66,30.03,14.56
1979-01-27,31.02,30.89,16.64
1979-01-28,28.27,30.98,19.22
1979-01-29,28.60,28.30,22.39
1979-01-30,29.78,26.68,21.98
1979-01-31,31.53,29.31,22.97
1979-02-01,32.52,29.65,24.05
1979-02-02,32.78,28.35,23.51
1979-02-03,31.80,26.77,20.03
1979-02-04,31.50,27.87,15.57
1979-02-05,31.00,29.52,18.73
1979-02-06,30.44,28.17,16.61
1979-02-07,31.73,28.69,24.98
1979-02-08,32.55,23.70,24.04
1979-02-09,32.49,26.64,17.75
1979-02-10,32.44,30.48,20.70
1979-02-11,32.36,29.57,19.94
1979-02-12,31.33,29.18,19.34
1979-02-13,29.68,27.22,14.43
1979-02-14,30.22,23.88,14.37
1979-02-15,30.71,28.55,21.44
1979-02-16,31.98,29.87,17.34
1979-02-17,31.48,28.51,17.26
1979-02-18,32.04,29.92,18.94
1979-02-19,31.55,28.46,20.64
1979-02-20,34.06,32.40,24.72
1979-02-21,33.87,34.02,26.09
1979-02-22,31.66,29.36,17.91
1979-02-23,31.61,28.61,18.12
1979-02-24,31.84,29.84,16.50
1979-02-25,31.17,31.26,17.61
1979-02-26,30.62,30.80,20.90
1979-02-27,30.91,29.39,13.67
1979-02-28,31.17,30.63,22.74
1979-03-01,30.57,28.51,27.17
1979-03-02,30.12,24.80,15.33
1979-03-03,29.45,26.36,13.65
1979-03-04,30.06,25.39,13.82
1979-03-05,29.10,27.34,12.95
1979-03-06,28.97,26.63,10.56
1979-03-07,27.78,29.77,12.72
1979-03-08,27.75,25.56,17.40
1979-03-09,28.69,27.36,18.99
1979-03-10,29.08,26.77,23.46
1979-03-11,29.66,25.50,23.50
1979-03-12,30.42,24.95,23.11
1979-03-13,31.02,28.25,17.44
1979-03-14,30.11,29.77,16.72
1979-03-15,30.75,28.64,18.57
1979-03-16,31.62,28.45,19.63
1979-03-17,31.45,27.59,21.07
1979-03-18,29.95,25.70,19.53
1979-03-19,29.48,27.21,22.34
1979-03-20,29.11,27.24,19.74
1979-03-21,28.20,21.81,20.36
1979-03-22,29.84,24.23,17.07
1979-03-23,30.67,27.92,20.99
1979-03-24,30.15,27.00,19.14
1979-03-25,29.45,26.22,19.09
1979-03-26,30.18,25.19,18.13
1979-03-27,30.18,24.54,17.27
1979-03-28,28.83,27.47,15.39
1979-03-29,27.94,28.62,17.75
1979-03-30,30.51,25.85,18.84
1979-03-31,31.96,28.17,14.52
1979-04-01,30.92,27.34,12.23
1979-04-02,29.50,21.03,12.18
1979-04-03,28.46,16.80,11.49
1979-04-04,29.06,15.31,13.57
1979-04-05,29.74,22.58,16.93
1979-04-06,28.88,28.41,19.63
1979-04-07,29.54,24.86,19.89
1979-04-08,28.61,22.99,16.60
1979-04-09,29.59,24.75,9.67
1979-04-10,30.04,25.58,13.67
1979-04-11,30.87,25.20,16.27
1979-04-12,32.59,22.39,17.61
1979-04-13,32.18,23.59,19.94
1979-04-14,32.48,25.81,17.37
1979-04-15,31.39,26.61,17.20
1979-04-16,34.42,22.33,10.83
1979-04-17,34.62,23.92,13.36
1979-04-18,31.01,22.29,12.45
1979-04-19,28.28,23.86,14.28
1979-04-20,27.61,24.98,16.92
1979-04-21,27.52,22.54,16.87
1979-04-22,32.04,22.90,18.38
1979-04-23,31.02,24.15,18.72
1979-04-24,29.36,20.46,18.55
1979-04-25,30.60,23.27,17.50
1979-04-26,29.04,24.25,15.16
1979-04-27,26.93,17.21,11.25
1979-04-28,26.68,15.98,10.11
1979-04-29,27.55,19.57,9.50
1979-04-30,27.35,20.30,10.35
1979-05-01,28.73,19.92,8.20
1979-05-02,30.26,14.28,6.69
1979-05-03,31.50,19.11,7.71
1979-05-04,30.58,21.46,7.83
1979-05-05,29.49,20.09,7.78
1979-05-06,28.82,20.37,10.12
1979-05-07,29.45,18.87,12.49
1979-05-08,32.66,19.32,12.81
1979-05-09,30.62,21.17,10.29
1979-05-10,28.85,16.08,9.99
1979-05-11,28.65,20.32,11.10
1979-05-12,28.82,20.03,12.14
1979-05-13,29.12,18.56,9.28
1979-05-14,27.89,21.55,10.93
1979-05-15,28.94,16.58,10.37
1979-05-16,27.12,16.16,9.76
1979-05-17,25.71,14.57,6.56
1979-05-18,25.89,17.72,6.15
1979-05-19,26.80,21.25,8.82
1979-05-20,28.21,22.77,9.53
1979-05-21,28.65,17.42,8.33
1979-05-22,28.75,19.11,8.17
1979-05-23,28.12,22.50,10.47
1979-05-24,25.77,21.57,9.26
1979-05-25,27.63,16.77,7.58
1979-05-26,30.65,20.11,7.89
1979-05-27,26.35,19.81,7.13
1979-05-28,28.14,13.67,6.67
1979-05-29,27.71,14.57,8.49
1979-05-30,27.48,20.82,10.35
1979-05-31,26.13,21.89,10.15
1979-06-01,30.14,17.85,6.74
1979-06-02,29.97,15.01,5.76
1979-06-03,29.49,13.34,2.96
1979-06-04,25.36,14.56,3.98
1979-06-05,24.90,15.30,5.33
1979-06-06,24.14,15.04,4.64
1979-06-07,26.51,16.76,4.87
1979-06-08,29.51,19.52,7.21
1979-06-09,28.17,17.82,8.90
1979-06-10,26.06,15.36,8.60
1979-06-11,26.12,15.91,5.20
1979-06-12,25.90,16.64,5.00
1979-06-13,27.27,17.96,5.66
1979-06-14,26.65,17.34,6.51
1979-06-15,21.98,16.13,5.92
1979-06-16,17.41,19.74,6.95
1979-06-17,22.79,15.30,9.81
1979-06-18,27.75,17.08,7.18
1979-06-19,28.12,16.85,6.58
1979-06-20,27.50,16.73,6.47
1979-06-21,26.05,18.35,6.48
1979-06-22,27.53,12.78,5.45
1979-06-23,28.84,13.10,5.11
1979-06-24,28.79,15.10,4.16
1979-06-25,29.07,19.03,5.83
1979-06-26,30.50,20.45,10.35
1979-06-27,32.33,18.61,11.39
1979-06-28,29.31,18.41,11.56
1979-06-29,30.06,13.77,10.19
1979-06-30,28.23,11.22,9.76
1979-07-01,27.32,16.41,8.30
1979-07-02,27.29,18.74,5.72
1979-07-03,28.58,18.05,5.48
1979-07-04,29.47,20.11,7.98
1979-07-05,31.03,17.75,7.84
1979-07-06,30.88,16.26,7.17
1979-07-07,33.62,18.41,7.52
1979-07-08,31.92,22.30,6.36
1979-07-09,31.66,22.28,10.14
1979-07-10,30.03,18.99,11.53
1979-07-11,25.41,17.53,10.45
1979-07-12,24.14,17.44,5.82
1979-07-13,26.34,15.69,3.12
1979-07-14,25.78,15.27,2.61
1979-07-15,25.34,19.17,7.24
1979-07-16,28.50,19.86,7.22
1979-07-17,27.86,13.69,2.46
1979-07-18,27.43,12.38,2.86
1979-07-19,30.33,18.24,6.28
1979-07-20,28.88,19.39,5.14
1979-07-21,28.27,18.47,4.05
1979-07-22,29.41,17.27,2.87
1979-07-23,28.94,13.04,3.33
1979-07-24,28.30,15.73,3.26
1979-07-25,30.30,13.68,6.86
1979-07-26,31.26,10.63,5.15
1979-07-27,31.59,13.50,6.73
1979-07-28,29.84,14.84,3.92
1979-07-29,27.50,15.31,3.11
1979-07-30,28.36,12.62,6.29
1979-07-31,27.29,9.45,5.06
1979-08-01,27.83,10.62,1.63
1979-08-02,29.28,14.60,4.50
1979-08-03,33.77,14.42,2.10
1979-08-04,33.95,15.22,3.89
1979-08-05,28.61,16.86,3.18
1979-08-06,28.06,17.87,4.53
1979-08-07,31.85,20.27,4.67
1979-08-08,34.66,21.11,4.83
1979-08-09,35.47,22.70,4.72
1979-08-10,36.11,20.77,7.78
1979-08-11,35.22,20.18,8.46
1979-08-12,35.57,18.92,7.46
1979-08-13,35.00,18.36,9.74
1979-08-14,32.30,16.13,8.56
1979-08-15,31.10,14.94,7.71
1979-08-16,29.97,18.10,8.12
1979-08-17,32.91,20.14,6.13
1979-08-18,32.07,23.23,9.73
1979-08-19,29.24,21.64,7.49
1979-08-20,28.64,19.00,7.06
1979-08-21,29.38,16.74,6.22
1979-08-22,28.43,19.40,6.71
1979-08-23,27.45,20.07,5.21
1979-08-24,26.69,14.11,5.49
1979-08-25,31.30,12.08,5.67
1979-08-26,31.72,14.83,3.50
1979-08-27,29.37,10.37,2.62
1979-08-28,29.50,14.12,4.31
1979-08-29,31.00,17.18,3.08
1979-08-30,28.51,12.41,4.41
1979-08-31,29.48,11.50,2.52
1979-09-01,30.07,13.47,1.93
1979-09-02,28.23,17.73,1.42
1979-09-03,29.59,20.12,4.46
1979-09-04,33.21,25.39,12.26
1979-09-05,33.49,23.50,15.40
1979-09-06,31.61,18.75,15.67
1979-09-07,29.65,12.85,10.44
1979-09-08,30.55,18.61,13.62
1979-09-09,29.58,22.35,10.90
1979-09-10,27.79,18.03,6.59
1979-09-11,27.24,14.60,9.21
1979-09-12,25.05,11.66,7.46
1979-09-13,30.09,17.33,4.28
1979-09-14,30.02,9.54,2.99
1979-09-15,29.55,15.68,3.17
1979-09-16,28.60,18.54,6.17
1979-09-17,29.01,19.34,10.77
1979-09-18,31.59,22.99,10.66
1979-09-19,33.17,19.56,5.20
1979-09-20,31.57,20.11,4.07
1979-09-21,33.04,20.67,5.49
1979-09-22,33.13,19.11,4.26
1979-09-23,28.91,14.33,5.87
1979-09-24,31.12,15.37,6.06
1979-09-25,32.20,18.95,3.63
1979-09-26,30.28,13.09,4.74
1979-09-27,29.75,12.63,3.98
1979-09-28,27.12,13.09,2.87
1979-09-29,28.26,14.26,7.02
1979-09-30,30.53,14.46,5.68
1979-10-01,30.82,14.74,4.95
1979-10-02,32.53,17.87,8.19
1979-10-03,33.19,16.34,7.79
1979-10-04,30.91,15.10,5.97
1979-10-05,32.12,18.07,6.26
1979-10-06,34.57,22.31,7.46
1979-10-07,34.29,26.54,6.83
1979-10-08,33.02,28.94,9.45
1979-10-09,28.40,25.64,10.34
1979-10-10,30.45,24.79,15.00
1979-10-11,30.87,26.86,16.08
1979-10-12,32.45,24.43,11.79
1979-10-13,34.32,24.75,14.48
1979-10-14,34.45,27.85,17.22
1979-10-15,33.45,29.47,18.59
1979-10-16,32.52,29.51,15.78
1979-10-17,34.81,27.49,15.67
1979-10-18,34.01,25.39,17.88
1979-10-19,33.31,26.37,14.07
1979-10-20,31.11,18.95,9.23
1979-10-21,30.61,21.23,8.79
1979-10-22,28.78,22.57,6.69
1979-10-23,29.88,23.88,5.88
1979-10-24,31.54,21.22,6.98
1979-10-25,31.37,25.43,9.42
1979-10-26,31.65,25.85,6.80
1979-10-27,31.12,23.52,7.07
1979-10-28,30.16,17.34,5.96
1979-10-29,28.61,16.49,6.37
1979-10-30,28.56,24.81,4.64
1979-10-31,30.42,25.90,6.97
1979-11-01,30.92,24.09,5.69
1979-11-02,30.29,26.37,6.92
1979-11-03,30.06,25.92,11.61
1979-11-04,30.73,25.19,13.30
1979-11-05,30.49,21.52,11.97
1979-11-06,32.94,20.59,7.01
1979-11-07,32.05,18.80,11.97
1979-11-08,30.93,22.71,17.58
1979-11-09,29.70,29.46,18.82
1979-11-10,29.93,27.34,17.94
1979-11-11,31.45,23.50,9.47
1979-11-12,30.06,15.70,6.93
1979-11-13,29.82,23.50,8.40
1979-11-14,31.05,26.62,15.15
1979-11-15,30.47,24.98,18.32
1979-11-16,31.14,17.40,8.93
1979-11-17,30.45,18.15,10.57
1979-11-18,31.90,18.36,9.10
1979-11-19,29.80,23.69,10.61
1979-11-20,28.17,24.10,10.81
1979-11-21,29.10,21.42,9.84
1979-11-22,30.12,23.87,10.45
1979-11-23,27.18,25.31,15.11
1979-11-24,30.07,27.07,18.36
1979-11-25,30.93,29.78,20.32
1979-11-26,33.32,28.92,20.51
1979-11-27,34.65,24.75,16.68
1979-11-28,33.38,25.37,18.01
1979-11-29,33.02,21.50,14.24
1979-11-30,31.23,24.06,12.80
1979-12-01,34.19,25.19,19.55
1979-12-02,35.71,25.03,19.20
1979-12-03,32.39,23.74,16.39
1979-12-04,32.16,22.93,14.85
1979-12-05,30.77,21.65,11.85
1979-12-06,34.08,23.47,11.63
1979-12-07,36.59,29.11,12.77
1979-12-08,36.29,29.57,12.57
1979-12-09,32.87,33.31,18.17
1979-12-10,32.40,27.68,12.74
1979-12-11,31.14,23.05,11.02
1979-12-12,32.32,25.00,11.11
1979-12-13,32.27,17.31,11.11
1979-12-14,30.08,25.54,16.12
1979-12-15,32.17,30.84,23.44
1979-12-16,30.77,28.49,22.15
1979-12-17,32.67,26.96,17.03
1979-12-18,33.60,25.48,16.62
1979-12-19,31.98,23.36,14.80
1979-12-20,31.20,24.71,17.26
1979-12-21,30.98,28.45,21.23
1979-12-22,30.09,29.21,22.81
1979-12-23,29.59,28.34,19.08
1979-12-24,30.21,29.41,16.84
1979-12-25,31.16,28.10,20.70
1979-12-26,31.59,27.05,20.99
1979-12-27,31.30,28.75,15.50
1979-12-28,28.99,30.08,17.11
1979-12-29,29.45,29.33,15.35
1979-12-30,31.41,31.97,24.11
1979-12-31,32.56,31.46,25.60
1980-01-01,32.47,30.81,19.75
1980-01-02,31.56,30.11,17.98
1980-01-03,30.66,28.93,22.37
1980-01-04,32.45,25.78,21.22
1980-01-05,32.71,31.05,19.87
1980-01-06,32.13,31.26,17.44
1980-01-07,31.46,31.75,16.74
1980-01-08,32.23,32.26,20.25
1980-01-09,33.14,32.39,20.71
1980-01-10,32.04,33.06,23.67
1980-01-11,31.69,31.22,20.66
1980-01-12,31.36,30.20,14.79
1980-01-13,31.51,29.40,19.65
1980-01-14,32.82,27.97,15.92
1980-01-15,33.47,30.72,18.19
1980-01-16,33.11,31.02,20.27
1980-01-17,31.63,32.62,19.80
1980-01-18,29.99,30.87,20.03
1980-01-19,30.26,31.60,23.33
1980-01-20,30.73,31.15,27.76
1980-01-21,30.50,29.31,24.37
1980-01-22,32.08,30.85,16.29
1980-01-23,33.03,28.73,11.43
1980-01-24,33.23,29.48,16.92
1980-01-25,32.15,30.14,15.76
1980-01-26,34.15,29.68,14.16
1980-01-27,33.55,30.81,20.90
1980-01-28,33.27,30.20,21.42
1980-01-29,33.41,27.24,20.39
1980-01-30,34.36,28.80,21.48
1980-01-31,34.81,30.26,25.33
1980-02-01,34.48,27.09,22.55
1980-02-02,33.95,26.81,18.76
1980-02-03,32.61,27.39,19.45
1980-02-04,31.41,26.84,15.15
1980-02-05,29.36,29.26,14.28
1980-02-06,30.14,26.23,11.65
1980-02-07,31.98,29.63,11.39
1980-02-08,31.14,30.48,12.46
1980-02-09,31.57,19.85,11.19
1980-02-10,32.88,27.59,9.81
1980-02-11,31.76,29.21,11.43
1980-02-12,32.14,28.55,12.56
1980-02-13,32.38,29.63,19.42
1980-02-14,30.34,28.76,19.59
1980-02-15,31.82,30.24,17.47
1980-02-16,30.69,30.18,28.40
1980-02-17,27.25,28.42,26.78
1980-02-18,29.87,28.78,23.23
1980-02-19,29.16,27.64,17.48
1980-02-20,32.21,23.88,24.28
1980-02-21,32.76,26.61,21.67
1980-02-22,32.72,28.10,20.17
1980-02-23,32.47,26.36,18.87
1980-02-24,32.26,30.64,18.66
1980-02-25,30.91,29.78,13.38
1980-02-26,32.02,29.92,15.72
1980-02-27,33.65,28.95,13.96
1980-02-28,33.72,27.87,13.47
1980-02-29,31.70,25.97,12.87
1980-03-01,31.86,29.03,16.75
1980-03-02,31.29,28.50,20.61
1980-03-03,30.70,27.21,19.27
1980-03-04,30.80,24.94,14.45
1980-03-05,31.06,24.43,13.95
1980-03-06,31.79,27.18,15.59
1980-03-07,30.86,28.15,19.55
1980-03-08,30.82,28.91,19.55
1980-03-09,31.77,27.05,21.09
1980-03-10,33.51,25.49,23.36
1980-03-11,33.04,30.05,26.21
1980-03-12,31.76,30.47,27.14
1980-03-13,31.11,26.61,20.43
1980-03-14,30.69,26.69,13.98
1980-03-15,31.40,26.70,15.85
1980-03-16,32.67,28.81,17.76
1980-03-17,32.18,29.25,21.48
1980-03-18,31.02,28.29,15.34
1980-03-19,30.93,28.05,17.72
1980-03-20,30.78,26.76,18.41
1980-03-21,31.20,28.71,18.86
1980-03-22,32.44,27.53,12.47
1980-03-23,32.75,26.33,12.01
1980-03-24,33.66,23.45,13.73
1980-03-25,34.49,26.83,14.78
1980-03-26,34.51,29.60,14.63
1980-03-27,33.76,31.40,18.63
1980-03-28,33.27,30.35,13.88
1980-03-29,35.11,30.04,19.39
1980-03-30,34.22,26.96,20.68
1980-03-31,34.62,30.13,25.11
1980-04-01,31.99,25.71,15.19
1980-04-02,33.37,24.44,10.22
1980-04-03,31.98,21.78,10.91
1980-04-04,31.55,20.34,9.99
1980-04-05,31.98,24.45,13.20
1980-04-06,31.12,26.69,11.78
1980-04-07,32.48,22.70,8.90
1980-04-08,31.21,18.99,8.38
1980-04-09,30.13,13.47,6.54
1980-04-10,28.99,11.25,4.28
1980-04-11,30.14,12.83,4.53
1980-04-12,29.23,14.91,5.84
1980-04-13,29.55,19.50,6.81
1980-04-14,29.82,20.44,7.07
1980-04-15,31.19,22.55,8.23
1980-04-16,31.39,24.19,6.27
1980-04-17,31.61,18.18,6.29
1980-04-18,29.25,22.42,9.72
1980-04-19,30.27,23.62,11.63
1980-04-20,30.36,25.33,14.42
1980-04-21,30.92,21.26,14.40
1980-04-22,30.16,17.62,11.78
1980-04-23,33.09,14.40,7.44
1980-04-24,32.64,15.05,6.68
1980-04-25,32.97,22.71,7.91
1980-04-26,35.45,20.04,11.00
1980-04-27,34.05,18.34,8.49
1980-04-28,32.08,18.42,6.17
1980-04-29,26.87,15.97,6.96
1980-04-30,25.86,21.40,8.38
1980-05-01,28.33,20.43,14.50
1980-05-02,29.11,21.82,14.39
1980-05-03,31.27,20.76,11.01
1980-05-04,30.25,16.84,9.54
1980-05-05,29.46,16.59,8.16
1980-05-06,30.07,18.05,8.50
1980-05-07,32.82,16.28,8.36
1980-05-08,29.62,15.89,8.75
1980-05-09,32.00,14.27,6.87
1980-05-10,29.46,10.61,6.08
1980-05-11,30.57,17.10,6.61
1980-05-12,32.78,20.27,7.07
1980-05-13,31.23,20.48,5.97
1980-05-14,27.85,14.96,6.71
1980-05-15,29.47,19.75,11.20
1980-05-16,32.75,20.77,10.47
1980-05-17,34.57,22.07,12.70
1980-05-18,31.90,16.17,8.23
1980-05-19,30.92,14.01,8.14
1980-05-20,31.24,17.41,8.83
1980-05-21,32.67,15.25,8.98
1980-05-22,29.77,22.69,9.96
1980-05-23,28.28,13.02,9.21
1980-05-24,27.36,19.39,8.18
1980-05-25,26.69,18.84,8.37
1980-05-26,26.65,15.18,7.43
1980-05-27,27.52,14.01,4.71
1980-05-28,30.33,15.30,5.10
1980-05-29,28.76,10.73,5.70
1980-05-30,28.02,14.70,5.04
1980-05-31,27.42,14.66,4.99
1980-06-01,30.05,19.93,5.36
1980-06-02,31.34,19.40,6.32
1980-06-03,29.87,20.03,5.32
1980-06-04,29.61,17.38,5.09
1980-06-05,27.56,15.59,5.35
1980-06-06,28.00,16.24,7.63
1980-06-07,29.02,12.65,6.63
1980-06-08,29.51,10.02,5.18
1980-06-09,29.17,12.77,6.57
1980-06-10,27.50,14.35,5.80
1980-06-11,25.76,12.20,6.73
1980-06-12,22.43,10.37,5.18
1980-06-13,24.13,15.35,6.84
1980-06-14,29.66,18.91,6.23
1980-06-15,32.73,12.91,5.77
1980-06-16,30.51,17.79,6.28
1980-06-17,26.45,18.93,6.41
1980-06-18,26.47,18.49,3.68
1980-06-19,30.75,19.43,5.28
1980-06-20,27.61,21.72,10.38
1980-06-21,29.98,17.00,7.78
1980-06-22,30.81,19.38,9.01
1980-06-23,29.02,11.39,5.73
1980-06-24,25.57,9.61,2.02
1980-06-25,24.24,10.71,0.84
1980-06-26,27.17,11.73,1.31
1980-06-27,33.02,12.76,2.94
1980-06-28,29.37,10.19,2.83
1980-06-29,28.07,8.36,0.67
1980-06-30,28.13,11.23,0.91
1980-07-01,27.39,12.85,1.40
1980-07-02,29.22,15.74,0.83
1980-07-03,31.31,15.38,3.73
1980-07-04,30.82,15.46,6.83
1980-07-05,32.95,16.17,5.49
1980-07-06,26.46,11.70,3.90
1980-07-07,25.77,11.82,4.54
1980-07-08,25.22,12.60,2.93
1980-07-09,26.83,14.78,4.50
1980-07-10,27.48,14.51,4.88
1980-07-11,27.16,14.80,2.48
1980-07-12,23.29,15.92,3.29
1980-07-13,27.89,9.55,3.15
1980-07-14,31.46,18.31,3.41
1980-07-15,26.12,18.98,3.45
1980-07-16,28.66,17.32,6.22
1980-07-17,29.84,16.29,5.54
1980-07-18,28.32,11.30,6.04
1980-07-19,26.34,9.32,3.07
1980-07-20,27.39,15.27,1.80
1980-07-21,28.21,18.50,3.44
1980-07-22,31.09,20.00,9.34
1980-07-23,29.99,18.96,4.11
1980-07-24,30.45,13.42,6.42
1980-07-25,26.30,8.70,5.61
1980-07-26,27.39,10.70,2.28
1980-07-27,27.78,10.03,1.03
1980-07-28,29.62,7.72,-0.40
1980-07-29,30.88,11.64,0.99
1980-07-30,32.40,15.63,-0.10
1980-07-31,31.77,19.80,3.06
1980-08-01,30.14,19.75,8.51
1980-08-02,28.12,15.15,6.17
1980-08-03,26.57,12.16,4.25
1980-08-04,21.52,15.50,4.29
1980-08-05,26.38,17.81,4.20
1980-08-06,25.46,11.54,1.94
1980-08-07,26.67,13.89,1.60
1980-08-08,24.73,17.27,2.36
1980-08-09,26.66,14.55,2.94
1980-08-10,29.02,18.95,3.92
1980-08-11,31.00,20.60,10.28
1980-08-12,29.80,20.15,7.36
1980-08-13,31.10,20.72,10.75
1980-08-14,29.48,21.75,4.99
1980-08-15,29.38,20.23,6.35
1980-08-16,32.35,18.27,6.81
1980-08-17,29.02,14.69,3.42
1980-08-18,25.94,14.32,3.69
1980-08-19,27.06,16.98,3.54
1980-08-20,27.14,13.61,3.77
1980-08-21,26.16,14.40,3.07
1980-08-22,27.05,17.83,5.45
1980-08-23,29.62,17.59,4.49
1980-08-24,29.07,16.57,4.33
1980-08-25,27.59,17.75,5.83
1980-08-26,28.73,23.37,11.03
1980-08-27,31.50,20.88,14.74
1980-08-28,31.40,20.59,10.54
1980-08-29,27.02,18.27,9.75
1980-08-30,27.93,15.00,5.94
1980-08-31,24.03,17.63,6.46
1980-09-01,25.76,19.95,7.99
1980-09-02,27.51,20.98,5.92
1980-09-03,29.12,22.53,13.02
1980-09-04,31.50,24.53,10.60
1980-09-05,33.02,25.75,14.76
1980-09-06,32.84,21.44,5.52
1980-09-07,30.48,12.26,2.51
1980-09-08,28.23,16.85,3.67
1980-09-09,30.44,23.18,4.82
1980-09-10,30.38,24.34,5.36
1980-09-11,33.55,24.87,12.04
1980-09-12,33.58,24.18,12.06
1980-09-13,33.03,16.31,4.80
1980-09-14,30.89,17.17,6.14
1980-09-15,30.34,20.86,10.79
1980-09-16,29.41,21.45,11.53
1980-09-17,30.77,13.17,2.96
1980-09-18,28.50,12.01,10.06
1980-09-19,27.39,16.53,7.73
1980-09-20,25.39,15.57,10.51
1980-09-21,29.97,20.58,15.76
1980-09-22,32.08,24.57,16.98
1980-09-23,30.43,18.67,17.04
1980-09-24,32.40,18.54,9.22
1980-09-25,33.18,17.71,12.08
1980-09-26,30.54,13.15,5.40
1980-09-27,33.96,21.80,8.66
1980-09-28,32.41,17.83,6.71
1980-09-29,30.64,10.38,4.61
1980-09-30,29.40,7.67,4.17
1980-10-01,29.67,13.33,8.59
1980-10-02,26.95,16.98,7.88
1980-10-03,27.87,19.35,9.50
1980-10-04,30.75,22.07,12.25
1980-10-05,28.39,26.32,15.69
1980-10-06,31.28,16.93,14.72
1980-10-07,32.39,20.25,12.63
1980-10-08,31.88,23.61,15.84
1980-10-09,31.93,17.33,18.22
1980-10-10,33.24,17.44,16.33
1980-10-11,34.36,22.24,10.68
1980-10-12,35.01,26.58,11.95
1980-10-13,33.57,27.20,16.67
1980-10-14,32.90,24.73,12.99
1980-10-15,32.42,22.66,17.53
1980-10-16,30.95,22.52,12.32
1980-10-17,30.01,23.07,13.74
1980-10-18,30.46,23.83,17.38
1980-10-19,30.68,21.02,9.73
1980-10-20,29.88,19.62,7.21
1980-10-21,30.14,16.91,5.77
1980-10-22,31.94,19.91,9.69
1980-10-23,33.79,21.64,13.26
1980-10-24,32.66,23.90,14.11
1980-10-25,29.78,21.14,13.40
1980-10-26,29.13,23.75,9.80
1980-10-27,30.42,26.24,10.03
1980-10-28,29.44,23.72,8.76
1980-10-29,32.68,22.24,7.77
1980-10-30,33.36,27.08,11.74
1980-10-31,34.78,31.41,18.02
1980-11-01,34.33,26.32,9.03
1980-11-02,32.52,23.43,8.44
1980-11-03,33.62,24.93,8.40
1980-11-04,31.77,21.86,7.43
1980-11-05,30.47,22.74,7.41
1980-11-06,29.39,18.36,5.51
1980-11-07,28.36,12.88,8.33
1980-11-08,26.22,18.35,12.30
1980-11-09,29.52,18.71,7.64
1980-11-10,30.17,22.95,10.25
1980-11-11,33.53,27.40,11.76
1980-11-12,34.14,30.05,17.77
1980-11-13,34.13,26.84,10.48
1980-11-14,30.62,26.31,11.81
1980-11-15,30.32,25.41,9.39
1980-11-16,29.23,26.79,18.55
1980-11-17,30.24,20.89,12.23
1980-11-18,31.30,24.92,11.81
1980-11-19,31.40,17.45,8.94
1980-11-20,31.02,20.22,9.02
1980-11-21,32.55,18.23,12.59
1980-11-22,32.91,23.96,11.36
1980-11-23,33.78,29.60,13.63
1980-11-24,32.94,28.97,11.41
1980-11-25,32.79,26.41,15.02
1980-11-26,32.66,26.91,16.81
1980-11-27,31.31,26.25,18.06
1980-11-28,32.56,28.98,17.28
1980-11-29,31.81,31.69,23.14
1980-11-30,31.34,29.57,22.96
1980-12-01,31.15,25.84,17.34
1980-12-02,31.03,28.30,17.84
1980-12-03,31.10,28.33,18.08
1980-12-04,31.25,27.55,12.58
1980-12-05,32.06,29.01,13.04
1980-12-06,32.71,31.75,16.29
1980-12-07,32.67,31.47,19.39
1980-12-08,33.12,28.05,18.23
1980-12-09,30.51,28.16,13.06
1980-12-10,31.20,27.65,12.77
1980-12-11,31.19,28.52,17.61
1980-12-12,31.52,28.04,12.22
1980-12-13,31.64,30.32,14.56
1980-12-14,31.59,32.74,16.73
1980-12-15,31.80,32.12,18.70
1980-12-16,31.75,31.59,14.28
1980-12-17,31.34,22.53,8.84
1980-12-18,31.77,22.99,9.10
1980-12-19,33.01,22.57,14.87
1980-12-20,32.97,28.59,19.44
1980-12-21,35.13,30.40,20.80
1980-12-22,33.50,31.16,22.08
1980-12-23,33.06,29.71,24.58
1980-12-24,32.95,29.03,20.58
1980-12-25,33.84,28.25,20.31
1980-12-26,33.12,26.55,19.79
1980-12-27,31.47,26.89,19.18
1980-12-28,30.48,26.08,14.91
1980-12-29,30.41,26.31,10.79
1980-12-30,29.57,23.31,12.11
1980-12-31,31.18,23.07,11.08
1981-01-01,29.94,25.50,13.38
1981-01-02,28.70,29.13,12.96
1981-01-03,28.71,31.02,14.34
1981-01-04,29.15,29.18,16.99
1981-01-05,29.22,25.31,13.14
1981-01-06,30.23,29.67,15.14
1981-01-07,25.55,30.63,18.26
1981-01-08,28.38,27.09,13.98
1981-01-09,30.34,28.14,15.96
1981-01-10,32.55,29.16,14.95
1981-01-11,32.70,29.03,14.01
1981-01-12,30.89,28.46,14.93
1981-01-13,28.37,30.50,18.14
1981-01-14,28.34,27.15,22.78
1981-01-15,29.67,22.76,16.99
1981-01-16,31.80,27.98,15.98
1981-01-17,31.68,26.88,10.84
1981-01-18,31.65,26.51,12.08
1981-01-19,31.08,24.14,10.94
1981-01-20,30.32,29.05,18.17
1981-01-21,29.77,27.23,18.88
1981-01-22,29.72,24.40,14.89
1981-01-23,29.74,27.83,15.18
1981-01-24,30.87,26.57,15.51
1981-01-25,29.82,26.22,16.28
1981-01-26,30.00,26.77,16.34
1981-01-27,30.63,27.87,14.28
1981-01-28,29.55,31.34,18.52
1981-01-29,29.11,31.17,21.58
1981-01-30,29.23,29.42,21.08
1981-01-31,29.38,27.19,19.70
1981-02-01,28.32,29.32,19.08
1981-02-02,28.61,29.86,14.66
1981-02-03,31.00,31.45,14.17
1981-02-04,30.27,30.71,21.76
1981-02-05,29.67,29.95,20.60
1981-02-06,28.86,27.47,15.95
1981-02-07,29.29,24.72,13.05
1981-02-08,28.82,30.08,16.28
1981-02-09,29.25,28.36,17.39
1981-02-10,30.86,26.59,14.91
1981-02-11,32.44,26.59,17.86
1981-02-12,31.46,26.48,14.26
1981-02-13,30.57,25.09,19.95
1981-02-14,30.18,29.67,20.33
1981-02-15,29.70,31.33,15.56
1981-02-16,29.95,28.67,19.37
1981-02-17,30.84,28.86,18.60
1981-02-18,32.04,31.18,21.15
1981-02-19,31.50,30.12,24.92
1981-02-20,31.39,30.43,23.18
1981-02-21,31.12,30.14,18.23
1981-02-22,29.71,29.85,18.96
1981-02-23,31.20,29.64,20.73
1981-02-24,31.75,28.78,12.32
1981-02-25,31.97,30.15,15.33
1981-02-26,33.67,29.77,17.46
1981-02-27,33.92,29.89,16.03
1981-02-28,35.08,31.23,27.59
1981-03-01,34.55,32.34,23.71
1981-03-02,34.14,33.71,24.73
1981-03-03,34.21,32.40,25.40
1981-03-04,33.81,31.24,18.90
1981-03-05,33.69,28.90,21.21
1981-03-06,30.77,28.98,23.14
1981-03-07,30.97,29.38,20.24
1981-03-08,30.84,30.39,18.73
1981-03-09,29.09,28.33,17.93
1981-03-10,29.21,25.29,16.29
1981-03-11,28.82,27.52,15.94
1981-03-12,29.16,24.63,15.50
1981-03-13,31.31,20.08,12.74
1981-03-14,31.78,22.30,9.66
1981-03-15,32.33,24.49,11.97
1981-03-16,31.24,30.41,13.04
1981-03-17,28.91,28.89,13.77
1981-03-18,29.46,26.94,17.28
1981-03-19,31.03,26.58,16.70
1981-03-20,32.61,25.98,13.11
1981-03-21,32.17,27.89,14.93
1981-03-22,31.87,23.09,10.80
1981-03-23,32.28,26.85,10.77
1981-03-24,32.56,28.84,13.70
1981-03-25,31.79,26.89,19.60
1981-03-26,32.37,24.75,17.76
1981-03-27,31.43,22.60,16.14
1981-03-28,32.20,23.30,18.25
1981-03-29,29.97,20.95,17.45
1981-03-30,28.98,26.72,15.70
1981-03-31,29.82,26.48,17.14
1981-04-01,30.18,27.38,15.42
1981-04-02,30.45,25.14,14.69
1981-04-03,30.97,29.45,16.76
1981-04-04,31.09,28.51,16.38
1981-04-05,30.40,24.41,17.73
1981-04-06,29.08,25.38,15.39
1981-04-07,25.47,26.78,13.84
1981-04-08,26.30,27.94,16.32
1981-04-09,29.82,26.45,11.40
1981-04-10,33.20,26.56,13.43
1981-04-11,31.10,28.07,13.88
1981-04-12,32.00,29.06,17.25
1981-04-13,32.90,27.29,15.57
1981-04-14,33.41,25.66,16.52
1981-04-15,33.00,22.96,15.74
1981-04-16,31.53,22.45,14.25
1981-04-17,31.31,21.72,16.16
1981-04-18,32.70,21.99,13.61
1981-04-19,30.88,20.96,13.63
1981-04-20,28.43,18.68,11.42
1981-04-21,31.90,21.61,11.04
1981-04-22,31.31,20.99,8.41
1981-04-23,30.35,22.67,10.09
1981-04-24,29.93,19.19,11.50
1981-04-25,30.31,16.09,10.71
1981-04-26,28.50,17.63,9.33
1981-04-27,27.26,14.64,9.24
1981-04-28,27.15,22.66,8.73
1981-04-29,29.46,25.87,10.11
1981-04-30,30.49,23.27,9.61
1981-05-01,30.41,21.06,7.32
1981-05-02,29.32,14.86,8.63
1981-05-03,28.85,18.82,7.17
1981-05-04,29.07,15.82,8.71
1981-05-05,30.88,20.08,7.28
1981-05-06,30.87,21.16,8.42
1981-05-07,31.13,17.43,10.13
1981-05-08,30.07,14.41,6.34
1981-05-09,29.72,16.57,7.38
1981-05-10,31.53,16.50,10.43
1981-05-11,26.61,15.34,8.75
1981-05-12,27.67,12.79,10.41
1981-05-13,31.15,17.95,9.99
1981-05-14,30.76,19.83,9.49
1981-05-15,27.45,16.20,8.49
1981-05-16,29.13,16.90,8.29
1981-05-17,27.44,15.80,8.09
1981-05-18,27.45,16.50,5.21
1981-05-19,28.26,20.02,6.47
1981-05-20,29.94,23.10,13.05
1981-05-21,31.33,20.34,10.56
1981-05-22,32.79,19.45,7.10
1981-05-23,29.12,17.96,8.67
1981-05-24,28.02,16.39,4.16
1981-05-25,27.38,19.70,5.99
1981-05-26,28.84,18.81,8.65
1981-05-27,30.69,18.64,6.36
1981-05-28,27.80,20.98,8.46
1981-05-29,27.88,20.07,9.56
1981-05-30,28.08,11.97,6.41
1981-05-31,27.55,10.93,7.68
1981-06-01,26.20,10.94,4.29
1981-06-02,27.57,13.32,4.48
1981-06-03,28.30,18.29,4.99
1981-06-04,28.56,18.61,6.32
1981-06-05,26.18,15.26,6.49
1981-06-06,30.23,16.68,7.61
1981-06-07,31.34,19.18,7.51
1981-06-08,25.81,14.79,5.70
1981-06-09,25.86,13.33,2.58
1981-06-10,28.56,15.41,4.64
1981-06-11,24.86,16.29,3.62
1981-06-12,27.78,16.91,4.39
1981-06-13,29.12,18.73,6.71
1981-06-14,30.45,18.66,5.11
1981-06-15,30.99,18.54,6.49
1981-06-16,30.13,19.64,9.23
1981-06-17,26.94,19.15,10.80
1981-06-18,28.73,15.25,9.49
1981-06-19,28.96,16.71,7.22
1981-06-20,29.03,12.22,9.36
1981-06-21,26.24,11.64,8.27
1981-06-22,24.92,14.29,9.69
1981-06-23,27.34,15.80,9.37
1981-06-24,29.50,17.50,3.11
1981-06-25,26.82,10.99,3.24
1981-06-26,28.32,14.53,2.74
1981-06-27,30.07,14.58,2.38
1981-06-28,27.67,17.52,5.29
1981-06-29,25.81,17.16,6.50
1981-06-30,24.07,16.45,5.42
1981-07-01,26.73,17.07,3.94
1981-07-02,28.44,20.10,9.48
1981-07-03,29.55,15.80,8.18
1981-07-04,30.18,17.23,9.48
1981-07-05,27.41,15.57,3.77
1981-07-06,25.98,15.83,4.76
1981-07-07,25.82,16.83,8.65
1981-07-08,23.93,13.35,5.25
1981-07-09,25.25,12.08,3.65
1981-07-10,24.39,12.15,1.65
1981-07-11,23.71,11.00,1.14
1981-07-12,26.67,16.16,2.06
1981-07-13,27.23,12.13,1.44
1981-07-14,27.15,9.71,1.03
1981-07-15,23.77,9.05,1.70
1981-07-16,22.90,10.30,-0.53
1981-07-17,26.89,13.56,3.71
1981-07-18,27.81,15.36,6.06
1981-07-19,28.63,17.39,8.16
1981-07-20,27.36,16.15,3.46
1981-07-21,27.10,12.94,5.40
1981-07-22,29.02,14.13,4.86
1981-07-23,30.28,17.62,9.85
1981-07-24,30.41,19.30,11.14
1981-07-25,29.34,21.06,7.85
1981-07-26,30.86,19.59,7.67
1981-07-27,29.90,14.82,8.22
1981-07-28,29.86,15.81,5.33
1981-07-29,30.41,16.51,6.61
1981-07-30,30.57,16.64,4.82
1981-07-31,31.16,16.34,4.98
1981-08-01,25.41,16.80,4.58
1981-08-02,27.72,10.63,2.67
1981-08-03,28.20,9.03,4.10
1981-08-04,28.20,9.17,4.73
1981-08-05,27.80,13.01,4.58
1981-08-06,20.04,12.98,2.60
1981-08-07,23.56,10.25,2.75
1981-08-08,27.57,16.25,3.68
1981-08-09,30.11,18.95,5.58
1981-08-10,31.48,19.10,2.26
1981-08-11,32.54,15.58,3.89
1981-08-12,31.27,19.27,3.31
1981-08-13,33.80,22.02,2.52
1981-08-14,32.40,23.23,4.03
1981-08-15,30.93,20.85,4.86
1981-08-16,32.44,19.88,5.25
1981-08-17,32.05,20.73,5.04
1981-08-18,33.45,23.97,14.62
1981-08-19,30.43,20.45,15.75
1981-08-20,29.73,20.22,15.51
1981-08-21,27.72,18.87,6.67
1981-08-22,28.96,18.51,5.47
1981-08-23,29.37,16.32,3.13
1981-08-24,27.82,18.51,1.84
1981-08-25,29.08,19.61,4.68
1981-08-26,29.36,16.11,7.88
1981-08-27,29.91,19.36,8.99
1981-08-28,31.10,16.27,4.56
1981-08-29,28.54,19.18,9.35
1981-08-30,27.38,11.89,5.28
1981-08-31,29.71,14.66,5.60
1981-09-01,26.96,17.14,6.27
1981-09-02,21.01,18.23,3.45
1981-09-03,30.38,20.12,5.36
1981-09-04,29.18,22.52,5.96
1981-09-05,31.74,23.84,5.08
1981-09-06,32.00,22.85,6.51
1981-09-07,31.50,15.90,3.29
1981-09-08,31.98,11.21,0.46
1981-09-09,32.35,13.79,2.40
1981-09-10,29.91,17.26,2.44
1981-09-11,30.32,16.76,5.32
1981-09-12,25.30,10.79,6.56
1981-09-13,25.88,13.47,7.50
1981-09-14,30.77,17.25,8.79
1981-09-15,33.55,21.93,2.81
1981-09-16,32.38,22.94,2.40
1981-09-17,31.61,18.69,3.03
1981-09-18,30.50,17.42,2.74
1981-09-19,32.38,14.03,2.88
1981-09-20,32.02,19.08,6.67
1981-09-21,33.23,23.79,11.54
1981-09-22,32.97,23.23,14.10
1981-09-23,35.41,25.37,14.10
1981-09-24,35.50,26.81,13.54
1981-09-25,34.14,25.93,12.97
1981-09-26,34.13,20.80,7.78
1981-09-27,32.47,18.24,5.41
1981-09-28,32.81,19.96,11.02
1981-09-29,33.28,26.23,16.40
1981-09-30,34.34,24.22,14.65
1981-10-01,34.71,20.66,6.26
1981-10-02,31.47,11.43,5.50
1981-10-03,31.72,16.40,7.52
1981-10-04,32.14,12.38,9.33
1981-10-05,31.10,14.26,7.21
1981-10-06,31.99,18.07,10.00
1981-10-07,32.31,16.09,12.81
1981-10-08,30.68,14.81,14.39
1981-10-09,33.19,16.27,9.07
1981-10-10,31.87,22.66,7.44
1981-10-11,32.08,20.39,7.58
1981-10-12,31.07,24.32,11.98
1981-10-13,29.63,25.62,14.80
1981-10-14,28.29,18.00,10.66
1981-10-15,31.63,23.81,12.03
1981-10-16,32.10,24.35,17.43
1981-10-17,30.19,17.68,17.78
1981-10-18,31.16,22.94,16.52
1981-10-19,33.56,27.16,15.46
1981-10-20,31.79,26.45,13.33
1981-10-21,32.56,27.09,20.96
1981-10-22,33.03,24.80,20.51
1981-10-23,31.84,23.75,15.97
1981-10-24,31.56,22.44,16.35
1981-10-25,32.69,22.73,16.19
1981-10-26,33.47,21.39,9.43
1981-10-27,35.75,25.58,13.62
1981-10-28,33.27,22.74,10.80
1981-10-29,32.38,21.75,10.05
1981-10-30,31.88,25.50,11.44
1981-10-31,30.07,24.53,12.25
1981-11-01,29.07,25.08,9.83
1981-11-02,29.53,21.86,8.07
1981-11-03,31.60,20.62,8.70
1981-11-04,31.84,18.36,11.23
1981-11-05,30.07,19.21,10.30
1981-11-06,30.04,26.56,9.23
1981-11-07,29.03,22.89,9.73
1981-11-08,30.57,20.88,8.02
1981-11-09,31.19,28.73,11.69
1981-11-10,31.02,27.42,15.26
1981-11-11,29.68,29.96,16.32
1981-11-12,29.77,28.75,11.18
1981-11-13,31.12,27.73,13.88
1981-11-14,32.07,29.16,16.29
1981-11-15,32.00,27.93,18.81
1981-11-16,32.34,24.84,11.99
1981-11-17,32.54,22.61,9.19
1981-11-18,33.11,25.56,16.61
1981-11-19,32.53,28.66,15.88
1981-11-20,31.62,26.43,8.28
1981-11-21,31.29,25.28,9.82
1981-11-22,29.72,24.72,12.36
1981-11-23,30.77,24.94,16.99
1981-11-24,31.82,25.99,14.76
1981-11-25,32.60,30.53,18.26
1981-11-26,31.38,27.88,20.96
1981-11-27,28.93,26.95,17.13
1981-11-28,31.56,24.57,13.29
1981-11-29,29.27,18.68,9.04
1981-11-30,30.26,20.38,9.04
1981-12-01,29.64,27.97,13.13
1981-12-02,32.74,30.58,22.45
1981-12-03,31.59,27.99,19.91
1981-12-04,32.10,22.98,14.80
1981-12-05,31.53,27.43,12.11
1981-12-06,29.98,29.34,14.99
1981-12-07,30.82,31.94,18.44
1981-12-08,29.34,34.51,16.46
1981-12-09,31.41,30.75,22.09
1981-12-10,31.34,29.45,19.98
1981-12-11,32.54,32.54,18.19
1981-12-12,32.77,32.71,20.16
1981-12-13,32.21,29.91,15.77
1981-12-14,32.69,26.06,11.14
1981-12-15,32.09,31.08,11.27
1981-12-16,32.88,24.95,9.02
1981-12-17,31.35,25.81,10.27
1981-12-18,32.01,27.52,10.54
1981-12-19,31.90,27.98,9.17
1981-12-20,30.90,25.47,10.83
1981-12-21,31.00,24.54,12.26
1981-12-22,30.41,29.84,13.12
1981-12-23,30.89,31.67,18.94
1981-12-24,32.92,28.37,19.60
1981-12-25,32.81,30.15,19.06
1981-12-26,31.81,31.13,18.85
1981-12-27,32.33,32.32,20.90
1981-12-28,31.84,31.18,21.83
1981-12-29,31.19,30.25,13.88
1981-12-30,31.89,28.86,12.91
1981-12-31,31.77,29.09,23.04
1982-01-01,31.27,30.20,23.66
1982-01-02,30.32,31.29,21.86
1982-01-03,29.90,31.17,19.69
1982-01-04,29.84,29.96,15.76
1982-01-05,31.40,28.51,19.32
1982-01-06,32.20,29.41,20.69
1982-01-07,31.89,28.21,20.96
1982-01-08,31.26,28.57,16.33
1982-01-09,31.78,30.65,22.59
1982-01-10,31.23,30.19,23.36
1982-01-11,30.34,28.59,18.83
1982-01-12,30.02,25.89,12.96
1982-01-13,31.74,29.15,16.06
1982-01-14,31.56,30.29,18.27
1982-01-15,31.93,25.62,14.87
1982-01-16,31.09,26.43,10.76
1982-01-17,31.53,32.30,17.99
1982-01-18,28.38,29.43,26.07
1982-01-19,27.25,28.82,20.54
1982-01-20,31.02,30.16,15.57
1982-01-21,30.45,33.28,20.19
1982-01-22,29.68,28.80,27.41
1982-01-23,29.95,26.19,21.91
1982-01-24,29.96,27.42,18.22
1982-01-25,30.55,28.96,21.98
1982-01-26,29.63,28.78,21.76
1982-01-27,30.22,28.63,21.77
1982-01-28,30.37,28.37,20.09
1982-01-29,30.51,26.48,14.26
1982-01-30,30.43,30.85,16.66
1982-01-31,30.01,28.70,17.58
1982-02-01,31.45,26.90,11.78
1982-02-02,30.70,26.90,10.68
1982-02-03,29.57,28.49,12.05
1982-02-04,30.16,29.18,18.18
1982-02-05,30.81,28.81,16.68
1982-02-06,30.13,29.54,12.68
1982-02-07,31.50,29.46,15.39
1982-02-08,31.70,29.15,20.96
1982-02-09,32.46,29.08,16.97
1982-02-10,33.00,26.73,13.21
1982-02-11,31.99,29.00,8.81
1982-02-12,32.39,28.15,11.12
1982-02-13,32.70,30.61,14.22
1982-02-14,30.60,28.35,16.66
1982-02-15,30.56,25.67,11.99
1982-02-16,29.96,27.01,13.42
1982-02-17,31.19,28.42,18.88
1982-02-18,31.31,28.60,21.78
1982-02-19,30.74,25.55,23.89
1982-02-20,25.77,26.13,17.32
1982-02-21,28.99,28.24,22.89
1982-02-22,29.86,27.93,24.40
1982-02-23,32.22,27.18,23.03
1982-02-24,31.73,25.33,17.06
1982-02-25,30.50,26.67,14.06
1982-02-26,31.96,27.91,14.91
1982-02-27,31.68,29.91,21.71
1982-02-28,33.65,28.40,23.87
1982-03-01,32.03,27.88,21.98
1982-03-02,30.96,29.53,26.22
1982-03-03,24.05,28.02,25.62
1982-03-04,27.63,26.18,26.95
1982-03-05,32.31,26.82,23.66
1982-03-06,34.08,28.31,19.69
1982-03-07,35.79,25.17,19.79
1982-03-08,35.52,27.99,15.86
1982-03-09,33.77,27.12,12.85
1982-03-10,31.82,30.37,17.19
1982-03-11,30.39,28.43,18.86
1982-03-12,30.10,28.28,24.15
1982-03-13,30.77,27.91,19.39
1982-03-14,29.89,27.23,15.33
1982-03-15,29.18,25.51,11.06
1982-03-16,29.86,22.25,9.24
1982-03-17,30.51,27.29,10.64
1982-03-18,31.05,26.52,11.80
1982-03-19,31.78,25.47,15.09
1982-03-20,30.50,28.43,15.53
1982-03-21,31.14,27.61,12.56
1982-03-22,31.79,29.01,10.59
1982-03-23,30.29,27.70,8.87
1982-03-24,29.78,19.49,8.98
1982-03-25,29.16,11.73,12.34
1982-03-26,28.51,22.35,13.60
1982-03-27,28.98,27.45,13.66
1982-03-28,31.36,30.01,16.98
1982-03-29,31.03,29.04,14.28
1982-03-30,33.35,28.14,14.39
1982-03-31,31.48,28.84,17.53
1982-04-01,29.05,24.87,18.61
1982-04-02,27.80,21.79,14.81
1982-04-03,28.40,25.68,11.74
1982-04-04,29.29,28.16,18.36
1982-04-05,28.73,24.77,19.96
1982-04-06,29.12,23.87,18.56
1982-04-07,30.65,24.78,18.54
1982-04-08,30.69,25.55,19.53
1982-04-09,29.18,23.96,19.18
1982-04-10,28.33,22.40,13.54
1982-04-11,29.08,22.43,12.51
1982-04-12,30.39,19.94,10.16
1982-04-13,28.95,23.36,10.23
1982-04-14,26.32,20.39,10.26
1982-04-15,27.83,23.34,12.41
1982-04-16,28.92,24.43,9.91
1982-04-17,29.32,16.29,6.99
1982-04-18,29.90,16.46,7.79
1982-04-19,30.09,18.27,7.64
1982-04-20,30.23,24.86,15.10
1982-04-21,30.80,24.95,17.99
1982-04-22,29.84,19.99,15.15
1982-04-23,30.58,21.05,8.63
1982-04-24,31.72,25.41,9.96
1982-04-25,31.68,27.44,14.03
1982-04-26,32.54,23.67,13.20
1982-04-27,29.74,23.69,14.00
1982-04-28,30.34,25.79,16.92
1982-04-29,27.35,23.97,18.67
1982-04-30,27.73,23.55,15.77
1982-05-01,28.01,22.97,17.11
1982-05-02,30.18,23.07,16.67
1982-05-03,30.97,21.61,16.51
1982-05-04,33.13,22.79,13.12
1982-05-05,29.84,22.59,11.45
1982-05-06,29.68,17.83,9.09
1982-05-07,31.09,19.47,10.85
1982-05-08,30.01,11.40,10.86
1982-05-09,30.36,11.86,8.34
1982-05-10,29.08,10.99,7.36
1982-05-11,28.22,12.28,8.04
1982-05-12,28.57,10.17,6.87
1982-05-13,29.78,16.15,5.76
1982-05-14,28.95,20.30,8.86
1982-05-15,28.18,14.56,7.02
1982-05-16,27.66,12.32,8.05
1982-05-17,28.47,15.60,6.75
1982-05-18,29.99,19.31,8.56
1982-05-19,29.02,16.06,6.80
1982-05-20,27.91,16.64,4.86
1982-05-21,26.77,20.43,10.04
1982-05-22,26.78,15.04,5.57
1982-05-23,20.59,18.19,8.34
1982-05-24,27.96,18.85,7.50
1982-05-25,29.70,18.47,8.40
1982-05-26,27.44,18.75,11.40
1982-05-27,28.59,18.93,9.04
1982-05-28,27.72,19.70,8.29
1982-05-29,29.48,19.26,8.49
1982-05-30,28.27,19.80,8.09
1982-05-31,29.14,17.49,11.81
1982-06-01,29.39,13.12,6.86
1982-06-02,29.32,13.73,7.26
1982-06-03,33.06,16.81,8.03
1982-06-04,27.36,10.74,5.57
1982-06-05,26.10,19.23,6.78
1982-06-06,27.09,14.94,3.96
1982-06-07,26.69,14.12,3.01
1982-06-08,28.25,10.35,2.75
1982-06-09,27.07,12.41,4.24
1982-06-10,29.48,11.42,2.92
1982-06-11,29.96,7.96,0.96
1982-06-12,31.55,8.32,1.45
1982-06-13,30.06,8.28,0.93
1982-06-14,28.60,11.48,-0.09
1982-06-15,29.36,15.60,2.44
1982-06-16,30.37,18.59,0.36
1982-06-17,28.59,15.35,-0.15
1982-06-18,22.23,8.62,2.09
1982-06-19,27.07,7.83,4.60
1982-06-20,26.98,10.52,3.80
1982-06-21,27.37,15.22,4.36
1982-06-22,25.53,14.94,5.03
1982-06-23,25.95,9.31,2.61
1982-06-24,27.48,9.73,1.44
1982-06-25,26.47,9.64,1.64
1982-06-26,27.51,8.78,2.84
1982-06-27,28.55,8.40,0.01
1982-06-28,29.32,12.33,-0.08
1982-06-29,31.89,14.67,1.72
1982-06-30,34.41,17.70,4.06
1982-07-01,32.99,18.94,5.14
1982-07-02,32.91,16.34,1.58
1982-07-03,31.95,13.81,1.74
1982-07-04,29.80,13.45,2.23
1982-07-05,30.14,13.68,0.84
1982-07-06,30.78,12.27,1.37
1982-07-07,29.17,10.91,3.46
1982-07-08,28.60,9.88,1.59
1982-07-09,28.98,12.52,2.51
1982-07-10,29.30,16.78,2.80
1982-07-11,27.46,15.23,2.98
1982-07-12,31.06,14.21,2.51
1982-07-13,31.16,15.05,2.58
1982-07-14,32.76,14.36,4.10
1982-07-15,31.02,10.82,3.86
1982-07-16,31.98,9.55,2.74
1982-07-17,32.17,12.17,1.19
1982-07-18,31.98,14.79,2.32
1982-07-19,28.47,12.56,1.68
1982-07-20,26.14,9.59,0.99
1982-07-21,28.06,12.35,1.41
1982-07-22,29.54,11.93,1.01
1982-07-23,28.93,10.28,1.19
1982-07-24,27.85,15.06,0.44
1982-07-25,28.34,13.09,0.33
1982-07-26,29.36,13.06,2.78
1982-07-27,28.95,9.28,3.37
1982-07-28,27.72,13.96,3.21
1982-07-29,26.65,18.80,6.20
1982-07-30,25.98,15.53,7.70
1982-07-31,26.26,14.47,2.42
1982-08-01,26.98,16.75,6.43
1982-08-02,26.58,17.79,4.72
1982-08-03,31.16,11.82,2.71
1982-08-04,30.40,14.42,4.46
1982-08-05,27.25,8.84,1.06
1982-08-06,26.91,13.51,1.72
1982-08-07,22.86,13.89,1.75
1982-08-08,26.39,17.09,1.96
1982-08-09,27.59,19.45,7.37
1982-08-10,31.48,20.59,9.13
1982-08-11,32.37,18.14,10.94
1982-08-12,30.50,12.98,6.95
1982-08-13,28.58,8.62,3.71
1982-08-14,28.68,15.02,4.12
1982-08-15,28.23,19.82,5.30
1982-08-16,29.96,18.72,4.45
1982-08-17,32.59,19.91,9.18
1982-08-18,34.26,22.67,13.65
1982-08-19,33.95,21.74,7.58
1982-08-20,33.88,19.37,4.11
1982-08-21,31.62,22.02,7.21
1982-08-22,32.05,19.66,9.43
1982-08-23,33.08,17.77,6.60
1982-08-24,30.65,12.56,5.52
1982-08-25,31.57,12.23,3.88
1982-08-26,30.80,16.03,3.55
1982-08-27,28.06,14.19,4.53
1982-08-28,28.91,11.81,2.85
1982-08-29,29.27,16.20,3.31
1982-08-30,29.53,20.41,7.68
1982-08-31,30.26,22.50,5.66
1982-09-01,31.13,25.12,5.27
1982-09-02,31.02,22.61,11.35
1982-09-03,31.46,19.14,6.79
1982-09-04,32.76,20.91,5.95
1982-09-05,30.62,26.23,11.73
1982-09-06,32.88,25.71,15.66
1982-09-07,33.29,22.01,13.06
1982-09-08,32.65,18.98,13.26
1982-09-09,31.75,15.94,8.07
1982-09-10,33.06,15.49,7.53
1982-09-11,32.28,15.13,5.86
1982-09-12,36.47,15.38,5.45
1982-09-13,30.62,13.94,4.92
1982-09-14,29.55,12.49,9.02
1982-09-15,28.28,12.30,6.30
1982-09-16,27.80,11.96,9.22
1982-09-17,26.58,15.26,10.74
1982-09-18,26.33,16.77,8.31
1982-09-19,29.92,13.48,9.69
1982-09-20,32.19,14.29,8.96
1982-09-21,32.72,15.60,11.13
1982-09-22,31.14,16.29,14.05
1982-09-23,30.80,14.33,10.05
1982-09-24,32.06,18.21,8.38
1982-09-25,32.17,22.71,15.21
1982-09-26,31.61,16.98,12.82
1982-09-27,32.94,20.75,11.63
1982-09-28,32.77,13.08,6.92
1982-09-29,31.72,16.32,11.44
1982-09-30,31.76,11.96,6.99
1982-10-01,31.02,19.66,7.71
1982-10-02,31.62,17.73,9.30
1982-10-03,29.78,18.13,6.77
1982-10-04,29.64,19.77,7.67
1982-10-05,29.28,22.15,9.53
1982-10-06,29.89,17.54,5.46
1982-10-07,31.70,20.10,8.67
1982-10-08,32.97,21.55,10.60
1982-10-09,31.29,22.01,7.58
1982-10-10,31.43,26.81,8.39
1982-10-11,31.93,17.81,7.93
1982-10-12,32.31,22.16,10.83
1982-10-13,32.02,27.87,14.87
1982-10-14,32.60,24.69,14.95
1982-10-15,33.33,20.22,11.41
1982-10-16,30.64,16.70,7.82
1982-10-17,34.47,18.65,7.34
1982-10-18,32.70,26.39,10.60
1982-10-19,30.60,20.71,7.55
1982-10-20,31.43,14.85,6.87
1982-10-21,32.16,17.53,6.54
1982-10-22,30.37,11.39,7.05
1982-10-23,29.20,19.39,6.24
1982-10-24,29.12,18.51,6.30
1982-10-25,33.00,24.93,8.12
1982-10-26,32.01,24.78,10.05
1982-10-27,30.28,26.45,12.90
1982-10-28,28.99,27.06,8.62
1982-10-29,29.04,27.00,9.69
1982-10-30,29.29,28.73,15.87
1982-10-31,31.57,22.11,12.08
1982-11-01,32.61,17.79,7.99
1982-11-02,30.84,15.81,9.17
1982-11-03,32.16,24.92,9.22
1982-11-04,29.59,19.43,7.28
1982-11-05,30.16,23.87,8.48
1982-11-06,30.30,22.53,8.88
1982-11-07,32.64,26.95,13.24
1982-11-08,33.84,25.93,10.68
1982-11-09,34.51,20.41,7.08
1982-11-10,32.15,18.98,7.13
1982-11-11,33.77,21.89,8.26
1982-11-12,33.90,26.61,13.65
1982-11-13,31.98,25.96,12.85
1982-11-14,34.18,29.84,18.14
1982-11-15,33.84,29.99,22.38
1982-11-16,30.82,23.93,18.31
1982-11-17,29.09,21.16,11.39
1982-11-18,28.88,26.51,9.96
1982-11-19,31.48,26.02,9.79
1982-11-20,29.48,27.54,12.39
1982-11-21,29.99,27.10,14.54
1982-11-22,32.01,25.28,16.73
1982-11-23,33.33,28.28,15.94
1982-11-24,33.29,27.11,15.80
1982-11-25,33.68,26.33,12.58
1982-11-26,32.35,25.05,10.11
1982-11-27,33.08,19.57,8.92
1982-11-28,31.95,21.30,9.37
1982-11-29,32.06,20.19,10.68
1982-11-30,32.13,24.27,15.95
1982-12-01,30.67,32.05,22.88
1982-12-02,31.57,32.66,21.73
1982-12-03,30.75,30.08,18.82
1982-12-04,29.32,26.45,17.55
1982-12-05,31.29,28.05,14.21
1982-12-06,32.79,31.27,19.60
1982-12-07,32.58,29.87,19.04
1982-12-08,32.75,29.78,18.50
1982-12-09,32.98,28.54,16.25
1982-12-10,33.10,26.95,14.53
1982-12-11,32.62,28.20,19.49
1982-12-12,31.71,22.80,14.07
1982-12-13,33.20,21.42,9.74
1982-12-14,33.06,27.62,10.83
1982-12-15,31.54,26.95,13.70
1982-12-16,31.73,25.62,17.30
1982-12-17,32.16,25.14,12.85
1982-12-18,30.96,27.71,12.55
1982-12-19,31.82,29.67,12.71
1982-12-20,31.92,28.98,18.25
1982-12-21,32.07,28.28,12.95
1982-12-22,32.64,30.88,16.68
1982-12-23,32.43,33.87,20.54
1982-12-24,31.33,29.59,23.70
1982-12-25,31.41,27.73,27.54
1982-12-26,32.28,27.98,22.74
1982-12-27,32.43,29.58,22.18
1982-12-28,31.45,29.06,23.56
1982-12-29,32.77,27.68,17.66
1982-12-30,32.08,30.75,18.16
1982-12-31,32.73,31.76,22.18
1983-01-01,31.61,30.37,22.74
1983-01-02,33.34,28.52,25.12
1983-01-03,31.84,32.42,25.97
1983-01-04,31.43,33.16,25.86
1983-01-05,31.23,28.68,18.85
1983-01-06,31.51,28.00,21.11
1983-01-07,32.10,28.59,17.27
1983-01-08,31.36,30.16,16.35
1983-01-09,33.08,31.09,16.01
1983-01-10,33.05,31.56,22.15
1983-01-11,33.53,24.95,28.16
1983-01-12,34.14,24.88,24.31
1983-01-13,31.32,25.41,21.47
1983-01-14,31.03,30.21,23.62
1983-01-15,31.51,30.57,20.94
1983-01-16,32.84,27.55,23.35
1983-01-17,34.23,29.74,29.13
1983-01-18,34.93,33.21,25.69
1983-01-19,35.45,33.16,21.24
1983-01-20,34.91,31.99,23.00
1983-01-21,34.21,30.45,22.33
1983-01-22,32.76,27.24,16.68
1983-01-23,33.75,25.45,15.29
1983-01-24,33.58,23.48,13.65
1983-01-25,32.12,26.47,11.96
1983-01-26,32.64,30.90,13.74
1983-01-27,32.84,30.77,17.36
1983-01-28,32.81,28.17,14.71
1983-01-29,33.63,23.52,13.07
1983-01-30,33.20,28.53,17.19
1983-01-31,32.50,30.62,22.90
1983-02-01,33.79,31.07,23.36
1983-02-02,31.86,32.12,19.59
1983-02-03,33.83,32.33,23.19
1983-02-04,33.96,32.77,25.43
1983-02-05,31.83,31.82,25.45
1983-02-06,33.45,30.14,23.84
1983-02-07,32.81,29.99,25.67
1983-02-08,31.50,30.71,18.38
1983-02-09,32.14,30.89,14.19
1983-02-10,32.37,28.40,12.37
1983-02-11,31.94,29.30,17.67
1983-02-12,33.53,29.35,18.18
1983-02-13,33.29,27.45,14.02
1983-02-14,31.31,22.20,20.04
1983-02-15,33.08,25.90,21.51
1983-02-16,34.19,31.86,20.79
1983-02-17,33.08,32.94,15.27
1983-02-18,32.39,30.35,14.19
1983-02-19,32.49,29.43,14.62
1983-02-20,34.69,31.99,15.64
1983-02-21,34.35,32.53,18.18
1983-02-22,32.90,32.91,19.62
1983-02-23,33.82,30.50,14.27
1983-02-24,32.74,28.02,11.49
1983-02-25,33.77,27.87,13.04
1983-02-26,34.12,26.55,16.60
1983-02-27,33.55,30.71,18.45
1983-02-28,33.85,28.68,14.22
1983-03-01,32.66,26.17,13.02
1983-03-02,32.28,27.20,9.98
1983-03-03,31.82,28.56,11.29
1983-03-04,31.39,28.96,11.15
1983-03-05,32.66,30.65,12.53
1983-03-06,32.29,27.82,13.67
1983-03-07,33.60,25.23,10.93
1983-03-08,34.32,28.26,11.89
1983-03-09,32.34,30.40,14.67
1983-03-10,31.46,30.43,18.48
1983-03-11,31.27,27.28,15.00
1983-03-12,30.68,28.83,19.19
1983-03-13,32.07,30.14,19.45
1983-03-14,34.42,25.76,22.11
1983-03-15,32.66,20.87,14.47
1983-03-16,32.38,26.61,12.37
1983-03-17,32.60,26.64,11.08
1983-03-18,32.70,27.20,12.68
1983-03-19,31.38,31.36,22.51
1983-03-20,32.73,28.15,20.19
1983-03-21,35.64,27.42,23.73
1983-03-22,34.81,25.70,18.72
1983-03-23,33.16,25.44,18.91
1983-03-24,32.23,27.43,21.77
1983-03-25,31.18,23.79,15.75
1983-03-26,29.86,21.37,15.73
1983-03-27,30.90,24.95,13.34
1983-03-28,31.70,25.10,16.20
1983-03-29,32.42,22.74,16.43
1983-03-30,30.47,24.65,13.12
1983-03-31,30.44,25.68,14.96
1983-04-01,32.17,19.39,12.74
1983-04-02,32.58,17.89,7.97
1983-04-03,30.79,24.21,9.29
1983-04-04,31.95,27.02,12.77
1983-04-05,33.06,28.80,14.31
1983-04-06,33.39,29.86,14.65
1983-04-07,31.52,28.53,16.23
1983-04-08,31.76,23.11,19.07
1983-04-09,32.69,27.72,17.06
1983-04-10,31.16,27.29,14.37
1983-04-11,30.16,20.95,10.30
1983-04-12,29.11,22.50,9.33
1983-04-13,30.95,25.87,10.60
1983-04-14,30.93,27.45,14.18
1983-04-15,32.30,25.99,16.36
1983-04-16,29.52,24.71,13.28
1983-04-17,29.16,23.19,10.48
1983-04-18,31.27,23.22,13.35
1983-04-19,31.03,24.09,13.65
1983-04-20,32.10,25.75,15.17
1983-04-21,33.59,25.01,15.46
1983-04-22,31.48,22.80,14.90
1983-04-23,32.44,22.24,10.95
1983-04-24,31.21,17.91,9.10
1983-04-25,31.32,25.07,9.80
1983-04-26,30.24,18.83,7.94
1983-04-27,28.98,19.96,7.61
1983-04-28,28.81,16.76,8.28
1983-04-29,29.02,22.52,8.71
1983-04-30,29.88,22.46,11.27
1983-05-01,32.12,20.60,13.26
1983-05-02,31.93,17.12,10.16
1983-05-03,30.55,13.05,8.21
1983-05-04,30.81,16.73,8.13
1983-05-05,31.31,23.15,11.77
1983-05-06,30.96,21.18,10.38
1983-05-07,31.38,21.26,8.53
1983-05-08,30.59,20.91,9.28
1983-05-09,33.03,18.98,8.97
1983-05-10,27.54,21.01,10.88
1983-05-11,29.64,22.35,9.66
1983-05-12,26.67,22.34,10.77
1983-05-13,29.11,24.78,13.45
1983-05-14,28.84,19.62,12.55
1983-05-15,29.28,13.03,7.79
1983-05-16,29.03,14.98,7.16
1983-05-17,26.10,13.38,6.99
1983-05-18,31.92,14.80,8.47
1983-05-19,29.95,16.27,8.09
1983-05-20,32.72,16.87,9.72
1983-05-21,29.84,17.60,11.37
1983-05-22,29.76,16.71,9.26
1983-05-23,31.70,17.81,10.22
1983-05-24,30.44,22.13,10.11
1983-05-25,30.93,13.28,7.68
1983-05-26,29.23,14.91,6.92
1983-05-27,27.62,10.09,4.41
1983-05-28,29.14,14.26,3.44
1983-05-29,28.25,11.53,6.13
1983-05-30,28.40,12.45,5.19
1983-05-31,30.94,13.53,4.03
1983-06-01,31.39,8.92,4.41
1983-06-02,32.85,10.90,4.44
1983-06-03,33.05,15.49,3.46
1983-06-04,29.94,15.28,3.54
1983-06-05,27.54,13.74,3.54
1983-06-06,29.22,14.37,3.03
1983-06-07,27.42,11.03,3.78
1983-06-08,26.85,8.38,3.27
1983-06-09,28.18,13.37,3.82
1983-06-10,28.76,13.28,4.75
1983-06-11,24.34,11.99,2.73
1983-06-12,24.06,8.05,5.54
1983-06-13,27.60,11.67,5.62
1983-06-14,30.40,12.84,3.60
1983-06-15,28.98,17.89,5.55
1983-06-16,30.55,16.51,7.45
1983-06-17,30.54,14.10,4.41
1983-06-18,29.68,8.38,3.65
1983-06-19,28.08,10.02,2.16
1983-06-20,26.86,10.24,0.63
1983-06-21,27.16,5.53,0.82
1983-06-22,26.13,8.77,1.29
1983-06-23,23.59,10.13,2.14
1983-06-24,24.25,11.84,2.70
1983-06-25,24.84,12.98,2.85
1983-06-26,25.93,12.15,1.78
1983-06-27,27.84,14.14,2.62
1983-06-28,31.30,14.07,2.77
1983-06-29,29.28,14.44,4.94
1983-06-30,26.99,13.86,4.41
1983-07-01,22.44,15.90,3.64
1983-07-02,28.91,11.49,2.26
1983-07-03,25.62,16.73,3.12
1983-07-04,27.60,14.21,2.61
1983-07-05,26.99,9.59,1.41
1983-07-06,28.38,9.53,1.71
1983-07-07,29.13,9.43,1.59
1983-07-08,26.48,8.44,3.06
1983-07-09,23.42,10.13,-0.74
1983-07-10,22.11,9.60,-0.38
1983-07-11,24.47,10.20,0.10
1983-07-12,27.27,16.09,2.39
1983-07-13,29.64,13.54,2.18
1983-07-14,26.05,9.99,0.73
1983-07-15,26.80,13.42,4.53
1983-07-16,26.71,17.85,7.75
1983-07-17,29.03,15.51,7.15
1983-07-18,28.41,15.63,7.32
1983-07-19,31.62,15.82,3.85
1983-07-20,30.06,16.45,2.72
1983-07-21,32.28,16.17,2.07
1983-07-22,31.36,16.64,3.88
1983-07-23,26.73,13.74,4.17
1983-07-24,27.91,14.48,4.04
1983-07-25,22.70,17.33,7.79
1983-07-26,25.14,16.52,6.46
1983-07-27,29.67,16.71,1.19
1983-07-28,24.45,10.14,1.06
1983-07-29,25.88,13.72,1.42
1983-07-30,28.22,15.74,5.95
1983-07-31,29.54,15.63,6.71
1983-08-01,33.72,17.75,7.83
1983-08-02,35.21,17.66,8.75
1983-08-03,34.53,17.70,4.86
1983-08-04,30.44,18.86,2.54
1983-08-05,29.51,14.01,2.43
1983-08-06,26.28,16.73,3.25
1983-08-07,29.26,13.54,6.45
1983-08-08,30.95,17.61,6.55
1983-08-09,32.32,15.03,3.81
1983-08-10,31.18,10.68,2.07
1983-08-11,27.68,16.74,5.15
1983-08-12,27.41,13.46,3.13
1983-08-13,26.54,17.46,1.55
1983-08-14,25.93,13.93,2.41
1983-08-15,28.30,16.27,4.33
1983-08-16,28.64,20.25,8.46
1983-08-17,33.24,19.61,5.05
1983-08-18,32.95,21.42,9.42
1983-08-19,32.43,23.04,9.45
1983-08-20,31.67,18.80,9.57
1983-08-21,31.19,16.55,8.21
1983-08-22,33.88,13.70,7.09
1983-08-23,30.38,12.22,6.34
1983-08-24,28.61,12.86,7.29
1983-08-25,28.56,14.53,5.91
1983-08-26,29.04,14.27,1.64
1983-08-27,25.41,13.39,7.37
1983-08-28,21.18,11.20,8.85
1983-08-29,23.26,11.85,9.01
1983-08-30,21.84,12.19,9.95
1983-08-31,25.83,15.14,6.01
1983-09-01,28.21,19.33,7.17
1983-09-02,28.51,19.54,5.32
1983-09-03,28.66,19.54,2.81
1983-09-04,29.20,13.09,1.61
1983-09-05,30.16,10.37,0.78
1983-09-06,29.45,15.08,2.43
1983-09-07,30.05,16.52,6.99
1983-09-08,31.02,16.79,5.30
1983-09-09,31.75,20.26,8.09
1983-09-10,26.09,21.96,11.09
1983-09-11,30.39,22.21,12.60
1983-09-12,33.74,24.03,10.43
1983-09-13,34.27,19.76,8.66
1983-09-14,31.69,15.43,11.23
1983-09-15,31.74,14.76,5.65
1983-09-16,28.41,13.03,4.00
1983-09-17,28.87,9.95,4.85
1983-09-18,32.30,15.83,6.12
1983-09-19,31.39,21.62,10.36
1983-09-20,30.34,20.51,11.51
1983-09-21,26.98,16.23,8.72
1983-09-22,29.36,15.82,4.49
1983-09-23,30.20,21.80,1.75
1983-09-24,32.66,21.02,1.60
1983-09-25,31.04,16.21,3.79
1983-09-26,29.49,10.18,4.38
1983-09-27,26.53,11.66,4.59
1983-09-28,27.89,12.25,8.21
1983-09-29,26.93,20.01,8.66
1983-09-30,31.64,22.67,7.42
1983-10-01,31.73,27.95,14.94
1983-10-02,31.39,27.53,7.60
1983-10-03,32.79,28.16,11.98
1983-10-04,33.48,28.10,14.48
1983-10-05,34.81,28.02,14.59
1983-10-06,35.27,27.04,12.23
1983-10-07,34.70,23.05,8.41
1983-10-08,31.70,21.63,8.25
1983-10-09,31.55,23.70,11.49
1983-10-10,31.37,22.43,12.46
1983-10-11,33.36,25.80,16.50
1983-10-12,33.16,25.05,13.29
1983-10-13,32.59,21.07,10.33
1983-10-14,32.48,21.19,10.70
1983-10-15,30.51,18.22,8.95
1983-10-16,28.73,18.23,7.74
1983-10-17,26.43,23.66,7.20
1983-10-18,28.74,18.77,6.78
1983-10-19,30.70,22.09,6.00
1983-10-20,30.71,23.14,3.71
1983-10-21,30.77,22.73,7.18
1983-10-22,31.22,28.01,10.09
1983-10-23,30.72,31.12,21.11
1983-10-24,29.25,18.56,16.77
1983-10-25,28.03,19.05,10.50
1983-10-26,28.84,24.95,11.32
1983-10-27,29.43,23.68,10.66
1983-10-28,31.32,25.01,14.85
1983-10-29,32.31,28.50,14.75
1983-10-30,32.88,28.21,16.65
1983-10-31,32.02,29.46,23.33
1983-11-01,31.51,28.53,24.00
1983-11-02,31.52,29.06,21.00
1983-11-03,32.88,26.63,15.16
1983-11-04,32.56,27.81,12.42
1983-11-05,31.84,24.11,10.38
1983-11-06,32.50,25.10,12.50
1983-11-07,31.62,25.48,12.10
1983-11-08,32.36,23.28,11.94
1983-11-09,31.09,24.11,10.45
1983-11-10,31.49,24.48,14.89
1983-11-11,30.64,18.97,12.37
1983-11-12,28.70,23.29,16.36
1983-11-13,27.43,25.81,20.36
1983-11-14,30.26,24.23,17.58
1983-11-15,31.13,24.54,15.34
1983-11-16,30.81,17.76,11.84
1983-11-17,29.10,25.15,12.95
1983-11-18,29.68,26.84,14.23
1983-11-19,32.64,26.21,10.19
1983-11-20,32.64,26.65,12.10
1983-11-21,31.85,29.95,14.49
1983-11-22,33.35,31.89,15.91
1983-11-23,34.27,29.07,12.82
1983-11-24,32.19,29.90,15.90
1983-11-25,31.30,28.06,23.72
1983-11-26,32.87,27.58,27.23
1983-11-27,31.95,27.73,19.48
1983-11-28,32.20,29.29,19.20
1983-11-29,30.56,28.64,14.65
1983-11-30,31.32,28.99,17.91
1983-12-01,30.84,27.90,20.03
1983-12-02,29.07,26.91,19.10
1983-12-03,30.93,28.82,20.04
1983-12-04,30.79,30.39,20.89
1983-12-05,30.86,30.46,21.44
1983-12-06,28.72,27.54,27.14
1983-12-07,28.62,25.52,19.59
1983-12-08,32.67,26.92,20.57
1983-12-09,29.87,28.30,25.42
1983-12-10,30.97,23.36,16.48
1983-12-11,31.61,30.07,18.82
1983-12-12,31.43,31.13,15.33
1983-12-13,29.14,31.02,28.15
1983-12-14,29.37,28.27,23.57
1983-12-15,30.50,27.60,20.95
1983-12-16,30.52,27.62,20.59
1983-12-17,31.15,29.02,21.54
1983-12-18,32.48,27.93,20.58
1983-12-19,32.49,27.84,18.70
1983-12-20,32.25,30.89,18.49
1983-12-21,32.26,32.74,22.59
1983-12-22,31.34,31.04,16.59
1983-12-23,32.01,29.98,15.83
1983-12-24,32.15,30.82,21.36
1983-12-25,31.86,29.11,21.09
1983-12-26,31.13,28.07,12.58
1983-12-27,31.56,29.19,15.65
1983-12-28,31.16,27.56,17.67
1983-12-29,31.64,25.22,16.14
1983-12-30,30.82,27.42,16.93
1983-12-31,30.20,29.25,20.80
1984-01-01,30.76,26.62,19.40
1984-01-02,30.05,29.89,19.06
1984-01-03,29.65,29.93,23.95
1984-01-04,28.64,29.05,21.91
1984-01-05,26.43,28.94,17.55
1984-01-06,26.17,26.80,13.49
1984-01-07,28.88,27.87,13.97
1984-01-08,28.19,27.30,11.89
1984-01-09,27.76,29.55,13.28
1984-01-10,25.99,28.56,15.81
1984-01-11,24.15,28.66,17.24
1984-01-12,25.24,27.25,12.71
1984-01-13,28.73,30.19,12.51
1984-01-14,31.43,28.55,13.03
1984-01-15,32.00,30.09,13.69
1984-01-16,31.14,32.02,15.81
1984-01-17,31.80,31.12,19.80
1984-01-18,31.96,32.18,20.04
1984-01-19,31.26,31.78,25.09
1984-01-20,31.18,28.97,29.08
1984-01-21,30.06,28.45,23.50
1984-01-22,30.40,30.38,24.48
1984-01-23,30.78,30.45,24.80
1984-01-24,30.50,30.38,22.71
1984-01-25,30.14,29.64,24.46
1984-01-26,30.57,28.58,19.75
1984-01-27,30.95,30.34,18.01
1984-01-28,31.48,28.22,11.25
1984-01-29,31.25,28.96,11.27
1984-01-30,31.11,29.73,13.97
1984-01-31,32.27,32.32,17.92
1984-02-01,31.85,31.68,16.68
1984-02-02,32.11,30.86,16.65
1984-02-03,31.85,28.59,13.46
1984-02-04,31.09,24.69,9.90
1984-02-05,29.88,30.66,8.77
1984-02-06,30.04,30.23,21.36
1984-02-07,29.05,28.17,19.33
1984-02-08,30.72,29.77,16.90
1984-02-09,30.85,29.96,18.16
1984-02-10,31.59,25.69,14.44
1984-02-11,31.39,25.46,14.45
1984-02-12,31.30,26.61,21.52
1984-02-13,28.52,30.98,23.21
1984-02-14,29.72,28.13,20.69
1984-02-15,28.91,28.08,22.78
1984-02-16,29.28,28.29,23.61
1984-02-17,29.29,29.39,17.28
1984-02-18,29.33,28.33,18.77
1984-02-19,31.04,29.97,17.87
1984-02-20,31.20,27.98,11.27
1984-02-21,32.00,28.75,11.80
1984-02-22,30.65,29.74,15.54
1984-02-23,30.18,28.62,17.02
1984-02-24,30.87,26.15,9.87
1984-02-25,29.40,24.29,10.12
1984-02-26,31.18,26.52,11.27
1984-02-27,32.73,24.02,10.27
1984-02-28,31.85,26.95,12.80
1984-02-29,32.49,32.19,19.09
1984-03-01,31.89,31.08,20.41
1984-03-02,31.55,27.88,15.41
1984-03-03,31.56,28.96,20.62
1984-03-04,31.70,28.88,21.64
1984-03-05,31.52,28.24,21.46
1984-03-06,30.18,25.84,21.88
1984-03-07,29.74,23.15,16.82
1984-03-08,30.31,27.05,17.03
1984-03-09,29.38,28.04,20.49
1984-03-10,30.29,26.37,21.94
1984-03-11,27.39,25.92,21.05
1984-03-12,31.37,22.30,18.27
1984-03-13,33.33,25.06,15.92
1984-03-14,32.38,23.34,17.50
1984-03-15,32.78,26.98,13.43
1984-03-16,32.06,26.77,18.92
1984-03-17,30.75,27.73,19.85
1984-03-18,30.06,27.74,18.59
1984-03-19,30.39,26.05,22.69
1984-03-20,30.16,27.65,22.84
1984-03-21,32.13,26.14,21.43
1984-03-22,32.56,24.27,14.12
1984-03-23,31.10,19.86,10.29
1984-03-24,30.59,25.55,9.79
1984-03-25,31.29,28.67,10.24
1984-03-26,30.64,28.95,15.50
1984-03-27,31.97,27.34,14.28
1984-03-28,31.76,24.41,11.40
1984-03-29,29.92,23.97,10.86
1984-03-30,29.42,16.46,12.55
1984-03-31,30.98,23.35,17.33
1984-04-01,27.61,23.10,11.38
1984-04-02,28.13,23.81,14.31
1984-04-03,29.89,26.67,17.32
1984-04-04,30.15,27.42,11.93
1984-04-05,30.43,25.94,9.23
1984-04-06,30.97,26.92,11.14
1984-04-07,31.42,26.20,12.71
1984-04-08,30.71,26.30,14.51
1984-04-09,29.70,28.71,18.14
1984-04-10,28.42,27.10,13.24
1984-04-11,28.03,26.96,17.37
1984-04-12,28.91,26.50,16.18
1984-04-13,28.58,26.06,10.67
1984-04-14,28.52,25.23,8.93
1984-04-15,27.55,15.83,9.77
1984-04-16,28.04,19.09,7.69
1984-04-17,27.60,19.95,10.48
1984-04-18,28.43,16.63,10.68
1984-04-19,28.55,15.39,11.90
1984-04-20,28.64,17.90,13.27
1984-04-21,27.40,22.09,13.53
1984-04-22,26.87,23.79,8.16
1984-04-23,28.13,25.11,11.17
1984-04-24,30.68,26.54,15.53
1984-04-25,30.57,27.88,11.24
1984-04-26,31.22,25.64,9.30
1984-04-27,30.26,23.56,8.90
1984-04-28,30.69,18.65,8.03
1984-04-29,30.49,24.68,10.28
1984-04-30,31.00,25.71,7.62
1984-05-01,29.35,22.27,6.59
1984-05-02,28.79,18.55,4.82
1984-05-03,29.84,14.05,6.45
1984-05-04,30.39,13.47,5.98
1984-05-05,29.32,19.30,7.28
1984-05-06,27.30,16.81,4.90
1984-05-07,26.33,18.49,6.88
1984-05-08,27.36,17.55,6.96
1984-05-09,27.83,18.46,6.30
1984-05-10,28.24,18.26,5.75
1984-05-11,28.81,16.41,7.49
1984-05-12,26.64,18.61,7.94
1984-05-13,25.92,16.58,4.36
1984-05-14,28.27,17.46,4.35
1984-05-15,26.71,16.48,5.28
1984-05-16,28.34,17.15,5.62
1984-05-17,30.56,11.61,6.19
1984-05-18,29.00,10.04,4.45
1984-05-19,27.99,11.90,2.61
1984-05-20,25.92,12.43,3.24
1984-05-21,27.07,9.21,5.97
1984-05-22,29.59,13.75,4.02
1984-05-23,26.50,10.68,3.63
1984-05-24,24.28,12.12,4.34
1984-05-25,24.63,9.67,2.18
1984-05-26,25.73,11.85,6.67
1984-05-27,24.38,6.91,6.58
1984-05-28,24.89,10.80,5.10
1984-05-29,27.17,14.05,5.22
1984-05-30,26.70,18.64,7.08
1984-05-31,27.96,15.56,5.53
1984-06-01,27.24,8.21,2.97
1984-06-02,24.55,11.99,2.87
1984-06-03,24.29,10.12,4.60
1984-06-04,25.29,8.37,5.66
1984-06-05,26.99,9.35,6.61
1984-06-06,31.53,13.71,4.76
1984-06-07,24.52,12.66,3.81
1984-06-08,20.74,9.38,2.09
1984-06-09,27.43,13.50,1.52
1984-06-10,28.54,13.82,3.09
1984-06-11,30.47,11.74,2.43
1984-06-12,30.86,11.98,2.64
1984-06-13,30.68,12.91,3.27
1984-06-14,28.55,11.89,3.48
1984-06-15,24.18,10.95,1.62
1984-06-16,29.92,12.86,2.09
1984-06-17,27.80,14.07,2.38
1984-06-18,28.03,10.98,1.15
1984-06-19,28.25,10.33,1.18
1984-06-20,28.35,10.73,1.40
1984-06-21,28.30,11.24,1.71
1984-06-22,30.38,12.50,2.58
1984-06-23,26.72,12.31,1.05
1984-06-24,26.77,8.00,0.58
1984-06-25,19.44,7.87,0.69
1984-06-26,29.29,10.27,0.85
1984-06-27,27.05,11.48,2.05
1984-06-28,28.63,17.56,4.44
1984-06-29,27.73,16.50,5.29
1984-06-30,27.86,11.79,3.58
1984-07-01,27.52,9.01,3.36
1984-07-02,27.39,6.74,1.94
1984-07-03,27.81,8.89,1.27
1984-07-04,24.58,7.75,1.87
1984-07-05,26.71,8.23,0.71
1984-07-06,26.74,9.20,2.88
1984-07-07,27.92,10.67,1.45
1984-07-08,28.14,10.26,2.14
1984-07-09,28.52,9.90,0.92
1984-07-10,27.67,8.13,1.10
1984-07-11,25.96,6.69,1.15
1984-07-12,26.32,10.95,2.06
1984-07-13,28.35,14.48,2.73
1984-07-14,29.29,11.96,4.06
1984-07-15,28.73,10.79,1.44
1984-07-16,25.44,16.20,3.43
1984-07-17,26.99,17.70,3.59
1984-07-18,27.64,17.98,2.04
1984-07-19,29.73,19.67,3.93
1984-07-20,30.45,20.00,5.63
1984-07-21,28.87,19.76,6.34
1984-07-22,28.59,18.59,6.17
1984-07-23,28.64,20.09,2.47
1984-07-24,28.76,19.41,5.03
1984-07-25,30.13,19.98,7.59
1984-07-26,31.05,19.09,2.10
1984-07-27,32.83,20.66,5.31
1984-07-28,32.62,21.49,6.50
1984-07-29,30.93,21.80,9.37
1984-07-30,31.64,13.25,3.08
1984-07-31,30.30,14.28,2.37
1984-08-01,25.57,15.56,4.04
1984-08-02,26.68,17.56,6.88
1984-08-03,25.75,10.85,1.99
1984-08-04,26.37,9.73,0.94
1984-08-05,25.64,8.15,-0.32
1984-08-06,20.67,13.27,0.59
1984-08-07,22.17,14.52,1.84
1984-08-08,27.83,10.64,4.95
1984-08-09,29.40,14.87,5.43
1984-08-10,27.87,8.49,4.06
1984-08-11,30.78,12.74,5.44
1984-08-12,32.12,14.35,7.12
1984-08-13,31.69,16.68,7.43
1984-08-14,31.77,17.36,6.24
1984-08-15,32.84,18.97,7.71
1984-08-16,30.20,16.16,7.00
1984-08-17,28.11,13.03,4.09
1984-08-18,29.84,16.14,5.14
1984-08-19,29.73,10.26,1.79
1984-08-20,27.96,16.85,0.84
1984-08-21,29.52,15.90,0.43
1984-08-22,31.16,12.93,-1.26
1984-08-23,27.85,11.88,0.43
1984-08-24,28.36,13.24,2.17
1984-08-25,30.93,17.77,2.90
1984-08-26,32.41,19.97,7.81
1984-08-27,33.17,21.45,10.24
1984-08-28,32.82,21.00,13.28
1984-08-29,33.81,21.47,7.39
1984-08-30,32.63,18.64,8.60
1984-08-31,31.64,18.73,9.02
1984-09-01,30.36,20.27,11.23
1984-09-02,28.03,21.89,10.82
1984-09-03,27.64,16.51,11.45
1984-09-04,30.01,12.60,11.75
1984-09-05,32.44,17.47,6.59
1984-09-06,31.15,19.45,5.96
1984-09-07,31.53,22.02,9.33
1984-09-08,29.02,20.90,11.42
1984-09-09,29.34,17.27,5.94
1984-09-10,29.50,19.38,8.07
1984-09-11,29.06,21.62,10.62
1984-09-12,28.52,21.04,13.34
1984-09-13,28.58,16.94,7.70
1984-09-14,30.81,14.60,1.97
1984-09-15,32.00,17.66,3.52
1984-09-16,32.80,16.69,8.76
1984-09-17,32.46,17.37,5.07
1984-09-18,31.93,13.50,4.46
1984-09-19,31.57,13.33,4.56
1984-09-20,30.76,12.00,4.05
1984-09-21,31.14,20.21,8.21
1984-09-22,30.40,18.23,6.07
1984-09-23,30.05,10.06,8.22
1984-09-24,28.68,15.02,10.54
1984-09-25,29.94,12.68,10.87
1984-09-26,30.94,18.03,9.01
1984-09-27,31.21,23.41,9.23
1984-09-28,34.55,26.89,12.66
1984-09-29,32.10,23.43,8.75
1984-09-30,30.39,16.73,4.71
1984-10-01,28.98,13.48,7.11
1984-10-02,25.19,13.20,7.44
1984-10-03,28.95,17.85,6.36
1984-10-04,29.06,16.65,5.32
1984-10-05,25.67,16.82,6.07
1984-10-06,29.38,23.37,11.27
1984-10-07,30.31,17.30,17.15
1984-10-08,31.27,19.14,9.08
1984-10-09,31.55,22.54,7.25
1984-10-10,31.57,26.03,7.76
1984-10-11,28.30,24.51,7.22
1984-10-12,30.51,26.11,9.55
1984-10-13,31.26,27.20,13.36
1984-10-14,32.81,25.83,9.47
1984-10-15,30.36,25.53,11.20
1984-10-16,28.87,21.02,5.62
1984-10-17,30.43,26.03,7.02
1984-10-18,31.09,25.81,7.94
1984-10-19,29.58,24.77,7.90
1984-10-20,29.50,22.15,7.95
1984-10-21,31.14,24.59,11.46
1984-10-22,29.90,26.21,9.90
1984-10-23,32.11,26.06,12.10
1984-10-24,31.72,21.99,7.72
1984-10-25,30.11,20.57,6.87
1984-10-26,26.59,23.76,10.15
1984-10-27,27.90,22.00,6.74
1984-10-28,28.91,11.92,3.87
1984-10-29,28.55,16.22,4.76
1984-10-30,28.15,25.64,7.46
1984-10-31,26.19,24.02,5.00
1984-11-01,31.41,20.83,5.89
1984-11-02,30.72,14.27,7.71
1984-11-03,30.51,18.36,12.01
1984-11-04,30.13,17.82,9.00
1984-11-05,31.00,19.53,10.80
1984-11-06,32.82,18.86,15.32
1984-11-07,33.09,13.66,15.02
1984-11-08,32.06,21.62,10.30
1984-11-09,29.14,25.48,9.12
1984-11-10,27.10,16.99,7.38
1984-11-11,26.98,16.26,11.89
1984-11-12,29.49,23.30,14.85
1984-11-13,29.59,24.30,17.75
1984-11-14,28.47,23.31,14.73
1984-11-15,31.67,25.89,13.61
1984-11-16,30.23,27.61,19.42
1984-11-17,31.41,25.27,21.52
1984-11-18,29.03,24.42,18.60
1984-11-19,30.88,28.79,20.70
1984-11-20,31.42,20.46,14.10
1984-11-21,30.41,26.59,12.32
1984-11-22,26.43,22.54,7.72
1984-11-23,27.28,24.09,9.03
1984-11-24,29.59,26.74,11.03
1984-11-25,30.34,29.19,10.53
1984-11-26,31.77,30.25,20.49
1984-11-27,31.73,25.56,20.37
1984-11-28,30.75,28.15,13.71
1984-11-29,29.88,25.14,10.64
1984-11-30,28.60,25.81,7.59
1984-12-01,28.61,26.81,9.97
1984-12-02,31.17,30.25,8.05
1984-12-03,32.16,30.45,12.86
1984-12-04,31.92,27.68,13.77
1984-12-05,31.15,28.18,12.41
1984-12-06,31.14,28.66,16.93
1984-12-07,31.05,27.23,15.53
1984-12-08,30.20,29.01,13.19
1984-12-09,30.06,27.74,13.43
1984-12-10,30.23,29.61,13.73
1984-12-11,30.20,26.97,9.96
1984-12-12,30.35,27.98,10.72
1984-12-13,30.98,27.73,13.77
1984-12-14,32.77,28.18,16.46
1984-12-15,32.53,28.86,14.89
1984-12-16,33.60,29.12,16.61
1984-12-17,31.90,30.38,23.08
1984-12-18,29.76,27.63,22.17
1984-12-19,31.42,25.45,21.11
1984-12-20,29.71,28.76,21.25
1984-12-21,29.45,29.62,22.91
1984-12-22,31.29,23.69,19.51
1984-12-23,31.75,26.12,19.98
1984-12-24,31.41,27.91,19.31
1984-12-25,31.52,26.91,22.27
1984-12-26,31.46,29.90,24.01
1984-12-27,32.97,27.54,25.94
1984-12-28,32.09,26.21,20.69
1984-12-29,32.04,28.78,16.89
1984-12-30,31.68,28.41,12.51
1984-12-31,30.14,29.85,17.80
1985-01-01,30.76,28.25,19.38
1985-01-02,28.80,30.74,19.59
1985-01-03,30.71,27.70,11.60
1985-01-04,30.88,25.77,12.99
1985-01-05,30.11,29.81,19.11
1985-01-06,26.54,32.68,23.24
1985-01-07,28.07,28.72,22.63
1985-01-08,30.20,29.11,19.62
1985-01-09,30.81,29.17,18.37
1985-01-10,31.27,30.76,19.15
1985-01-11,31.36,30.47,22.05
1985-01-12,30.37,28.16,24.95
1985-01-13,29.05,23.89,20.14
1985-01-14,29.85,26.43,12.88
1985-01-15,29.29,30.33,14.98
1985-01-16,27.89,28.14,18.87
1985-01-17,29.05,28.14,21.48
1985-01-18,29.01,28.00,15.94
1985-01-19,30.37,25.19,12.46
1985-01-20,30.39,24.73,13.58
1985-01-21,30.13,27.97,16.66
1985-01-22,30.63,27.59,17.66
1985-01-23,30.44,27.64,19.89
1985-01-24,30.43,25.58,11.39
1985-01-25,29.57,28.36,18.41
1985-01-26,28.90,30.25,19.86
1985-01-27,29.58,27.77,20.79
1985-01-28,30.02,28.77,19.89
1985-01-29,30.27,27.53,16.84
1985-01-30,30.00,28.10,19.72
1985-01-31,29.41,27.03,20.87
1985-02-01,29.25,27.53,20.34
1985-02-02,30.01,26.00,18.41
1985-02-03,29.79,28.92,17.84
1985-02-04,29.94,30.50,26.52
1985-02-05,28.50,26.58,25.56
1985-02-06,30.66,26.10,18.49
1985-02-07,29.38,29.11,14.56
1985-02-08,29.05,29.95,12.84
1985-02-09,30.11,30.44,15.00
1985-02-10,29.91,31.87,24.20
1985-02-11,29.80,32.05,24.03
1985-02-12,29.12,31.24,22.48
1985-02-13,31.07,30.37,21.21
1985-02-14,29.61,28.39,11.12
1985-02-15,28.95,28.80,11.72
1985-02-16,29.45,30.51,15.04
1985-02-17,30.20,29.85,21.60
1985-02-18,31.22,29.68,20.11
1985-02-19,30.61,30.20,17.11
1985-02-20,30.23,31.12,18.94
1985-02-21,30.27,31.11,19.73
1985-02-22,29.23,29.68,13.55
1985-02-23,29.33,27.05,13.85
1985-02-24,28.02,27.73,13.55
1985-02-25,28.82,27.95,12.83
1985-02-26,28.73,30.72,17.17
1985-02-27,30.16,28.91,21.30
1985-02-28,31.06,28.89,19.99
1985-03-01,30.62,28.75,19.56
1985-03-02,30.27,30.44,24.30
1985-03-03,29.56,29.66,26.51
1985-03-04,30.57,27.49,24.02
1985-03-05,31.27,25.22,16.95
1985-03-06,28.42,25.25,16.65
1985-03-07,30.16,27.90,23.15
1985-03-08,31.32,26.54,22.34
1985-03-09,32.30,29.32,20.04
1985-03-10,32.70,28.39,16.53
1985-03-11,31.19,26.80,13.57
1985-03-12,30.92,25.84,12.73
1985-03-13,29.86,27.38,13.46
1985-03-14,29.65,26.61,13.37
1985-03-15,28.66,21.25,11.62
1985-03-16,29.70,27.92,11.26
1985-03-17,30.67,26.92,12.62
1985-03-18,30.59,27.69,15.28
1985-03-19,29.52,23.98,10.65
1985-03-20,27.46,25.36,9.05
1985-03-21,28.15,20.60,10.33
1985-03-22,29.52,22.66,8.41
1985-03-23,31.05,19.55,8.62
1985-03-24,32.05,24.79,12.50
1985-03-25,32.07,23.55,15.32
1985-03-26,31.25,24.30,12.37
1985-03-27,28.60,24.95,11.92
1985-03-28,27.29,22.59,9.16
1985-03-29,29.35,29.38,10.88
1985-03-30,29.67,28.43,16.49
1985-03-31,32.63,24.08,17.90
1985-04-01,28.94,15.32,11.41
1985-04-02,27.75,18.04,7.72
1985-04-03,27.28,20.87,7.63
1985-04-04,26.92,24.70,11.48
1985-04-05,30.40,16.12,6.71
1985-04-06,31.09,21.00,9.01
1985-04-07,30.39,24.95,12.36
1985-04-08,29.82,21.59,8.32
1985-04-09,29.77,20.72,8.50
1985-04-10,30.97,22.96,9.23
1985-04-11,31.65,23.66,9.08
1985-04-12,30.34,24.72,11.01
1985-04-13,28.29,20.02,10.66
1985-04-14,27.44,23.02,6.56
1985-04-15,30.26,24.33,6.78
1985-04-16,29.18,20.01,7.63
1985-04-17,28.57,23.19,6.96
1985-04-18,28.83,26.75,16.48
1985-04-19,29.76,22.25,9.94
1985-04-20,29.59,24.96,13.30
1985-04-21,28.88,24.07,13.19
1985-04-22,29.00,24.95,16.18
1985-04-23,27.67,27.28,19.34
1985-04-24,29.09,24.97,18.96
1985-04-25,30.00,21.38,12.51
1985-04-26,28.98,19.65,7.79
1985-04-27,27.81,14.72,4.55
1985-04-28,25.28,16.08,3.33
1985-04-29,24.93,17.31,3.78
1985-04-30,25.39,20.34,8.51
1985-05-01,26.40,20.98,7.82
1985-05-02,28.54,22.47,11.40
1985-05-03,28.39,22.35,9.53
1985-05-04,26.85,24.20,11.13
1985-05-05,22.84,22.02,7.02
1985-05-06,29.46,18.23,8.49
1985-05-07,27.25,20.69,10.57
1985-05-08,28.93,18.38,7.66
1985-05-09,29.40,23.07,10.62
1985-05-10,28.36,22.20,11.58
1985-05-11,26.29,19.13,9.38
1985-05-12,27.33,18.97,7.58
1985-05-13,28.73,22.45,9.12
1985-05-14,27.76,22.99,11.15
1985-05-15,28.69,24.03,9.04
1985-05-16,29.21,20.52,7.90
1985-05-17,29.75,14.12,5.03
1985-05-18,29.32,14.88,4.34
1985-05-19,30.49,17.64,4.56
1985-05-20,28.39,9.70,5.09
1985-05-21,29.58,17.55,6.33
1985-05-22,27.31,13.91,6.20
1985-05-23,30.34,18.41,7.29
1985-05-24,28.28,16.64,6.90
1985-05-25,27.82,12.92,4.97
1985-05-26,29.22,15.52,4.29
1985-05-27,27.63,19.73,6.39
1985-05-28,28.93,20.93,7.33
1985-05-29,30.17,22.00,8.70
1985-05-30,30.11,18.58,5.85
1985-05-31,29.71,13.19,4.09
1985-06-01,30.38,16.02,2.50
1985-06-02,31.02,20.42,4.89
1985-06-03,29.10,21.30,7.78
1985-06-04,27.36,22.38,9.67
1985-06-05,28.00,20.72,12.14
1985-06-06,27.83,20.49,9.26
1985-06-07,29.43,19.88,9.01
1985-06-08,30.12,19.71,11.05
1985-06-09,31.30,20.89,11.79
1985-06-10,31.19,17.76,9.41
1985-06-11,31.46,15.09,8.64
1985-06-12,32.48,15.18,8.65
1985-06-13,32.98,9.69,6.11
1985-06-14,29.29,11.12,7.32
1985-06-15,29.77,13.72,7.93
1985-06-16,31.83,13.48,6.11
1985-06-17,31.39,17.68,5.38
1985-06-18,30.50,16.02,6.69
1985-06-19,28.23,13.23,5.72
1985-06-20,30.25,18.90,6.09
1985-06-21,33.07,21.58,7.11
1985-06-22,30.11,20.88,7.60
1985-06-23,29.86,19.60,9.16
1985-06-24,31.34,19.88,10.60
1985-06-25,28.95,20.26,11.07
1985-06-26,27.27,20.02,10.58
1985-06-27,27.39,16.27,10.62
1985-06-28,29.71,11.29,6.53
1985-06-29,25.23,10.60,6.28
1985-06-30,26.67,12.73,8.51
1985-07-01,28.63,12.57,4.84
1985-07-02,28.30,16.33,6.69
1985-07-03,25.38,11.00,4.22
1985-07-04,25.51,8.57,1.79
1985-07-05,28.50,12.20,2.84
1985-07-06,26.81,17.68,3.21
1985-07-07,27.77,14.26,2.83
1985-07-08,29.85,9.18,1.76
1985-07-09,29.36,11.79,0.80
1985-07-10,26.64,18.23,2.32
1985-07-11,29.44,18.77,6.92
1985-07-12,27.88,18.15,7.55
1985-07-13,29.52,17.67,4.54
1985-07-14,28.77,18.82,7.17
1985-07-15,29.12,18.64,3.89
1985-07-16,25.95,13.39,4.47
1985-07-17,25.57,11.82,4.84
1985-07-18,28.97,13.34,5.13
1985-07-19,29.70,16.69,9.08
1985-07-20,32.36,18.86,11.79
1985-07-21,28.98,14.55,9.57
1985-07-22,27.26,9.61,6.27
1985-07-23,24.41,12.88,4.37
1985-07-24,20.73,13.13,6.87
1985-07-25,22.32,9.30,7.60
1985-07-26,25.03,12.18,5.19
1985-07-27,28.54,14.59,6.63
1985-07-28,29.11,12.49,7.13
1985-07-29,24.52,7.21,6.48
1985-07-30,24.82,11.60,7.00
1985-07-31,23.67,13.13,5.67
1985-08-01,23.79,16.18,6.06
1985-08-02,28.31,18.05,10.04
1985-08-03,28.69,18.36,6.37
1985-08-04,29.68,15.90,4.78
1985-08-05,26.31,11.76,4.76
1985-08-06,23.68,10.67,2.31
1985-08-07,20.39,12.42,7.49
1985-08-08,23.31,12.46,8.77
1985-08-09,25.14,14.02,8.30
1985-08-10,27.89,16.94,8.30
1985-08-11,28.31,19.41,7.93
1985-08-12,27.21,21.12,9.24
1985-08-13,28.16,14.39,5.37
1985-08-14,27.52,13.00,2.71
1985-08-15,26.92,15.49,1.30
1985-08-16,27.18,18.44,5.24
1985-08-17,27.89,20.68,7.99
1985-08-18,28.73,19.17,9.28
1985-08-19,30.40,19.10,5.11
1985-08-20,29.66,22.22,11.55
1985-08-21,30.89,18.04,11.03
1985-08-22,31.59,20.28,9.84
1985-08-23,31.93,16.98,11.44
1985-08-24,31.01,16.14,6.00
1985-08-25,26.19,16.11,6.01
1985-08-26,24.38,13.81,3.91
1985-08-27,29.31,17.48,1.96
1985-08-28,27.27,17.96,6.75
1985-08-29,30.04,16.66,3.28
1985-08-30,29.18,18.54,5.86
1985-08-31,26.54,17.39,11.05
1985-09-01,27.26,21.10,15.47
1985-09-02,29.97,16.20,11.53
1985-09-03,31.18,19.49,6.16
1985-09-04,32.19,20.96,8.18
1985-09-05,35.14,22.35,6.11
1985-09-06,27.44,15.82,8.06
1985-09-07,28.71,20.84,8.12
1985-09-08,25.49,11.81,4.76
1985-09-09,27.89,14.41,1.86
1985-09-10,26.80,18.90,0.99
1985-09-11,28.11,16.02,2.19
1985-09-12,30.76,10.34,3.33
1985-09-13,29.86,13.53,5.37
1985-09-14,30.90,13.79,6.45
1985-09-15,29.78,15.19,8.20
1985-09-16,31.18,18.72,8.40
1985-09-17,31.07,17.20,9.85
1985-09-18,28.52,17.31,6.62
1985-09-19,34.02,21.03,6.11
1985-09-20,30.88,21.23,6.83
1985-09-21,31.15,23.39,10.98
1985-09-22,31.70,21.96,13.20
1985-09-23,32.04,24.51,13.04
1985-09-24,30.55,23.01,12.69
1985-09-25,29.12,14.05,7.97
1985-09-26,30.33,14.70,10.74
1985-09-27,31.43,21.87,15.77
1985-09-28,30.96,25.57,18.75
1985-09-29,31.93,24.61,16.83
1985-09-30,31.00,21.21,8.15
1985-10-01,30.48,18.35,8.18
1985-10-02,32.81,21.73,7.22
1985-10-03,35.02,25.18,12.93
1985-10-04,35.83,19.22,10.50
1985-10-05,32.75,24.41,10.31
1985-10-06,29.37,24.33,12.91
1985-10-07,30.23,23.95,18.09
1985-10-08,27.35,12.51,7.97
1985-10-09,30.89,22.95,6.69
1985-10-10,31.71,27.64,11.49
1985-10-11,32.76,25.42,11.98
1985-10-12,33.05,17.43,9.61
1985-10-13,33.99,12.73,6.95
1985-10-14,31.85,16.52,9.42
1985-10-15,32.23,19.09,10.07
1985-10-16,32.92,20.15,13.35
1985-10-17,32.41,19.03,11.45
1985-10-18,33.13,17.07,9.39
1985-10-19,34.07,24.40,10.12
1985-10-20,32.83,19.11,7.46
1985-10-21,29.45,20.66,10.51
1985-10-22,29.58,23.73,12.63
1985-10-23,29.80,19.33,10.57
1985-10-24,31.77,20.66,10.41
1985-10-25,32.15,18.71,12.16
1985-10-26,32.84,17.66,12.09
1985-10-27,31.52,20.07,9.58
1985-10-28,31.63,20.11,7.21
1985-10-29,31.61,18.71,7.22
1985-10-30,30.98,16.99,6.96
1985-10-31,29.73,21.15,9.79
1985-11-01,27.82,24.00,14.71
1985-11-02,29.02,20.82,13.20
1985-11-03,32.21,21.71,8.43
1985-11-04,31.92,25.38,11.10
1985-11-05,30.70,28.30,13.19
1985-11-06,30.87,30.13,13.03
1985-11-07,31.98,26.94,14.76
1985-11-08,31.52,21.75,9.64
1985-11-09,30.03,19.83,7.14
1985-11-10,28.95,22.09,8.29
1985-11-11,29.23,24.66,10.68
1985-11-12,28.52,21.76,12.03
1985-11-13,29.72,21.95,12.21
1985-11-14,30.49,25.73,13.96
1985-11-15,30.48,25.16,8.05
1985-11-16,28.87,28.70,13.81
1985-11-17,33.37,29.33,23.63
1985-11-18,31.71,26.61,22.30
1985-11-19,31.87,28.84,18.76
1985-11-20,28.32,28.22,19.25
1985-11-21,30.00,26.12,19.18
1985-11-22,29.89,23.69,19.34
1985-11-23,27.82,26.65,21.50
1985-11-24,27.75,24.52,20.91
1985-11-25,28.38,24.96,16.98
1985-11-26,31.49,25.57,19.22
1985-11-27,30.78,26.16,22.28
1985-11-28,30.42,29.24,23.25
1985-11-29,29.49,28.02,26.87
1985-11-30,31.76,24.49,20.89
1985-12-01,32.09,29.31,22.38
1985-12-02,29.10,30.56,20.84
1985-12-03,27.36,28.06,15.26
1985-12-04,29.51,26.98,14.31
1985-12-05,30.11,29.28,12.81
1985-12-06,30.34,28.86,13.64
1985-12-07,30.15,28.45,12.25
1985-12-08,30.09,27.55,9.85
1985-12-09,30.63,30.02,15.45
1985-12-10,30.45,29.59,15.05
1985-12-11,29.53,25.92,13.44
1985-12-12,30.75,28.00,16.12
1985-12-13,30.12,26.23,15.91
1985-12-14,29.27,25.96,16.94
1985-12-15,28.84,27.91,18.84
1985-12-16,29.47,26.04,18.27
1985-12-17,29.25,28.32,12.01
1985-12-18,25.35,33.56,14.44
1985-12-19,28.98,32.00,19.57
1985-12-20,23.81,32.85,17.45
1985-12-21,26.84,30.13,19.83
1985-12-22,27.87,28.65,20.69
1985-12-23,30.02,28.43,18.77
1985-12-24,30.15,31.77,20.23
1985-12-25,28.04,31.78,23.12
1985-12-26,28.33,27.59,20.46
1985-12-27,29.47,26.99,19.11
1985-12-28,31.86,26.30,21.46
1985-12-29,30.80,25.97,13.75
1985-12-30,30.21,28.19,15.47
1985-12-31,29.39,28.89,19.63
1986-01-01,28.40,28.67,24.74
1986-01-02,31.19,27.61,19.21
1986-01-03,31.15,29.89,15.01
1986-01-04,29.99,33.43,20.58
1986-01-05,29.49,31.14,24.27
1986-01-06,28.27,27.12,21.15
1986-01-07,29.65,28.80,19.74
1986-01-08,30.69,31.10,20.39
1986-01-09,31.60,31.83,20.99
1986-01-10,32.20,29.26,17.68
1986-01-11,31.96,26.86,13.07
1986-01-12,31.38,30.45,14.74
1986-01-13,30.82,28.46,18.37
1986-01-14,30.42,27.39,14.45
1986-01-15,29.09,26.87,14.49
1986-01-16,29.53,22.73,15.02
1986-01-17,28.77,26.99,17.32
1986-01-18,27.69,30.76,16.52
1986-01-19,28.51,31.87,20.11
1986-01-20,25.78,29.32,19.77
1986-01-21,29.05,30.78,16.33
1986-01-22,31.19,29.95,20.42
1986-01-23,31.80,27.77,14.04
1986-01-24,31.34,30.95,18.46
1986-01-25,29.28,30.17,12.85
1986-01-26,29.68,29.46,13.13
1986-01-27,28.92,29.17,14.78
1986-01-28,29.65,28.83,17.55
1986-01-29,31.48,28.97,13.21
1986-01-30,32.45,28.50,11.38
1986-01-31,32.34,32.76,18.21
1986-02-01,30.39,31.44,21.84
1986-02-02,26.02,29.08,18.77
1986-02-03,26.17,29.39,19.85
1986-02-04,29.19,29.50,21.09
1986-02-05,30.43,29.25,19.86
1986-02-06,30.25,29.01,17.56
1986-02-07,30.59,28.48,23.20
1986-02-08,31.07,24.42,16.43
1986-02-09,32.52,28.59,16.86
1986-02-10,31.87,28.05,22.05
1986-02-11,32.94,28.14,16.40
1986-02-12,30.51,29.68,11.47
1986-02-13,29.93,28.72,18.61
1986-02-14,30.54,23.62,13.49
1986-02-15,29.95,23.17,15.63
1986-02-16,30.23,26.52,16.67
1986-02-17,30.53,28.39,12.88
1986-02-18,30.64,30.86,16.25
1986-02-19,30.80,27.88,16.19
1986-02-20,30.43,28.75,20.14
1986-02-21,30.30,30.10,23.46
1986-02-22,30.23,28.79,23.95
1986-02-23,31.20,24.78,20.01
1986-02-24,30.17,27.08,14.20
1986-02-25,30.25,25.68,9.86
1986-02-26,29.96,26.19,11.28
1986-02-27,30.02,28.12,12.40
1986-02-28,29.44,32.46,19.35
1986-03-01,25.91,27.09,17.24
1986-03-02,28.29,27.53,14.23
1986-03-03,29.60,26.53,17.49
1986-03-04,30.33,28.05,14.95
1986-03-05,31.04,30.91,19.28
1986-03-06,29.55,27.22,17.25
1986-03-07,29.58,28.41,11.84
1986-03-08,29.68,26.20,12.25
1986-03-09,30.23,25.42,9.06
1986-03-10,30.34,19.29,10.65
1986-03-11,29.75,24.35,10.82
1986-03-12,26.92,28.07,12.75
1986-03-13,30.24,23.16,11.27
1986-03-14,29.30,28.32,11.86
1986-03-15,28.60,27.02,10.44
1986-03-16,29.68,26.31,11.99
1986-03-17,28.75,23.81,10.52
1986-03-18,30.53,30.04,19.11
1986-03-19,29.16,27.00,17.61
1986-03-20,32.23,26.98,14.38
1986-03-21,30.48,28.59,17.75
1986-03-22,29.35,28.73,19.96
1986-03-23,28.95,28.24,16.22
1986-03-24,29.47,29.60,21.52
1986-03-25,30.29,28.76,22.11
1986-03-26,30.01,26.89,22.98
1986-03-27,30.13,26.06,20.18
1986-03-28,31.11,24.31,12.79
1986-03-29,31.24,24.37,13.25
1986-03-30,30.61,24.28,12.12
1986-03-31,30.06,23.42,14.38
1986-04-01,28.31,22.98,8.26
1986-04-02,27.66,21.84,7.75
1986-04-03,28.20,21.14,9.44
1986-04-04,28.59,21.06,8.20
1986-04-05,28.85,24.34,8.33
1986-04-06,29.52,25.47,9.88
1986-04-07,29.64,24.72,10.10
1986-04-08,28.61,27.64,13.77
1986-04-09,28.36,22.10,8.93
1986-04-10,28.36,24.42,8.98
1986-04-11,28.24,24.33,9.28
1986-04-12,29.16,20.58,9.81
1986-04-13,29.72,22.25,9.89
1986-04-14,28.77,24.26,12.39
1986-04-15,27.41,29.49,18.08
1986-04-16,29.15,22.19,10.73
1986-04-17,27.85,19.99,7.91
1986-04-18,28.09,20.35,7.84
1986-04-19,28.72,17.14,6.69
1986-04-20,30.89,17.12,10.14
1986-04-21,29.78,15.96,9.41
1986-04-22,29.92,19.83,11.13
1986-04-23,28.94,16.88,10.85
1986-04-24,28.71,17.75,10.16
1986-04-25,28.59,21.67,7.79
1986-04-26,28.63,24.78,14.01
1986-04-27,28.54,24.27,15.24
1986-04-28,31.31,20.98,14.28
1986-04-29,30.18,24.52,11.79
1986-04-30,28.11,25.49,12.57
1986-05-01,27.14,25.16,12.36
1986-05-02,28.83,25.98,11.62
1986-05-03,28.59,26.20,11.44
1986-05-04,30.07,25.21,9.24
1986-05-05,32.11,24.41,7.61
1986-05-06,31.81,23.24,8.45
1986-05-07,32.15,22.57,7.09
1986-05-08,33.05,19.67,9.22
1986-05-09,32.36,18.34,5.71
1986-05-10,29.96,19.78,5.81
1986-05-11,32.15,19.86,6.13
1986-05-12,32.74,13.92,4.05
1986-05-13,30.32,19.10,10.03
1986-05-14,29.41,17.85,7.19
1986-05-15,29.03,13.46,7.19
1986-05-16,30.12,16.04,9.82
1986-05-17,31.99,17.11,9.60
1986-05-18,28.44,10.12,8.48
1986-05-19,26.34,17.08,5.36
1986-05-20,28.81,19.19,7.01
1986-05-21,25.95,18.77,7.20
1986-05-22,25.58,16.68,6.12
1986-05-23,25.70,13.29,6.08
1986-05-24,26.44,15.72,5.98
1986-05-25,27.89,21.63,9.98
1986-05-26,26.99,14.72,5.90
1986-05-27,27.36,10.04,5.42
1986-05-28,25.38,9.72,4.41
1986-05-29,25.19,14.58,4.56
1986-05-30,25.39,17.29,4.67
1986-05-31,24.80,19.06,7.00
1986-06-01,28.16,18.22,10.14
1986-06-02,29.55,16.76,8.17
1986-06-03,29.82,13.02,4.27
1986-06-04,23.94,8.74,5.21
1986-06-05,26.30,11.73,2.81
1986-06-06,25.18,13.90,2.83
1986-06-07,26.41,12.42,2.87
1986-06-08,28.54,11.28,2.78
1986-06-09,27.17,9.57,3.89
1986-06-10,26.69,12.84,2.33
1986-06-11,30.27,17.86,0.94
1986-06-12,26.43,13.22,2.69
1986-06-13,25.75,9.36,3.97
1986-06-14,28.92,14.90,3.29
1986-06-15,25.82,10.55,3.09
1986-06-16,28.42,12.48,4.13
1986-06-17,28.52,12.99,4.95
1986-06-18,28.32,15.36,4.53
1986-06-19,29.04,17.12,4.13
1986-06-20,27.87,16.44,4.95
1986-06-21,27.83,11.74,3.02
1986-06-22,23.92,11.74,3.51
1986-06-23,24.93,13.25,2.77
1986-06-24,24.46,16.93,4.94
1986-06-25,29.09,17.83,5.20
1986-06-26,31.26,17.10,7.47
1986-06-27,30.86,15.49,6.12
1986-06-28,23.96,17.13,4.62
1986-06-29,18.93,13.29,3.33
1986-06-30,25.60,15.40,3.22
1986-07-01,26.95,19.93,5.23
1986-07-02,27.38,19.86,5.59
1986-07-03,28.69,19.31,6.65
1986-07-04,27.84,18.81,9.30
1986-07-05,28.33,18.48,4.99
1986-07-06,29.64,18.80,8.45
1986-07-07,29.54,19.28,6.05
1986-07-08,27.92,14.03,5.28
1986-07-09,28.42,19.08,7.84
1986-07-10,29.26,18.50,3.99
1986-07-11,28.60,15.24,1.89
1986-07-12,25.98,16.08,0.94
1986-07-13,28.20,18.97,1.30
1986-07-14,28.33,13.39,0.96
1986-07-15,30.46,15.22,2.56
1986-07-16,31.91,17.65,2.35
1986-07-17,28.71,15.08,3.22
1986-07-18,25.66,16.91,5.41
1986-07-19,22.70,13.39,5.30
1986-07-20,25.52,16.09,6.69
1986-07-21,29.96,19.97,7.07
1986-07-22,31.12,21.02,6.27
1986-07-23,30.42,22.00,4.51
1986-07-24,32.08,21.53,6.99
1986-07-25,31.19,21.50,7.70
1986-07-26,31.66,22.85,9.86
1986-07-27,32.63,22.45,11.34
1986-07-28,28.82,16.42,4.79
1986-07-29,31.05,12.84,4.60
1986-07-30,31.16,17.99,2.84
1986-07-31,32.34,20.02,5.12
1986-08-01,29.33,19.46,7.02
1986-08-02,29.76,14.85,2.71
1986-08-03,29.07,12.91,2.09
1986-08-04,28.43,12.31,3.58
1986-08-05,31.66,16.70,4.62
1986-08-06,33.40,17.36,4.12
1986-08-07,30.67,17.38,3.39
1986-08-08,30.13,16.18,5.72
1986-08-09,29.95,15.30,4.01
1986-08-10,31.63,14.45,2.52
1986-08-11,29.62,17.56,4.66
1986-08-12,29.65,14.53,6.15
1986-08-13,29.43,10.26,4.67
1986-08-14,28.79,12.13,7.94
1986-08-15,28.98,15.49,8.82
1986-08-16,28.61,16.48,9.08
1986-08-17,26.13,12.90,7.20
1986-08-18,25.88,14.73,7.67
1986-08-19,26.11,15.97,7.18
1986-08-20,30.81,9.77,3.01
1986-08-21,31.88,9.13,3.78
1986-08-22,31.02,15.85,3.93
1986-08-23,28.82,12.40,3.70
1986-08-24,28.31,15.22,6.11
1986-08-25,29.91,17.85,5.25
1986-08-26,29.39,21.25,3.54
1986-08-27,29.22,20.45,5.08
1986-08-28,31.61,23.19,10.57
1986-08-29,32.55,22.55,10.80
1986-08-30,32.38,14.36,9.59
1986-08-31,30.66,18.16,5.56
1986-09-01,28.19,16.38,3.29
1986-09-02,27.41,10.87,2.89
1986-09-03,28.12,17.58,3.60
1986-09-04,29.22,24.46,14.60
1986-09-05,31.55,18.52,6.08
1986-09-06,32.78,19.48,5.58
1986-09-07,32.50,22.43,8.00
1986-09-08,33.34,25.99,8.19
1986-09-09,34.29,24.70,11.73
1986-09-10,32.36,24.09,13.42
1986-09-11,31.71,19.36,7.00
1986-09-12,31.55,13.94,3.42
1986-09-13,29.61,13.28,3.17
1986-09-14,31.34,11.52,1.84
1986-09-15,28.61,15.67,7.47
1986-09-16,25.76,11.88,4.75
1986-09-17,27.68,18.54,6.07
1986-09-18,33.30,20.32,8.34
1986-09-19,34.79,22.92,11.31
1986-09-20,31.08,15.98,6.92
1986-09-21,31.66,18.59,6.06
1986-09-22,30.13,19.44,5.42
1986-09-23,29.11,14.33,10.16
1986-09-24,30.03,16.14,12.16
1986-09-25,31.47,15.67,13.91
1986-09-26,30.36,18.40,15.52
1986-09-27,32.17,13.61,15.24
1986-09-28,33.75,17.32,7.98
1986-09-29,32.84,19.95,10.28
1986-09-30,32.99,16.70,6.22
1986-10-01,33.09,22.12,10.95
1986-10-02,32.66,20.51,13.47
1986-10-03,30.63,23.68,17.87
1986-10-04,33.56,17.80,10.71
1986-10-05,31.46,18.35,9.05
1986-10-06,31.48,17.39,9.84
1986-10-07,31.28,21.91,9.97
1986-10-08,31.86,20.39,12.32
1986-10-09,33.29,22.25,9.93
1986-10-10,29.29,21.43,12.52
1986-10-11,29.99,27.48,17.82
1986-10-12,32.50,26.05,16.52
1986-10-13,34.07,23.79,11.01
1986-10-14,34.11,22.93,9.23
1986-10-15,33.46,16.28,7.11
1986-10-16,31.41,21.18,6.37
1986-10-17,27.19,26.30,17.91
1986-10-18,30.48,19.08,19.98
1986-10-19,31.59,20.71,14.83
1986-10-20,32.80,23.06,11.02
1986-10-21,33.08,25.07,12.64
1986-10-22,34.83,28.66,17.61
1986-10-23,34.47,29.82,22.68
1986-10-24,35.87,27.12,17.83
1986-10-25,33.67,26.94,20.60
1986-10-26,32.01,23.93,13.53
1986-10-27,31.90,22.29,11.29
1986-10-28,31.62,24.27,12.04
1986-10-29,33.51,19.50,10.72
1986-10-30,31.89,15.84,5.25
1986-10-31,33.70,17.13,8.34
1986-11-01,32.60,18.41,9.70
1986-11-02,31.05,17.48,16.15
1986-11-03,29.43,20.12,12.80
1986-11-04,30.12,21.14,9.77
1986-11-05,29.19,25.99,9.52
1986-11-06,30.74,27.15,14.07
1986-11-07,28.44,19.66,10.88
1986-11-08,28.87,19.71,7.46
1986-11-09,31.59,25.18,8.32
1986-11-10,35.04,31.43,19.21
1986-11-11,31.18,30.85,20.82
1986-11-12,30.98,28.64,15.42
1986-11-13,31.82,26.16,11.24
1986-11-14,31.68,22.46,7.40
1986-11-15,32.72,25.11,10.53
1986-11-16,32.73,24.80,13.10
1986-11-17,33.33,19.66,12.26
1986-11-18,32.51,20.41,9.47
1986-11-19,35.67,27.57,9.40
1986-11-20,33.21,23.13,10.89
1986-11-21,30.62,25.86,9.93
1986-11-22,32.29,28.49,15.30
1986-11-23,32.54,27.07,19.54
1986-11-24,32.95,19.08,10.38
1986-11-25,32.49,24.29,6.32
1986-11-26,30.60,16.92,7.20
1986-11-27,31.21,15.89,7.52
1986-11-28,33.47,25.25,7.78
1986-11-29,32.41,26.06,11.51
1986-11-30,31.08,23.34,13.27
1986-12-01,30.17,22.13,10.21
1986-12-02,31.89,28.76,13.90
1986-12-03,30.84,28.60,12.15
1986-12-04,32.55,27.72,12.45
1986-12-05,32.13,29.56,13.86
1986-12-06,33.97,31.73,15.38
1986-12-07,33.64,32.22,18.04
1986-12-08,30.89,29.20,21.52
1986-12-09,31.89,29.80,17.62
1986-12-10,31.98,31.71,16.89
1986-12-11,32.04,31.84,20.75
1986-12-12,32.54,29.46,16.27
1986-12-13,32.31,28.18,13.58
1986-12-14,33.67,27.94,8.29
1986-12-15,33.82,27.31,10.87
1986-12-16,30.99,29.16,11.14
1986-12-17,30.36,30.86,21.73
1986-12-18,32.19,28.13,20.89
1986-12-19,34.44,26.27,15.25
1986-12-20,33.22,31.18,19.96
1986-12-21,33.18,35.05,21.50
1986-12-22,31.75,30.47,20.63
1986-12-23,33.66,24.11,21.28
1986-12-24,31.35,28.98,17.23
1986-12-25,27.36,29.23,22.40
1986-12-26,27.52,28.20,21.43
1986-12-27,28.75,29.28,22.14
1986-12-28,29.67,31.47,20.24
1986-12-29,31.64,30.02,13.40
1986-12-30,32.27,31.39,14.45
1986-12-31,32.77,29.88,19.24
1987-01-01,31.50,31.11,20.65
1987-01-02,32.08,30.20,18.02
1987-01-03,32.19,30.00,16.64
1987-01-04,28.79,28.32,12.74
1987-01-05,30.71,31.19,16.77
1987-01-06,30.52,27.50,20.47
1987-01-07,31.09,29.80,18.08
1987-01-08,28.30,28.38,15.49
1987-01-09,30.61,27.96,22.93
1987-01-10,30.88,29.27,19.09
1987-01-11,32.34,28.88,16.26
1987-01-12,33.28,30.32,15.70
1987-01-13,32.80,29.67,17.66
1987-01-14,33.33,33.02,23.51
1987-01-15,32.73,32.55,26.59
1987-01-16,30.20,30.43,25.63
1987-01-17,32.47,30.48,24.69
1987-01-18,32.71,30.04,29.34
1987-01-19,30.88,28.57,24.55
1987-01-20,31.09,31.50,24.13
1987-01-21,30.24,29.32,22.75
1987-01-22,32.39,28.68,21.22
1987-01-23,30.59,29.39,19.40
1987-01-24,30.43,30.21,19.09
1987-01-25,31.84,30.46,20.42
1987-01-26,32.50,31.30,17.59
1987-01-27,30.44,28.76,22.96
1987-01-28,31.72,29.18,19.19
1987-01-29,31.30,30.37,17.41
1987-01-30,32.29,29.67,16.39
1987-01-31,32.22,31.17,16.21
1987-02-01,31.69,32.25,19.51
1987-02-02,31.95,30.96,16.92
1987-02-03,34.74,30.99,16.89
1987-02-04,34.61,30.65,15.01
1987-02-05,33.08,28.41,12.27
1987-02-06,32.65,26.87,9.62
1987-02-07,32.81,26.50,15.32
1987-02-08,32.68,32.48,22.57
1987-02-09,33.43,33.95,26.97
1987-02-10,32.66,29.68,24.40
1987-02-11,32.42,30.26,21.51
1987-02-12,31.19,30.71,20.99
1987-02-13,30.33,30.26,26.01
1987-02-14,32.12,30.07,26.35
1987-02-15,31.93,30.16,24.28
1987-02-16,31.98,30.44,26.75
1987-02-17,33.30,30.68,26.66
1987-02-18,32.70,28.83,24.31
1987-02-19,33.75,28.51,22.01
1987-02-20,34.03,29.46,18.41
1987-02-21,33.16,29.04,17.30
1987-02-22,33.89,27.57,18.48
1987-02-23,34.03,24.75,21.55
1987-02-24,34.87,25.93,18.71
1987-02-25,35.23,28.29,16.30
1987-02-26,33.82,29.51,21.86
1987-02-27,34.24,30.49,20.32
1987-02-28,33.01,30.90,21.30
1987-03-01,33.00,29.84,19.47
1987-03-02,32.09,29.69,22.35
1987-03-03,34.26,27.02,21.52
1987-03-04,34.18,28.67,16.52
1987-03-05,32.16,30.68,21.25
1987-03-06,31.53,29.52,20.26
1987-03-07,31.21,30.01,17.13
1987-03-08,30.96,29.62,16.38
1987-03-09,32.45,28.14,22.80
1987-03-10,33.42,29.93,25.81
1987-03-11,33.17,28.87,24.48
1987-03-12,32.23,26.86,18.48
1987-03-13,32.48,27.99,16.02
1987-03-14,33.00,29.86,20.20
1987-03-15,33.60,30.08,23.87
1987-03-16,33.60,29.74,26.48
1987-03-17,34.02,28.27,21.28
1987-03-18,35.07,29.86,16.53
1987-03-19,35.55,30.14,20.19
1987-03-20,34.80,31.17,22.03
1987-03-21,32.85,25.82,21.29
1987-03-22,33.14,20.03,16.18
1987-03-23,32.22,21.02,18.74
1987-03-24,30.75,19.75,14.76
1987-03-25,33.16,24.46,13.66
1987-03-26,34.15,27.31,12.21
1987-03-27,31.02,24.14,12.37
1987-03-28,30.62,24.36,13.69
1987-03-29,32.12,22.74,15.84
1987-03-30,29.31,23.96,14.53
1987-03-31,29.60,22.85,12.96
1987-04-01,29.47,25.55,13.20
1987-04-02,30.40,29.13,17.46
1987-04-03,29.79,26.88,19.51
1987-04-04,31.08,26.90,20.17
1987-04-05,30.98,22.66,18.44
1987-04-06,30.53,25.11,15.18
1987-04-07,30.75,22.85,10.55
1987-04-08,31.25,24.93,9.72
1987-04-09,29.72,28.10,13.32
1987-04-10,29.27,20.18,8.92
1987-04-11,29.31,23.33,7.50
1987-04-12,29.50,21.74,10.39
1987-04-13,31.10,24.93,10.72
1987-04-14,29.91,20.97,8.20
1987-04-15,29.96,16.81,9.00
1987-04-16,30.38,18.07,9.74
1987-04-17,31.39,23.20,13.46
1987-04-18,34.91,27.43,14.73
1987-04-19,33.90,22.55,9.99
1987-04-20,35.77,23.98,15.01
1987-04-21,32.36,20.21,10.70
1987-04-22,33.59,23.05,10.72
1987-04-23,32.88,27.07,14.57
1987-04-24,34.40,24.19,11.43
1987-04-25,32.71,21.90,14.39
1987-04-26,30.96,25.33,18.38
1987-04-27,30.26,24.41,19.01
1987-04-28,30.25,21.85,14.58
1987-04-29,30.74,19.69,10.57
1987-04-30,29.64,16.38,12.50
1987-05-01,28.40,17.46,9.08
1987-05-02,26.82,17.86,12.62
1987-05-03,25.95,18.54,10.66
1987-05-04,26.20,17.54,10.09
1987-05-05,25.99,11.61,7.71
1987-05-06,28.29,10.43,5.65
1987-05-07,27.77,12.16,3.88
1987-05-08,31.55,18.04,5.75
1987-05-09,31.30,20.77,9.73
1987-05-10,32.07,20.90,10.04
1987-05-11,30.19,17.76,6.78
1987-05-12,31.62,14.90,4.99
1987-05-13,28.23,14.62,4.81
1987-05-14,28.53,16.05,7.20
1987-05-15,29.42,17.62,7.29
1987-05-16,26.57,13.05,6.52
1987-05-17,26.57,12.92,7.60
1987-05-18,27.82,11.87,10.32
1987-05-19,28.43,12.97,11.19
1987-05-20,27.85,15.45,7.35
1987-05-21,29.73,17.43,10.35
1987-05-22,28.23,16.82,7.97
1987-05-23,27.80,16.99,6.50
1987-05-24,30.50,15.41,7.53
1987-05-25,30.89,14.90,8.59
1987-05-26,31.23,14.35,10.06
1987-05-27,31.59,13.64,8.03
1987-05-28,32.80,16.24,6.70
1987-05-29,27.10,11.58,8.55
1987-05-30,30.52,14.55,7.03
1987-05-31,26.00,20.12,8.88
1987-06-01,29.57,19.25,7.88
1987-06-02,30.87,14.02,7.23
1987-06-03,30.10,14.18,7.01
1987-06-04,26.15,16.68,5.17
1987-06-05,25.91,17.18,7.08
1987-06-06,26.21,14.11,6.35
1987-06-07,28.63,18.96,7.95
1987-06-08,29.51,21.59,10.23
1987-06-09,28.63,20.71,7.95
1987-06-10,30.40,19.62,3.52
1987-06-11,29.14,11.41,1.10
1987-06-12,27.43,8.75,2.48
1987-06-13,24.77,10.87,-1.23
1987-06-14,24.69,10.98,-0.52
1987-06-15,26.69,13.43,1.16
1987-06-16,30.21,16.65,3.72
1987-06-17,29.62,20.10,5.06
1987-06-18,29.89,21.20,6.86
1987-06-19,29.87,20.73,4.83
1987-06-20,26.06,21.44,5.04
1987-06-21,29.78,19.71,4.65
1987-06-22,31.63,19.04,3.75
1987-06-23,31.34,20.54,6.32
1987-06-24,31.35,22.50,9.55
1987-06-25,30.48,23.86,12.23
1987-06-26,30.92,21.59,14.34
1987-06-27,31.04,15.73,8.96
1987-06-28,31.18,14.48,6.04
1987-06-29,29.97,16.99,6.09
1987-06-30,27.36,14.56,9.11
1987-07-01,29.64,14.50,8.42
1987-07-02,28.09,11.89,6.22
1987-07-03,30.33,16.31,4.48
1987-07-04,32.37,20.90,6.42
1987-07-05,34.16,22.04,5.91
1987-07-06,33.78,18.96,4.72
1987-07-07,32.34,16.10,6.08
1987-07-08,33.58,16.03,5.18
1987-07-09,30.85,12.95,6.17
1987-07-10,31.53,12.58,5.90
1987-07-11,33.26,11.11,5.47
1987-07-12,32.77,11.54,6.13
1987-07-13,27.59,14.31,6.63
1987-07-14,29.08,12.00,4.58
1987-07-15,29.78,9.44,2.81
1987-07-16,29.30,9.86,1.09
1987-07-17,28.72,9.40,-1.57
1987-07-18,26.84,11.96,0.78
1987-07-19,25.38,12.66,2.37
1987-07-20,25.79,17.53,5.88
1987-07-21,22.12,18.66,8.61
1987-07-22,26.18,10.70,2.73
1987-07-23,29.65,9.93,3.55
1987-07-24,25.33,7.58,5.29
1987-07-25,27.50,10.35,5.09
1987-07-26,28.01,11.62,2.81
1987-07-27,24.93,14.44,3.82
1987-07-28,20.57,16.19,6.80
1987-07-29,28.32,16.82,4.70
1987-07-30,31.14,18.45,8.17
1987-07-31,30.68,16.03,4.33
1987-08-01,28.58,13.11,1.91
1987-08-02,29.41,15.95,4.15
1987-08-03,30.54,11.81,4.69
1987-08-04,29.66,11.37,7.72
1987-08-05,30.50,14.28,8.04
1987-08-06,31.49,18.17,8.13
1987-08-07,30.90,14.46,8.41
1987-08-08,30.07,9.44,3.94
1987-08-09,28.20,8.36,4.64
1987-08-10,27.76,10.61,3.88
1987-08-11,27.27,9.15,4.86
1987-08-12,27.82,10.12,3.75
1987-08-13,30.62,11.34,3.52
1987-08-14,33.59,9.15,0.19
1987-08-15,31.90,10.65,0.98
1987-08-16,29.46,13.79,3.73
1987-08-17,28.06,15.29,1.72
1987-08-18,31.04,16.20,3.23
1987-08-19,32.30,18.49,4.24
1987-08-20,30.80,21.31,9.42
1987-08-21,32.09,21.65,5.89
1987-08-22,33.31,21.52,10.04
1987-08-23,32.06,17.61,11.72
1987-08-24,34.29,17.29,6.68
1987-08-25,34.24,20.24,7.88
1987-08-26,30.87,19.72,7.59
1987-08-27,30.07,13.33,4.19
1987-08-28,28.49,12.91,5.34
1987-08-29,28.67,15.14,8.00
1987-08-30,31.15,18.68,6.85
1987-08-31,28.87,12.88,4.77
1987-09-01,30.20,8.77,5.66
1987-09-02,30.08,14.15,2.35
1987-09-03,27.77,20.60,7.20
1987-09-04,28.64,17.06,10.03
1987-09-05,32.02,13.91,5.74
1987-09-06,32.88,15.00,4.62
1987-09-07,32.19,11.75,4.08
1987-09-08,30.64,10.22,3.30
1987-09-09,27.53,9.48,3.86
1987-09-10,28.34,14.67,4.07
1987-09-11,29.63,18.83,5.18
1987-09-12,32.38,21.90,6.83
1987-09-13,31.59,17.20,7.12
1987-09-14,24.83,12.55,6.88
1987-09-15,30.42,17.96,6.71
1987-09-16,30.68,21.32,10.10
1987-09-17,31.86,20.34,4.94
1987-09-18,30.09,20.80,8.35
1987-09-19,30.95,23.34,8.16
1987-09-20,32.69,15.85,6.54
1987-09-21,34.03,18.71,6.66
1987-09-22,33.52,20.32,7.39
1987-09-23,31.63,24.73,14.60
1987-09-24,29.91,23.21,15.24
1987-09-25,30.57,17.80,9.06
1987-09-26,32.46,17.01,9.70
1987-09-27,31.95,21.90,13.97
1987-09-28,32.01,18.07,9.57
1987-09-29,31.14,14.37,6.60
1987-09-30,31.53,16.08,7.89
1987-10-01,31.64,23.06,13.33
1987-10-02,32.70,21.90,12.54
1987-10-03,31.53,19.57,10.23
1987-10-04,32.84,22.55,11.90
1987-10-05,33.00,23.65,8.71
1987-10-06,30.19,21.19,10.59
1987-10-07,31.69,21.42,12.69
1987-10-08,34.08,25.73,15.15
1987-10-09,29.79,15.76,12.21
1987-10-10,32.28,13.39,6.78
1987-10-11,33.67,15.39,7.79
1987-10-12,31.97,19.06,11.27
1987-10-13,29.90,20.84,17.18
1987-10-14,29.07,16.29,15.35
1987-10-15,31.81,18.97,11.19
1987-10-16,32.56,21.90,10.38
1987-10-17,29.24,22.50,10.94
1987-10-18,27.70,21.52,11.06
1987-10-19,29.75,24.84,8.19
1987-10-20,31.27,21.61,9.18
1987-10-21,33.84,24.84,9.23
1987-10-22,33.02,25.02,12.45
1987-10-23,33.81,20.58,9.60
1987-10-24,33.48,18.87,8.10
1987-10-25,31.18,18.74,12.34
1987-10-26,31.22,24.77,17.95
1987-10-27,32.77,27.23,18.64
1987-10-28,33.99,27.66,16.39
1987-10-29,31.45,22.22,16.54
1987-10-30,31.30,20.71,8.74
1987-10-31,32.37,19.33,11.36
1987-11-01,32.34,24.58,8.34
1987-11-02,27.79,25.73,14.60
1987-11-03,26.66,18.38,16.63
1987-11-04,30.69,18.04,15.60
1987-11-05,33.03,20.05,11.64
1987-11-06,31.32,22.86,8.31
1987-11-07,30.00,21.71,7.20
1987-11-08,33.60,25.61,7.23
1987-11-09,33.20,30.09,15.24
1987-11-10,32.49,25.68,15.76
1987-11-11,31.55,27.59,15.91
1987-11-12,31.99,28.07,15.93
1987-11-13,31.45,25.59,14.06
1987-11-14,31.82,28.23,14.52
1987-11-15,33.92,32.07,21.02
1987-11-16,32.97,29.26,16.21
1987-11-17,31.99,26.65,10.69
1987-11-18,30.69,26.32,10.73
1987-11-19,31.70,29.24,16.23
1987-11-20,30.29,30.30,21.93
1987-11-21,30.59,27.02,19.93
1987-11-22,30.15,23.08,14.38
1987-11-23,31.85,23.04,14.27
1987-11-24,33.16,28.96,15.59
1987-11-25,30.58,30.73,18.03
1987-11-26,28.14,27.32,16.56
1987-11-27,30.64,28.93,13.72
1987-11-28,32.51,31.43,19.57
1987-11-29,33.52,29.10,15.87
1987-11-30,31.57,29.61,11.39
1987-12-01,31.74,28.67,12.84
1987-12-02,31.84,28.20,16.38
1987-12-03,30.96,27.52,15.13
1987-12-04,30.34,29.19,15.46
1987-12-05,29.80,27.04,11.39
1987-12-06,29.79,24.55,16.05
1987-12-07,31.29,25.03,9.87
1987-12-08,33.52,28.88,14.92
1987-12-09,33.53,32.14,12.08
1987-12-10,30.48,24.85,11.97
1987-12-11,31.74,28.35,11.64
1987-12-12,30.49,32.27,15.06
1987-12-13,31.05,26.05,13.65
1987-12-14,31.26,28.39,11.99
1987-12-15,30.57,27.85,9.35
1987-12-16,30.77,24.19,9.22
1987-12-17,30.02,27.61,10.21
1987-12-18,31.86,28.17,11.36
1987-12-19,34.45,29.23,14.62
1987-12-20,34.24,33.49,21.72
1987-12-21,32.24,28.57,24.14
1987-12-22,33.42,29.64,20.39
1987-12-23,33.05,29.53,14.53
1987-12-24,31.42,29.26,15.49
1987-12-25,31.66,27.85,20.97
1987-12-26,32.68,27.20,22.18
1987-12-27,33.34,25.59,22.07
1987-12-28,33.08,26.93,18.56
1987-12-29,35.09,30.98,23.20
1987-12-30,32.08,33.33,22.33
1987-12-31,32.42,30.86,17.28
1988-01-01,33.17,30.21,17.59
1988-01-02,32.39,31.14,19.20
1988-01-03,32.30,29.95,15.57
1988-01-04,30.68,31.01,13.17
1988-01-05,30.63,32.26,18.93
1988-01-06,31.03,31.13,24.38
1988-01-07,30.74,29.62,18.84
1988-01-08,30.40,31.01,23.31
1988-01-09,29.39,27.50,17.26
1988-01-10,30.42,27.55,13.98
1988-01-11,31.11,27.68,14.09
1988-01-12,32.38,25.58,11.16
1988-01-13,30.96,27.41,11.64
1988-01-14,30.70,30.53,13.00
1988-01-15,29.14,29.82,14.13
1988-01-16,28.86,27.85,17.32
1988-01-17,30.12,25.47,9.09
1988-01-18,29.52,27.60,11.77
1988-01-19,30.23,28.75,14.75
1988-01-20,28.38,27.58,11.33
1988-01-21,29.19,31.50,15.14
1988-01-22,30.20,30.04,18.88
1988-01-23,30.80,27.70,24.31
1988-01-24,31.96,28.05,21.55
1988-01-25,31.82,29.20,24.53
1988-01-26,31.10,28.09,22.28
1988-01-27,30.20,27.65,16.84
1988-01-28,29.74,29.34,15.03
1988-01-29,29.49,27.73,20.56
1988-01-30,30.87,29.15,23.38
1988-01-31,33.32,31.52,26.30
1988-02-01,32.97,29.74,19.53
1988-02-02,31.07,29.26,12.92
1988-02-03,31.18,32.44,22.35
1988-02-04,31.47,30.46,28.05
1988-02-05,32.36,28.46,25.15
1988-02-06,33.08,29.43,26.19
1988-02-07,33.20,30.79,24.16
1988-02-08,31.14,31.01,21.70
1988-02-09,31.02,29.02,25.57
1988-02-10,30.18,24.72,22.98
1988-02-11,30.19,26.38,19.20
1988-02-12,30.56,28.54,20.00
1988-02-13,31.49,29.43,20.84
1988-02-14,31.48,31.50,25.72
1988-02-15,32.76,30.15,26.28
1988-02-16,33.95,31.68,22.38
1988-02-17,33.80,31.56,22.95
1988-02-18,32.25,29.22,22.33
1988-02-19,31.40,30.44,22.16
1988-02-20,30.93,29.89,18.30
1988-02-21,33.37,29.56,24.81
1988-02-22,33.00,28.55,19.70
1988-02-23,31.88,28.05,22.48
1988-02-24,31.25,29.36,23.28
1988-02-25,32.17,26.96,21.21
1988-02-26,32.36,28.49,21.45
1988-02-27,31.63,29.62,19.80
1988-02-28,29.82,29.55,21.95
1988-02-29,29.85,29.04,21.64
1988-03-01,30.44,27.84,17.82
1988-03-02,30.73,29.78,16.15
1988-03-03,30.49,28.75,14.65
1988-03-04,30.82,27.78,14.04
1988-03-05,30.46,26.46,15.05
1988-03-06,29.91,25.99,24.26
1988-03-07,28.05,23.60,22.36
1988-03-08,29.57,27.80,18.45
1988-03-09,27.41,25.37,12.13
1988-03-10,29.27,14.53,17.80
1988-03-11,30.43,20.46,16.57
1988-03-12,30.14,27.94,15.71
1988-03-13,28.66,27.93,17.73
1988-03-14,27.41,26.24,19.69
1988-03-15,30.73,26.42,20.04
1988-03-16,32.97,28.60,19.72
1988-03-17,31.86,27.87,20.67
1988-03-18,33.48,27.27,18.82
1988-03-19,30.35,27.77,13.64
1988-03-20,33.83,28.12,15.56
1988-03-21,32.77,27.89,11.30
1988-03-22,32.09,25.20,9.77
1988-03-23,32.03,26.41,13.79
1988-03-24,31.43,26.60,15.54
1988-03-25,31.17,25.76,12.57
1988-03-26,30.91,25.17,11.37
1988-03-27,32.12,26.66,15.91
1988-03-28,29.95,28.42,17.69
1988-03-29,31.12,27.83,14.12
1988-03-30,31.85,26.98,9.02
1988-03-31,31.46,28.43,13.47
1988-04-01,26.87,28.65,16.89
1988-04-02,29.65,26.45,19.73
1988-04-03,29.30,26.49,16.05
1988-04-04,30.23,26.74,20.73
1988-04-05,31.68,24.43,13.06
1988-04-06,30.80,27.67,10.23
1988-04-07,30.05,27.86,14.32
1988-04-08,29.68,29.06,22.04
1988-04-09,26.89,24.06,19.84
1988-04-10,27.07,24.82,16.48
1988-04-11,26.77,19.97,14.25
1988-04-12,26.91,24.77,14.03
1988-04-13,28.93,25.48,12.44
1988-04-14,28.13,16.36,10.86
1988-04-15,29.78,19.45,9.18
1988-04-16,30.11,24.32,9.26
1988-04-17,27.98,22.42,9.71
1988-04-18,27.51,19.34,8.01
1988-04-19,29.22,20.94,8.93
1988-04-20,29.86,19.77,8.13
1988-04-21,30.25,19.50,7.05
1988-04-22,32.10,24.14,10.21
1988-04-23,30.64,23.03,11.55
1988-04-24,28.73,21.29,9.44
1988-04-25,28.37,19.08,7.59
1988-04-26,26.76,22.32,9.17
1988-04-27,22.84,23.68,11.57
1988-04-28,28.29,23.88,12.23
1988-04-29,29.31,22.34,12.94
1988-04-30,30.82,23.30,10.48
1988-05-01,28.75,23.53,6.91
1988-05-02,28.62,18.60,8.72
1988-05-03,30.80,19.29,10.53
1988-05-04,32.37,21.61,8.18
1988-05-05,31.89,17.17,10.75
1988-05-06,29.66,20.52,11.51
1988-05-07,30.57,21.61,12.64
1988-05-08,29.36,21.34,12.49
1988-05-09,30.21,18.43,8.44
1988-05-10,30.95,19.28,6.93
1988-05-11,30.29,14.05,8.54
1988-05-12,31.17,20.23,10.48
1988-05-13,28.35,21.14,9.16
1988-05-14,28.14,18.10,8.44
1988-05-15,27.74,17.21,7.91
1988-05-16,28.92,20.63,9.05
1988-05-17,29.59,22.26,11.66
1988-05-18,28.14,16.46,6.79
1988-05-19,27.96,18.71,5.08
1988-05-20,29.16,17.35,7.58
1988-05-21,26.53,17.54,7.94
1988-05-22,25.55,16.14,6.19
1988-05-23,27.06,17.92,6.34
1988-05-24,29.47,20.61,9.07
1988-05-25,29.75,22.39,12.05
1988-05-26,28.98,19.46,11.10
1988-05-27,26.98,19.29,10.10
1988-05-28,26.95,15.19,6.42
1988-05-29,24.54,15.75,5.67
1988-05-30,27.26,15.89,7.34
1988-05-31,24.63,16.43,6.92
1988-06-01,26.04,15.49,5.20
1988-06-02,28.03,12.81,3.55
1988-06-03,28.28,16.02,6.60
1988-06-04,28.45,20.70,8.77
1988-06-05,30.25,19.75,4.97
1988-06-06,28.43,16.93,5.72
1988-06-07,25.77,14.75,4.58
1988-06-08,26.53,15.68,6.53
1988-06-09,26.90,19.01,6.71
1988-06-10,31.00,20.42,7.72
1988-06-11,28.98,17.32,6.65
1988-06-12,25.49,16.88,6.59
1988-06-13,26.46,18.85,9.00
1988-06-14,27.16,18.11,8.47
1988-06-15,24.66,14.05,3.32
1988-06-16,21.57,10.32,4.33
1988-06-17,21.00,9.66,6.54
1988-06-18,23.37,11.62,5.29
1988-06-19,25.29,10.10,2.65
1988-06-20,28.50,10.07,3.28
1988-06-21,28.60,16.71,3.51
1988-06-22,25.18,13.21,4.65
1988-06-23,26.49,15.99,4.00
1988-06-24,25.83,17.40,3.39
1988-06-25,24.30,19.41,6.24
1988-06-26,23.45,13.40,3.79
1988-06-27,26.30,16.61,4.53
1988-06-28,24.88,12.98,5.28
1988-06-29,27.14,14.78,3.35
1988-06-30,25.14,17.27,2.34
1988-07-01,23.30,9.91,-0.77
1988-07-02,22.41,8.06,0.01
1988-07-03,19.90,7.24,-0.23
1988-07-04,21.23,9.73,-1.67
1988-07-05,23.64,9.26,2.27
1988-07-06,24.56,10.74,0.73
1988-07-07,23.85,14.93,1.53
1988-07-08,26.80,15.48,2.44
1988-07-09,28.23,16.57,0.01
1988-07-10,27.24,19.14,0.90
1988-07-11,27.50,21.14,2.32
1988-07-12,25.80,17.46,5.43
1988-07-13,29.06,15.84,6.46
1988-07-14,25.63,20.17,8.35
1988-07-15,25.16,16.75,8.26
1988-07-16,24.51,13.19,5.45
1988-07-17,24.10,11.68,4.82
1988-07-18,21.38,14.46,4.79
1988-07-19,20.91,17.38,7.91
1988-07-20,22.25,15.24,6.67
1988-07-21,25.40,13.45,6.34
1988-07-22,27.21,16.01,6.08
1988-07-23,29.43,17.64,8.51
1988-07-24,30.52,20.02,9.57
1988-07-25,30.30,19.26,8.45
1988-07-26,27.20,13.67,5.84
1988-07-27,29.43,10.82,3.96
1988-07-28,26.89,14.29,1.81
1988-07-29,25.97,11.41,3.02
1988-07-30,25.96,12.21,0.53
1988-07-31,23.54,11.94,1.00
1988-08-01,25.64,14.63,3.26
1988-08-02,26.81,14.27,3.98
1988-08-03,25.95,16.57,6.17
1988-08-04,25.03,18.58,4.53
1988-08-05,26.90,20.82,5.04
1988-08-06,27.87,18.03,9.16
1988-08-07,26.24,11.69,3.81
1988-08-08,27.68,15.58,5.14
1988-08-09,23.70,21.61,6.97
1988-08-10,29.12,16.47,5.21
1988-08-11,28.80,15.36,2.54
1988-08-12,23.34,13.42,7.54
1988-08-13,26.86,10.30,5.64
1988-08-14,25.77,10.98,5.14
1988-08-15,29.35,14.74,3.82
1988-08-16,26.76,15.47,5.54
1988-08-17,29.82,14.70,3.44
1988-08-18,29.81,11.36,4.23
1988-08-19,29.38,12.95,4.79
1988-08-20,29.59,18.31,3.72
1988-08-21,29.15,23.93,11.14
1988-08-22,27.77,19.56,6.52
1988-08-23,29.70,14.95,2.20
1988-08-24,28.27,12.49,2.26
1988-08-25,24.53,13.05,1.22
1988-08-26,25.54,13.10,2.32
1988-08-27,28.07,15.64,3.07
1988-08-28,29.47,15.23,0.77
1988-08-29,26.75,15.12,0.92
1988-08-30,26.83,16.27,2.17
1988-08-31,27.89,15.99,3.49
1988-09-01,27.79,20.88,6.93
1988-09-02,28.96,22.54,8.93
1988-09-03,29.75,25.26,12.69
1988-09-04,29.69,16.57,9.29
1988-09-05,30.65,17.75,3.40
1988-09-06,32.06,20.39,8.45
1988-09-07,26.51,18.82,4.04
1988-09-08,26.67,12.00,1.84
1988-09-09,27.74,17.24,1.77
1988-09-10,26.33,15.44,3.30
1988-09-11,23.69,15.30,2.11
1988-09-12,23.16,17.04,4.30
1988-09-13,23.58,16.99,4.91
1988-09-14,25.43,19.73,8.53
1988-09-15,26.93,18.94,9.68
1988-09-16,26.93,15.27,12.37
1988-09-17,31.14,16.66,12.96
1988-09-18,29.41,18.07,8.05
1988-09-19,27.70,15.93,7.88
1988-09-20,28.39,13.53,8.02
1988-09-21,24.96,10.47,9.65
1988-09-22,21.69,10.49,11.24
1988-09-23,22.07,16.47,5.88
1988-09-24,25.21,19.58,4.61
1988-09-25,20.22,17.84,1.95
1988-09-26,29.25,16.96,6.57
1988-09-27,29.62,24.34,13.30
1988-09-28,31.54,27.70,14.05
1988-09-29,30.87,23.47,16.34
1988-09-30,28.90,18.06,5.42
1988-10-01,25.30,14.59,9.96
1988-10-02,25.10,19.02,12.63
1988-10-03,28.71,22.31,7.58
1988-10-04,29.54,25.27,10.37
1988-10-05,31.01,27.24,10.53
1988-10-06,29.94,25.46,11.16
1988-10-07,29.30,25.96,14.93
1988-10-08,32.08,25.77,16.71
1988-10-09,32.12,25.21,15.80
1988-10-10,33.12,25.64,11.19
1988-10-11,32.36,28.25,15.10
1988-10-12,30.65,29.20,18.47
1988-10-13,27.30,28.21,12.22
1988-10-14,27.94,22.69,7.70
1988-10-15,29.50,25.43,9.76
1988-10-16,29.10,21.23,12.72
1988-10-17,29.69,22.04,8.93
1988-10-18,27.42,19.36,5.33
1988-10-19,27.84,19.03,6.20
1988-10-20,28.54,23.62,5.79
1988-10-21,28.50,22.15,4.96
1988-10-22,30.03,21.50,5.50
1988-10-23,28.21,23.79,5.30
1988-10-24,28.34,15.53,6.71
1988-10-25,28.60,20.07,6.96
1988-10-26,30.80,25.96,11.23
1988-10-27,30.53,28.13,13.36
1988-10-28,30.66,21.40,6.28
1988-10-29,31.42,19.88,7.36
1988-10-30,29.88,18.39,5.90
1988-10-31,29.58,25.05,8.36
1988-11-01,30.56,28.21,12.77
1988-11-02,30.94,28.68,15.88
1988-11-03,32.59,29.88,20.07
1988-11-04,32.63,28.00,16.96
1988-11-05,32.22,27.83,12.95
1988-11-06,29.84,27.23,9.11
1988-11-07,31.02,26.44,11.95
1988-11-08,31.19,27.43,15.27
1988-11-09,32.01,26.74,17.55
1988-11-10,32.12,24.30,14.63
1988-11-11,31.91,21.94,8.23
1988-11-12,32.39,27.52,8.25
1988-11-13,31.34,31.07,11.34
1988-11-14,31.50,26.59,20.32
1988-11-15,31.43,23.96,12.40
1988-11-16,32.30,24.19,11.84
1988-11-17,31.02,26.27,14.78
1988-11-18,30.47,27.84,14.98
1988-11-19,28.95,18.75,8.54
1988-11-20,29.07,14.14,8.64
1988-11-21,29.83,23.70,9.85
1988-11-22,29.63,29.47,15.31
1988-11-23,30.53,28.73,14.83
1988-11-24,29.91,25.89,12.90
1988-11-25,30.55,24.72,10.05
1988-11-26,29.23,28.58,12.08
1988-11-27,31.00,30.27,17.59
1988-11-28,28.51,25.29,15.92
1988-11-29,26.91,24.66,15.57
1988-11-30,27.68,23.54,18.77
1988-12-01,30.34,27.93,19.71
1988-12-02,32.02,27.12,19.07
1988-12-03,32.81,26.88,19.13
1988-12-04,32.60,25.12,12.60
1988-12-05,30.50,28.20,18.21
1988-12-06,30.99,22.80,13.25
1988-12-07,31.08,27.70,12.22
1988-12-08,31.39,29.13,13.28
1988-12-09,28.66,29.34,13.46
1988-12-10,28.05,27.35,13.14
1988-12-11,29.21,24.98,9.66
1988-12-12,28.55,23.43,10.31
1988-12-13,29.49,29.16,9.67
1988-12-14,28.36,29.38,11.33
1988-12-15,29.47,27.98,17.65
1988-12-16,30.84,26.82,12.63
1988-12-17,29.76,25.62,10.91
1988-12-18,29.06,25.68,6.98
1988-12-19,29.42,28.55,12.08
1988-12-20,29.43,28.22,18.43
1988-12-21,30.14,28.09,16.91
1988-12-22,29.22,30.65,18.95
1988-12-23,27.83,28.80,16.81
1988-12-24,27.97,28.23,14.79
1988-12-25,29.21,28.98,19.05
1988-12-26,29.60,28.94,16.96
1988-12-27,31.57,28.80,18.41
1988-12-28,33.06,29.62,18.58
1988-12-29,32.98,30.58,23.37
1988-12-30,32.70,29.12,14.71
1988-12-31,30.56,29.59,16.38
1989-01-01,29.44,32.13,15.12
1989-01-02,31.34,32.13,25.61
1989-01-03,31.47,30.27,25.75
1989-01-04,29.54,29.10,26.14
1989-01-05,29.63,26.35,21.28
1989-01-06,29.07,27.86,15.01
1989-01-07,29.08,27.09,16.89
1989-01-08,29.38,29.08,21.75
1989-01-09,29.81,27.77,24.90
1989-01-10,30.18,29.25,22.23
1989-01-11,29.43,31.08,24.27
1989-01-12,29.64,30.96,27.89
1989-01-13,28.38,30.59,25.09
1989-01-14,29.42,29.99,20.47
1989-01-15,29.88,30.77,19.10
1989-01-16,30.56,31.48,16.93
1989-01-17,30.39,30.28,11.53
1989-01-18,30.61,28.37,13.12
1989-01-19,31.04,26.05,12.73
1989-01-20,30.29,28.80,10.93
1989-01-21,30.96,31.73,14.53
1989-01-22,32.02,29.80,21.38
1989-01-23,31.82,29.45,17.23
1989-01-24,31.67,31.23,17.78
1989-01-25,29.77,31.60,21.75
1989-01-26,30.03,31.96,26.46
1989-01-27,30.03,27.97,18.24
1989-01-28,31.44,25.89,12.25
1989-01-29,31.43,30.40,16.00
1989-01-30,30.70,29.24,13.75
1989-01-31,30.08,30.29,22.02
1989-02-01,29.40,30.18,21.14
1989-02-02,28.17,30.43,20.14
1989-02-03,29.30,28.13,26.30
1989-02-04,28.04,28.10,20.66
1989-02-05,28.00,28.66,20.23
1989-02-06,29.70,28.34,15.89
1989-02-07,30.18,31.76,22.31
1989-02-08,31.40,31.30,24.54
1989-02-09,30.67,30.09,22.02
1989-02-10,30.49,29.09,22.58
1989-02-11,29.64,29.90,19.04
1989-02-12,29.69,31.97,19.93
1989-02-13,29.49,30.35,28.36
1989-02-14,30.12,28.44,21.46
1989-02-15,29.17,28.86,15.11
1989-02-16,28.47,29.16,16.14
1989-02-17,28.72,30.39,13.93
1989-02-18,29.45,31.85,19.88
1989-02-19,30.25,31.41,17.44
1989-02-20,30.79,29.93,19.62
1989-02-21,30.72,28.96,19.79
1989-02-22,29.97,28.55,12.89
1989-02-23,30.27,30.42,13.66
1989-02-24,30.77,31.41,24.14
1989-02-25,29.54,29.04,23.41
1989-02-26,31.17,28.62,15.47
1989-02-27,32.26,29.20,19.40
1989-02-28,32.07,29.13,22.59
1989-03-01,31.62,29.50,19.03
1989-03-02,31.54,28.85,21.46
1989-03-03,30.88,23.63,11.59
1989-03-04,30.70,27.20,10.42
1989-03-05,31.70,29.37,13.15
1989-03-06,30.39,28.66,15.96
1989-03-07,30.35,28.55,20.25
1989-03-08,29.57,29.60,24.88
1989-03-09,28.50,24.39,21.77
1989-03-10,29.77,28.00,20.21
1989-03-11,29.71,28.73,22.58
1989-03-12,29.36,28.30,19.27
1989-03-13,28.73,26.77,20.16
1989-03-14,29.23,26.28,13.17
1989-03-15,30.03,23.09,11.81
1989-03-16,29.19,27.62,13.54
1989-03-17,28.89,29.04,19.93
1989-03-18,28.51,28.96,20.38
1989-03-19,28.05,27.91,19.84
1989-03-20,27.95,25.36,19.59
1989-03-21,28.49,24.54,11.23
1989-03-22,28.15,24.70,12.94
1989-03-23,28.87,24.92,13.74
1989-03-24,28.32,25.72,10.10
1989-03-25,28.31,24.94,11.40
1989-03-26,26.77,29.35,16.32
1989-03-27,26.86,25.24,15.79
1989-03-28,28.26,22.01,11.31
1989-03-29,27.79,24.12,10.78
1989-03-30,26.59,24.79,14.36
1989-03-31,28.51,27.74,19.11
1989-04-01,27.91,24.96,12.43
1989-04-02,26.94,21.58,8.13
1989-04-03,27.26,26.42,9.13
1989-04-04,28.20,25.41,9.41
1989-04-05,28.77,28.59,13.17
1989-04-06,27.07,28.37,16.21
1989-04-07,26.30,28.51,15.20
1989-04-08,25.80,25.32,10.22
1989-04-09,26.27,21.26,9.21
1989-04-10,29.81,26.20,11.44
1989-04-11,28.19,25.68,11.24
1989-04-12,28.85,25.91,10.73
1989-04-13,28.98,26.86,12.91
1989-04-14,29.29,26.01,16.67
1989-04-15,27.37,20.36,12.07
1989-04-16,28.93,23.33,14.23
1989-04-17,26.84,27.45,11.58
1989-04-18,27.37,28.19,14.93
1989-04-19,27.39,26.84,19.66
1989-04-20,30.00,23.23,11.91
1989-04-21,28.27,25.83,16.58
1989-04-22,25.82,24.51,15.05
1989-04-23,25.02,23.57,16.49
1989-04-24,25.39,21.21,12.46
1989-04-25,26.00,24.16,14.45
1989-04-26,27.08,26.84,13.52
1989-04-27,26.46,19.34,7.26
1989-04-28,28.19,13.98,6.75
1989-04-29,29.31,11.57,6.00
1989-04-30,31.14,17.75,8.02
1989-05-01,28.36,18.18,5.30
1989-05-02,25.21,17.37,8.34
1989-05-03,26.63,11.65,9.63
1989-05-04,28.54,13.04,8.62
1989-05-05,28.49,18.48,11.56
1989-05-06,29.31,23.41,14.18
1989-05-07,27.17,24.41,15.03
1989-05-08,27.00,20.35,9.59
1989-05-09,25.77,21.56,10.69
1989-05-10,27.73,21.38,11.94
1989-05-11,28.12,17.32,11.66
1989-05-12,28.36,17.23,7.47
1989-05-13,25.85,16.36,7.86
1989-05-14,28.50,10.35,6.95
1989-05-15,27.73,18.50,7.90
1989-05-16,25.80,23.38,12.20
1989-05-17,29.29,21.11,8.58
1989-05-18,28.20,23.82,11.65
1989-05-19,27.35,23.94,13.35
1989-05-20,25.07,21.49,10.61
1989-05-21,27.28,19.27,11.29
1989-05-22,29.68,19.03,8.96
1989-05-23,30.47,22.04,9.27
1989-05-24,28.84,23.18,11.76
1989-05-25,29.68,21.77,13.30
1989-05-26,30.13,19.02,11.62
1989-05-27,28.41,18.31,6.14
1989-05-28,24.27,13.94,6.35
1989-05-29,26.12,17.74,4.90
1989-05-30,28.81,16.39,7.33
1989-05-31,27.33,16.38,8.61
1989-06-01,29.62,15.67,6.92
1989-06-02,30.62,17.29,6.18
1989-06-03,30.12,20.19,7.84
1989-06-04,29.95,21.33,8.67
1989-06-05,27.82,19.41,6.69
1989-06-06,27.65,17.18,6.46
1989-06-07,27.76,14.45,6.29
1989-06-08,26.36,17.41,6.87
1989-06-09,27.94,19.82,8.04
1989-06-10,31.34,18.85,9.49
1989-06-11,28.26,20.85,13.25
1989-06-12,26.45,16.98,12.20
1989-06-13,25.23,15.30,12.21
1989-06-14,25.89,16.54,8.41
1989-06-15,26.13,16.46,6.55
1989-06-16,28.15,18.54,6.81
1989-06-17,29.81,20.87,7.42
1989-06-18,29.21,19.02,5.45
1989-06-19,25.36,20.11,6.73
1989-06-20,26.88,13.76,6.59
1989-06-21,30.98,15.15,4.99
1989-06-22,31.68,18.96,9.56
1989-06-23,28.39,18.38,10.46
1989-06-24,30.58,17.50,9.77
1989-06-25,28.72,13.96,6.73
1989-06-26,26.47,9.54,5.18
1989-06-27,27.71,13.13,4.67
1989-06-28,27.42,16.79,5.53
1989-06-29,25.38,13.20,1.34
1989-06-30,25.98,10.31,0.99
1989-07-01,25.74,12.08,0.91
1989-07-02,24.25,16.42,3.15
1989-07-03,20.08,16.38,2.33
1989-07-04,25.17,15.29,4.54
1989-07-05,28.83,17.95,4.07
1989-07-06,29.46,16.11,5.86
1989-07-07,28.78,17.00,7.46
1989-07-08,24.39,17.56,8.15
1989-07-09,23.22,13.17,7.76
1989-07-10,26.82,14.16,6.04
1989-07-11,30.32,17.57,6.79
1989-07-12,29.26,21.14,5.44
1989-07-13,28.53,19.31,4.75
1989-07-14,29.28,23.45,7.48
1989-07-15,30.00,19.36,7.59
1989-07-16,31.54,20.68,8.33
1989-07-17,31.68,14.05,7.55
1989-07-18,35.28,19.65,7.71
1989-07-19,26.74,11.74,4.78
1989-07-20,30.66,15.95,6.32
1989-07-21,27.55,18.06,6.67
1989-07-22,27.99,15.09,5.92
1989-07-23,24.41,7.94,3.24
1989-07-24,26.96,12.88,6.92
1989-07-25,27.61,9.84,3.85
1989-07-26,27.19,7.25,1.80
1989-07-27,27.18,11.27,2.52
1989-07-28,26.02,11.59,1.37
1989-07-29,24.98,10.32,2.40
1989-07-30,27.66,13.24,1.44
1989-07-31,27.02,17.81,1.62
1989-08-01,31.77,14.27,3.03
1989-08-02,28.28,14.29,5.96
1989-08-03,26.09,10.50,3.24
1989-08-04,30.34,16.60,3.34
1989-08-05,27.86,18.78,6.25
1989-08-06,26.55,18.38,4.79
1989-08-07,26.48,11.56,4.80
1989-08-08,29.94,14.91,7.92
1989-08-09,29.07,18.95,8.76
1989-08-10,29.63,21.46,10.53
1989-08-11,29.60,20.11,6.44
1989-08-12,29.45,16.44,5.64
1989-08-13,29.19,18.05,5.95
1989-08-14,27.33,20.24,8.00
1989-08-15,29.09,18.04,4.52
1989-08-16,30.27,14.22,1.06
1989-08-17,30.96,14.87,2.77
1989-08-18,30.53,13.34,1.93
1989-08-19,31.30,10.00,2.63
1989-08-20,28.43,8.71,1.81
1989-08-21,28.00,9.42,5.25
1989-08-22,30.94,9.53,0.47
1989-08-23,31.21,10.88,2.65
1989-08-24,31.87,15.91,5.07
1989-08-25,28.85,17.87,1.01
1989-08-26,29.08,16.54,2.76
1989-08-27,29.29,20.56,5.79
1989-08-28,28.93,21.82,5.07
1989-08-29,29.02,14.05,4.45
1989-08-30,27.99,11.22,5.55
1989-08-31,30.43,18.18,5.53
1989-09-01,31.20,21.61,7.80
1989-09-02,31.02,21.87,4.66
1989-09-03,30.38,15.58,2.56
1989-09-04,30.75,11.11,1.47
1989-09-05,26.30,13.15,0.98
1989-09-06,26.65,16.36,2.71
1989-09-07,29.00,16.16,2.90
1989-09-08,29.74,14.33,3.00
1989-09-09,30.39,13.10,2.42
1989-09-10,25.39,9.43,4.53
1989-09-11,25.72,13.79,7.72
1989-09-12,23.57,15.61,10.51
1989-09-13,22.37,18.12,11.10
1989-09-14,28.35,19.71,13.25
1989-09-15,31.39,24.32,15.82
1989-09-16,32.28,23.88,17.45
1989-09-17,32.55,21.43,13.00
1989-09-18,32.74,21.43,10.09
1989-09-19,32.24,21.30,12.77
1989-09-20,29.08,15.82,10.58
1989-09-21,29.89,12.86,7.07
1989-09-22,27.66,16.32,7.85
1989-09-23,25.02,15.87,9.96
1989-09-24,31.98,19.58,12.12
1989-09-25,31.09,23.23,13.97
1989-09-26,31.25,22.84,14.68
1989-09-27,29.85,16.99,14.51
1989-09-28,31.02,21.03,9.90
1989-09-29,32.63,25.49,13.61
1989-09-30,34.12,24.10,12.26
1989-10-01,32.02,17.65,6.82
1989-10-02,30.88,21.12,6.35
1989-10-03,29.22,24.67,9.03
1989-10-04,29.50,21.22,7.82
1989-10-05,30.25,23.41,14.26
1989-10-06,31.32,19.46,7.57
1989-10-07,31.89,23.84,16.23
1989-10-08,31.76,20.72,16.94
1989-10-09,30.34,19.68,15.60
1989-10-10,29.17,20.72,11.53
1989-10-11,32.78,25.65,13.69
1989-10-12,33.94,26.42,17.39
1989-10-13,32.09,23.11,14.56
1989-10-14,30.60,21.31,7.79
1989-10-15,31.67,24.56,12.03
1989-10-16,32.75,28.49,17.68
1989-10-17,32.27,29.03,20.23
1989-10-18,31.59,28.34,21.29
1989-10-19,30.92,20.92,16.01
1989-10-20,32.31,26.30,14.63
1989-10-21,32.96,27.69,18.34
1989-10-22,32.28,23.92,14.50
1989-10-23,28.55,16.83,8.63
1989-10-24,32.02,20.05,2.96
1989-10-25,32.68,13.77,4.03
1989-10-26,29.43,21.98,6.14
1989-10-27,29.94,28.86,8.23
1989-10-28,31.21,21.37,8.04
1989-10-29,32.61,20.72,14.42
1989-10-30,30.23,21.85,16.29
1989-10-31,31.22,20.20,17.79
1989-11-01,31.53,17.51,13.95
1989-11-02,33.19,20.92,9.07
1989-11-03,33.28,27.20,7.83
1989-11-04,31.07,31.05,13.94
1989-11-05,30.22,23.75,15.21
1989-11-06,29.83,23.45,15.38
1989-11-07,30.50,18.58,8.32
1989-11-08,29.98,24.12,9.49
1989-11-09,30.03,26.70,14.53
1989-11-10,31.29,17.91,7.92
1989-11-11,33.05,23.99,13.53
1989-11-12,32.78,28.42,18.14
1989-11-13,32.12,30.44,14.74
1989-11-14,29.32,26.84,8.97
1989-11-15,28.84,28.10,11.06
1989-11-16,32.00,29.28,15.40
1989-11-17,33.03,27.76,19.05
1989-11-18,34.02,28.27,11.94
1989-11-19,35.55,30.01,15.95
1989-11-20,35.64,29.79,17.84
1989-11-21,32.13,27.75,16.03
1989-11-22,31.83,25.59,11.53
1989-11-23,33.29,28.18,11.79
1989-11-24,33.25,31.50,17.80
1989-11-25,33.07,28.49,13.85
1989-11-26,32.80,27.89,18.53
1989-11-27,34.42,27.51,17.93
1989-11-28,33.58,29.28,17.67
1989-11-29,33.98,27.04,17.86
1989-11-30,32.70,24.81,14.45
1989-12-01,34.06,27.15,11.87
1989-12-02,33.14,24.40,7.25
1989-12-03,31.77,27.84,7.55
1989-12-04,31.60,22.49,7.73
1989-12-05,31.32,25.43,8.23
1989-12-06,32.03,25.60,11.86
1989-12-07,32.59,28.57,12.42
1989-12-08,33.00,29.12,12.47
1989-12-09,30.47,29.22,10.69
1989-12-10,30.27,27.13,9.44
1989-12-11,31.98,28.01,8.36
1989-12-12,32.09,29.97,11.73
1989-12-13,31.22,31.00,20.78
1989-12-14,31.49,28.65,20.07
1989-12-15,30.29,26.42,11.71
1989-12-16,29.50,21.86,12.22
1989-12-17,29.96,28.84,11.04
1989-12-18,30.66,31.43,14.80
1989-12-19,31.21,32.03,23.09
1989-12-20,33.08,27.92,20.61
1989-12-21,33.04,27.42,15.50
1989-12-22,33.61,29.45,13.82
1989-12-23,33.29,29.86,17.09
1989-12-24,32.77,32.01,18.59
1989-12-25,31.81,29.54,15.22
1989-12-26,32.22,29.36,17.34
1989-12-27,32.01,29.84,16.46
1989-12-28,32.13,29.67,21.00
1989-12-29,31.35,29.86,18.58
1989-12-30,32.00,30.73,16.46
1989-12-31,31.88,30.24,18.43
1990-01-01,29.60,31.07,20.12
1990-01-02,30.42,30.80,17.21
1990-01-03,30.11,31.91,13.99
1990-01-04,30.85,32.58,19.23
1990-01-05,29.57,32.36,20.22
1990-01-06,29.54,32.09,20.04
1990-01-07,29.30,32.23,24.62
1990-01-08,29.45,31.55,24.77
1990-01-09,29.65,31.81,23.91
1990-01-10,30.32,31.54,18.77
1990-01-11,31.36,31.10,16.74
1990-01-12,30.95,28.48,14.95
1990-01-13,30.61,31.32,15.47
1990-01-14,31.16,32.27,18.03
1990-01-15,30.61,30.76,15.37
1990-01-16,29.96,24.52,10.95
1990-01-17,30.94,27.36,10.62
1990-01-18,29.84,31.20,16.17
1990-01-19,30.77,30.64,15.72
1990-01-20,30.72,31.75,18.46
1990-01-21,32.91,30.39,17.80
1990-01-22,31.76,31.23,21.97
1990-01-23,32.62,29.87,15.41
1990-01-24,33.68,31.63,15.10
1990-01-25,34.23,33.91,16.83
1990-01-26,32.80,28.95,15.73
1990-01-27,32.80,30.15,13.04
1990-01-28,31.95,30.74,14.78
1990-01-29,31.20,29.05,13.19
1990-01-30,29.98,30.75,17.21
1990-01-31,32.98,31.38,19.40
1990-02-01,32.83,30.49,16.02
1990-02-02,34.34,30.26,18.41
1990-02-03,33.98,32.35,22.78
1990-02-04,32.99,32.38,20.45
1990-02-05,32.96,31.88,22.38
1990-02-06,29.13,30.62,30.31
1990-02-07,31.21,28.31,22.55
1990-02-08,32.60,28.59,22.83
1990-02-09,33.45,28.50,17.04
1990-02-10,31.90,29.41,19.83
1990-02-11,34.65,30.88,23.86
1990-02-12,32.58,30.22,25.00
1990-02-13,31.64,28.28,24.02
1990-02-14,30.88,27.39,21.43
1990-02-15,29.66,30.91,20.35
1990-02-16,30.16,27.87,22.23
1990-02-17,29.64,27.25,21.39
1990-02-18,29.86,25.08,23.93
1990-02-19,31.33,26.49,15.43
1990-02-20,32.59,28.80,12.82
1990-02-21,32.89,29.75,14.51
1990-02-22,31.99,29.27,14.30
1990-02-23,30.64,29.08,16.38
1990-02-24,30.72,29.51,17.80
1990-02-25,29.35,30.63,19.68
1990-02-26,29.86,28.36,24.02
1990-02-27,30.22,24.99,16.70
1990-02-28,30.57,24.73,11.40
1990-03-01,29.76,29.85,12.59
1990-03-02,30.05,28.75,19.40
1990-03-03,30.03,29.25,15.97
1990-03-04,30.23,26.78,14.74
1990-03-05,30.68,27.39,17.91
1990-03-06,30.42,28.64,17.14
1990-03-07,30.38,28.27,18.04
1990-03-08,31.34,26.55,18.75
1990-03-09,33.10,30.24,20.46
1990-03-10,33.95,31.18,24.25
1990-03-11,32.39,30.28,18.72
1990-03-12,33.76,29.95,17.02
1990-03-13,34.76,30.05,14.87
1990-03-14,35.39,29.91,15.11
1990-03-15,33.75,29.29,20.11
1990-03-16,30.54,28.59,20.34
1990-03-17,29.46,28.14,20.35
1990-03-18,31.49,27.62,16.84
1990-03-19,32.09,29.21,17.69
1990-03-20,32.07,29.06,18.86
1990-03-21,32.43,27.45,24.82
1990-03-22,31.52,21.16,18.78
1990-03-23,31.50,27.91,14.78
1990-03-24,28.88,27.10,13.86
1990-03-25,31.17,25.87,10.18
1990-03-26,30.75,25.87,10.18
1990-03-27,29.62,26.52,8.65
1990-03-28,29.46,18.68,9.77
1990-03-29,31.81,14.88,9.15
1990-03-30,32.87,22.84,8.96
1990-03-31,31.44,29.05,14.97
1990-04-01,31.68,27.88,14.34
1990-04-02,30.12,26.80,15.60
1990-04-03,30.84,22.38,9.24
1990-04-04,31.00,22.41,8.23
1990-04-05,29.16,20.69,9.40
1990-04-06,29.44,24.16,11.08
1990-04-07,31.81,24.47,9.98
1990-04-08,30.55,26.97,11.34
1990-04-09,30.43,27.53,10.30
1990-04-10,29.21,29.36,13.02
1990-04-11,29.77,28.65,15.26
1990-04-12,31.93,23.13,14.15
1990-04-13,31.21,26.82,10.52
1990-04-14,30.17,25.61,12.31
1990-04-15,30.88,21.78,9.88
1990-04-16,31.22,14.92,6.97
1990-04-17,29.57,23.22,10.63
1990-04-18,30.91,23.55,11.47
1990-04-19,34.05,20.32,14.19
1990-04-20,32.88,19.25,13.51
1990-04-21,31.49,21.39,10.26
1990-04-22,29.11,20.71,9.51
1990-04-23,28.07,18.69,10.40
1990-04-24,29.66,19.36,11.87
1990-04-25,30.77,14.42,8.48
1990-04-26,28.59,17.31,6.51
1990-04-27,26.49,20.27,7.51
1990-04-28,27.84,18.92,7.05
1990-04-29,28.53,22.66,9.37
1990-04-30,28.00,21.32,10.02
1990-05-01,28.82,20.20,10.34
1990-05-02,29.47,15.62,7.36
1990-05-03,29.86,18.30,7.10
1990-05-04,28.50,17.90,8.41
1990-05-05,30.88,19.59,6.56
1990-05-06,30.36,23.36,9.25
1990-05-07,31.76,23.70,12.60
1990-05-08,31.48,19.43,10.00
1990-05-09,29.31,12.73,7.00
1990-05-10,30.49,19.77,5.76
1990-05-11,29.91,20.01,9.96
1990-05-12,28.71,19.22,12.20
1990-05-13,29.05,17.40,7.35
1990-05-14,27.87,17.42,6.46
1990-05-15,28.32,18.90,6.74
1990-05-16,31.78,17.50,6.88
1990-05-17,34.15,19.00,8.95
1990-05-18,32.20,22.95,12.99
1990-05-19,30.00,19.99,6.98
1990-05-20,29.80,19.25,6.79
1990-05-21,32.10,25.23,14.06
1990-05-22,32.69,25.85,13.99
1990-05-23,30.96,23.13,6.93
1990-05-24,30.86,20.99,8.31
1990-05-25,27.01,19.98,6.93
1990-05-26,27.30,13.17,4.50
1990-05-27,31.12,17.61,5.26
1990-05-28,28.42,14.78,4.12
1990-05-29,28.17,8.27,6.68
1990-05-30,26.89,12.43,4.78
1990-05-31,27.16,17.00,3.85
1990-06-01,28.39,17.48,5.30
1990-06-02,29.74,13.98,2.85
1990-06-03,30.05,10.45,3.21
1990-06-04,24.73,13.87,2.54
1990-06-05,25.30,15.26,5.36
1990-06-06,28.12,18.12,4.21
1990-06-07,29.43,18.79,7.02
1990-06-08,28.99,20.03,5.73
1990-06-09,28.41,21.23,6.36
1990-06-10,30.61,21.43,9.80
1990-06-11,29.30,20.25,10.65
1990-06-12,30.56,19.71,7.87
1990-06-13,30.96,19.59,6.56
1990-06-14,30.03,19.89,7.68
1990-06-15,29.28,22.66,13.25
1990-06-16,31.63,20.70,14.01
1990-06-17,31.27,18.34,6.86
1990-06-18,32.37,15.16,4.69
1990-06-19,31.42,18.74,4.99
1990-06-20,32.49,22.51,5.18
1990-06-21,30.04,19.71,4.10
1990-06-22,30.55,13.46,5.27
1990-06-23,28.28,14.09,3.52
1990-06-24,27.38,15.28,2.59
1990-06-25,30.96,19.03,5.94
1990-06-26,30.74,19.86,3.91
1990-06-27,32.46,19.23,3.31
1990-06-28,35.11,21.69,6.92
1990-06-29,35.43,23.44,6.98
1990-06-30,32.62,16.81,10.44
1990-07-01,33.46,14.70,6.40
1990-07-02,30.39,19.20,6.04
1990-07-03,29.96,22.43,11.38
1990-07-04,31.27,21.03,10.27
1990-07-05,30.61,18.73,6.28
1990-07-06,30.81,15.72,4.05
1990-07-07,26.05,9.77,6.28
1990-07-08,24.93,8.80,1.91
1990-07-09,26.25,14.82,3.96
1990-07-10,29.18,18.04,7.85
1990-07-11,31.19,21.97,12.53
1990-07-12,31.27,18.00,9.89
1990-07-13,27.47,14.68,5.27
1990-07-14,28.47,11.10,3.94
1990-07-15,25.42,12.51,2.73
1990-07-16,27.17,9.16,2.60
1990-07-17,24.51,8.62,0.91
1990-07-18,19.74,10.28,0.31
1990-07-19,16.80,11.74,2.73
1990-07-20,26.02,11.97,4.29
1990-07-21,27.62,13.75,5.14
1990-07-22,26.41,10.93,5.16
1990-07-23,29.46,14.83,1.38
1990-07-24,32.01,15.85,3.92
1990-07-25,23.66,12.70,1.14
1990-07-26,27.19,14.19,2.90
1990-07-27,31.48,16.64,4.53
1990-07-28,32.81,19.45,7.19
1990-07-29,31.69,21.55,7.33
1990-07-30,31.28,20.25,9.58
1990-07-31,32.11,19.31,4.41
1990-08-01,30.78,19.23,4.33
1990-08-02,29.96,19.58,4.58
1990-08-03,31.26,21.98,9.33
1990-08-04,32.37,20.25,9.36
1990-08-05,29.46,20.07,6.36
1990-08-06,30.60,15.17,6.14
1990-08-07,33.47,14.97,3.78
1990-08-08,32.50,22.86,10.01
1990-08-09,28.62,22.30,9.92
1990-08-10,29.41,22.92,11.90
1990-08-11,28.52,24.27,12.23
1990-08-12,29.21,20.56,11.57
1990-08-13,28.75,14.27,6.86
1990-08-14,28.76,15.89,5.74
1990-08-15,27.46,16.99,5.45
1990-08-16,26.84,19.58,6.38
1990-08-17,28.69,19.06,4.43
1990-08-18,28.01,14.58,4.60
1990-08-19,30.33,16.64,4.36
1990-08-20,31.53,20.64,6.54
1990-08-21,30.54,22.43,10.08
1990-08-22,32.44,23.35,10.77
1990-08-23,33.42,18.77,13.83
1990-08-24,33.33,19.31,9.22
1990-08-25,30.03,18.69,5.00
1990-08-26,30.02,14.51,5.03
1990-08-27,30.84,18.70,6.89
1990-08-28,30.84,22.95,11.77
1990-08-29,32.18,19.89,4.62
1990-08-30,30.60,14.16,2.74
1990-08-31,29.89,10.37,6.76
1990-09-01,29.96,15.72,8.90
1990-09-02,31.64,14.26,4.42
1990-09-03,32.05,17.67,9.02
1990-09-04,31.39,20.86,10.52
1990-09-05,29.68,12.12,6.75
1990-09-06,30.82,16.25,8.81
1990-09-07,34.13,18.88,4.01
1990-09-08,32.88,19.41,6.69
1990-09-09,31.60,22.94,5.32
1990-09-10,29.59,15.91,2.62
1990-09-11,29.52,10.82,3.10
1990-09-12,30.86,16.17,6.37
1990-09-13,32.12,22.77,11.76
1990-09-14,33.43,24.59,12.67
1990-09-15,32.34,21.33,8.54
1990-09-16,32.79,16.83,5.40
1990-09-17,34.45,13.81,9.30
1990-09-18,33.12,13.27,5.06
1990-09-19,31.99,9.64,4.48
1990-09-20,33.04,12.51,4.30
1990-09-21,30.71,13.43,3.51
1990-09-22,31.04,16.60,7.49
1990-09-23,31.21,23.66,13.22
1990-09-24,31.39,23.89,15.52
1990-09-25,32.02,22.14,13.52
1990-09-26,32.34,16.40,6.30
1990-09-27,32.12,17.63,10.20
1990-09-28,32.97,21.29,10.21
1990-09-29,34.42,25.56,9.12
1990-09-30,33.22,26.36,8.48
1990-10-01,32.13,21.99,6.88
1990-10-02,31.89,21.07,7.95
1990-10-03,32.29,19.24,8.10
1990-10-04,31.52,16.36,4.03
1990-10-05,28.87,15.13,10.84
1990-10-06,22.17,15.01,15.72
1990-10-07,27.25,16.48,9.66
1990-10-08,32.52,24.03,6.59
1990-10-09,31.53,23.85,6.43
1990-10-10,31.00,13.57,4.12
1990-10-11,33.61,15.07,4.31
1990-10-12,32.34,23.86,6.77
1990-10-13,27.78,20.36,5.54
1990-10-14,28.38,22.02,6.43
1990-10-15,30.45,22.42,13.28
1990-10-16,29.94,20.50,14.13
1990-10-17,29.10,21.15,15.44
1990-10-18,30.66,24.52,11.79
1990-10-19,31.87,25.45,15.38
1990-10-20,32.92,25.91,21.81
1990-10-21,33.23,23.33,21.28
1990-10-22,32.59,19.41,14.68
1990-10-23,31.53,22.00,21.46
1990-10-24,29.72,23.06,23.05
1990-10-25,30.13,24.11,13.45
1990-10-26,32.13,21.39,10.26
1990-10-27,32.39,25.05,10.82
1990-10-28,30.72,24.86,12.18
1990-10-29,30.93,23.54,12.70
1990-10-30,30.96,18.96,5.11
1990-10-31,30.08,24.01,8.61
1990-11-01,30.25,24.77,8.53
1990-11-02,30.12,20.60,6.91
1990-11-03,29.70,17.14,4.85
1990-11-04,31.62,22.65,6.71
1990-11-05,30.41,25.08,7.47
1990-11-06,29.92,23.39,10.53
1990-11-07,31.72,23.39,15.89
1990-11-08,32.97,27.26,15.69
1990-11-09,32.19,27.37,11.57
1990-11-10,30.79,24.55,7.49
1990-11-11,32.86,24.98,7.70
1990-11-12,31.12,19.86,4.47
1990-11-13,29.95,15.05,6.62
1990-11-14,32.26,23.64,6.40
1990-11-15,33.81,27.86,9.35
1990-11-16,31.43,30.66,21.53
1990-11-17,31.24,26.01,17.52
1990-11-18,31.22,27.44,18.41
1990-11-19,32.44,21.59,13.75
1990-11-20,34.13,28.71,11.52
1990-11-21,32.42,31.24,15.48
1990-11-22,32.08,30.78,18.60
1990-11-23,30.00,28.95,17.32
1990-11-24,30.76,30.00,21.35
1990-11-25,31.61,26.15,15.35
1990-11-26,32.28,30.33,17.59
1990-11-27,30.86,30.31,20.05
1990-11-28,32.52,29.34,16.24
1990-11-29,30.43,24.56,7.58
1990-11-30,30.40,28.74,11.60
1990-12-01,28.44,25.80,7.61
1990-12-02,32.37,27.91,7.88
1990-12-03,31.78,32.70,10.81
1990-12-04,29.51,29.68,9.91
1990-12-05,30.80,22.55,11.83
1990-12-06,31.73,21.61,11.72
1990-12-07,31.12,30.22,16.80
1990-12-08,29.80,27.23,12.69
1990-12-09,28.29,26.06,10.94
1990-12-10,30.16,23.11,10.73
1990-12-11,28.96,22.27,13.34
1990-12-12,27.89,19.71,8.06
1990-12-13,30.62,30.66,14.17
1990-12-14,33.39,30.79,18.82
1990-12-15,32.94,31.36,20.36
1990-12-16,32.70,28.22,19.81
1990-12-17,31.45,30.06,13.55
1990-12-18,31.39,32.13,20.84
1990-12-19,32.83,30.99,17.43
1990-12-20,30.46,30.83,15.81
1990-12-21,31.41,27.00,12.56
1990-12-22,29.92,30.00,15.53
1990-12-23,27.39,31.74,20.55
1990-12-24,29.90,33.00,23.50
1990-12-25,30.07,31.22,19.89
1990-12-26,28.95,29.58,12.10
1990-12-27,30.35,30.01,20.89
1990-12-28,30.91,30.59,28.64
1990-12-29,29.17,30.48,22.14
1990-12-30,29.44,28.14,21.35
1990-12-31,28.89,27.75,16.33
1991-01-01,31.73,28.64,13.54
1991-01-02,31.37,30.69,17.24
1991-01-03,30.14,30.71,19.59
1991-01-04,28.61,29.64,18.63
1991-01-05,31.32,29.12,15.51
1991-01-06,32.36,31.38,19.11
1991-01-07,32.23,30.52,15.11
1991-01-08,32.31,31.60,17.29
1991-01-09,29.84,34.34,22.34
1991-01-10,30.25,31.76,21.37
1991-01-11,30.42,29.94,20.55
1991-01-12,31.09,30.39,18.05
1991-01-13,31.70,30.82,16.61
1991-01-14,31.61,30.60,14.11
1991-01-15,31.06,28.85,17.20
1991-01-16,30.63,32.41,20.89
1991-01-17,29.73,28.63,19.53
1991-01-18,30.84,28.97,17.20
1991-01-19,31.26,29.91,14.88
1991-01-20,31.02,23.48,12.77
1991-01-21,30.07,30.68,12.28
1991-01-22,30.32,31.03,13.26
1991-01-23,31.03,31.09,19.29
1991-01-24,31.25,33.12,23.31
1991-01-25,31.63,31.79,23.71
1991-01-26,32.23,31.04,21.36
1991-01-27,30.98,28.50,14.16
1991-01-28,31.09,24.62,12.06
1991-01-29,31.97,28.12,17.59
1991-01-30,32.15,31.84,22.96
1991-01-31,32.66,30.05,19.14
1991-02-01,30.41,28.71,16.13
1991-02-02,31.95,29.54,16.33
1991-02-03,31.48,29.82,12.14
1991-02-04,31.78,31.19,14.09
1991-02-05,31.36,32.29,24.47
1991-02-06,30.48,31.89,20.89
1991-02-07,30.00,30.26,23.66
1991-02-08,31.47,31.09,22.60
1991-02-09,31.78,30.27,16.62
1991-02-10,32.81,30.70,16.56
1991-02-11,32.17,32.19,20.80
1991-02-12,32.30,31.16,26.00
1991-02-13,32.28,31.28,26.39
1991-02-14,33.41,30.33,29.19
1991-02-15,34.90,28.55,21.00
1991-02-16,33.41,32.22,22.22
1991-02-17,32.70,30.57,19.39
1991-02-18,31.76,29.00,13.47
1991-02-19,31.94,27.91,11.81
1991-02-20,31.06,29.63,16.96
1991-02-21,30.75,30.89,16.37
1991-02-22,32.41,33.46,25.89
1991-02-23,32.85,31.99,27.34
1991-02-24,32.50,31.61,22.85
1991-02-25,32.73,32.51,21.81
1991-02-26,31.12,31.05,17.71
1991-02-27,30.72,30.42,14.77
1991-02-28,31.57,27.59,13.46
1991-03-01,32.71,26.30,8.80
1991-03-02,33.98,29.48,11.40
1991-03-03,32.96,30.94,14.28
1991-03-04,32.42,31.38,23.86
1991-03-05,31.69,28.59,16.67
1991-03-06,31.70,26.68,10.29
1991-03-07,32.05,25.91,11.89
1991-03-08,32.59,27.25,13.82
1991-03-09,32.34,30.98,20.06
1991-03-10,31.92,30.81,22.45
1991-03-11,31.27,30.99,16.41
1991-03-12,29.89,28.70,20.79
1991-03-13,30.16,28.28,21.80
1991-03-14,30.48,28.01,26.74
1991-03-15,30.41,27.48,24.66
1991-03-16,30.62,27.95,19.82
1991-03-17,30.56,28.01,20.01
1991-03-18,28.67,23.87,12.69
1991-03-19,30.62,25.27,10.88
1991-03-20,32.05,28.05,11.40
1991-03-21,31.98,28.40,17.89
1991-03-22,31.77,26.84,9.67
1991-03-23,31.63,27.36,10.45
1991-03-24,31.75,29.91,12.37
1991-03-25,31.90,29.03,21.84
1991-03-26,29.82,26.35,21.12
1991-03-27,29.99,26.17,23.82
1991-03-28,30.84,25.39,20.16
1991-03-29,29.72,25.07,14.07
1991-03-30,30.49,22.18,12.95
1991-03-31,33.07,29.29,15.24
1991-04-01,31.77,25.33,9.83
1991-04-02,30.68,25.63,14.31
1991-04-03,31.53,26.21,16.98
1991-04-04,32.08,28.87,20.74
1991-04-05,31.46,22.08,16.87
1991-04-06,33.80,25.72,10.11
1991-04-07,31.78,28.26,11.01
1991-04-08,29.92,23.19,9.86
1991-04-09,29.24,22.33,11.03
1991-04-10,29.12,22.97,9.34
1991-04-11,31.30,19.52,10.77
1991-04-12,31.09,20.01,12.70
1991-04-13,30.58,18.89,10.85
1991-04-14,29.81,19.93,8.43
1991-04-15,32.27,19.40,7.29
1991-04-16,33.20,17.67,6.58
1991-04-17,31.49,18.27,5.19
1991-04-18,30.44,22.59,5.40
1991-04-19,32.07,27.16,14.46
1991-04-20,31.57,23.77,15.10
1991-04-21,31.64,22.80,11.70
1991-04-22,31.02,22.98,10.98
1991-04-23,28.95,27.68,17.04
1991-04-24,28.07,27.30,14.32
1991-04-25,29.38,24.63,13.53
1991-04-26,30.73,24.82,13.63
1991-04-27,31.11,21.33,14.06
1991-04-28,30.62,22.45,10.52
1991-04-29,29.48,21.08,13.73
1991-04-30,31.92,18.13,9.07
1991-05-01,34.04,22.06,8.91
1991-05-02,30.75,17.72,6.27
1991-05-03,31.14,15.83,5.71
1991-05-04,31.07,20.45,5.76
1991-05-05,30.31,25.00,11.43
1991-05-06,33.01,23.45,13.00
1991-05-07,33.47,25.89,16.03
1991-05-08,33.48,20.69,16.61
1991-05-09,35.19,22.70,17.07
1991-05-10,32.55,23.61,17.82
1991-05-11,30.70,16.52,8.84
1991-05-12,29.96,20.11,14.14
1991-05-13,32.55,23.34,14.41
1991-05-14,33.27,22.72,12.12
1991-05-15,31.35,16.55,8.07
1991-05-16,29.82,19.53,8.81
1991-05-17,25.15,21.63,8.17
1991-05-18,26.41,17.72,6.67
1991-05-19,27.70,11.38,4.68
1991-05-20,28.64,17.03,6.64
1991-05-21,31.08,19.37,8.79
1991-05-22,30.19,17.39,6.10
1991-05-23,28.95,19.01,8.88
1991-05-24,26.96,14.93,7.62
1991-05-25,30.23,16.38,7.80
1991-05-26,29.96,12.88,7.71
1991-05-27,32.24,13.79,6.23
1991-05-28,29.64,15.66,3.71
1991-05-29,26.19,17.00,5.29
1991-05-30,26.32,18.93,5.50
1991-05-31,31.59,21.57,10.28
1991-06-01,29.08,16.15,6.67
1991-06-02,28.67,11.10,4.69
1991-06-03,28.25,10.43,3.60
1991-06-04,27.41,14.12,2.36
1991-06-05,26.63,13.93,1.56
1991-06-06,27.17,14.91,3.31
1991-06-07,28.97,18.36,5.18
1991-06-08,30.95,20.91,7.01
1991-06-09,31.49,20.91,9.47
1991-06-10,34.37,22.03,5.46
1991-06-11,34.75,22.36,7.88
1991-06-12,31.50,23.29,10.08
1991-06-13,30.04,22.32,11.10
1991-06-14,32.27,18.36,10.65
1991-06-15,29.89,16.55,7.33
1991-06-16,28.86,14.97,8.98
1991-06-17,24.45,10.07,5.97
1991-06-18,23.09,9.03,4.47
1991-06-19,26.58,6.18,3.44
1991-06-20,26.78,11.76,3.12
1991-06-21,26.25,10.10,1.80
1991-06-22,27.13,14.05,1.86
1991-06-23,28.47,16.42,5.45
1991-06-24,29.77,16.68,4.62
1991-06-25,27.19,11.63,3.98
1991-06-26,25.35,14.05,4.16
1991-06-27,27.79,15.58,7.28
1991-06-28,29.24,17.32,7.67
1991-06-29,25.70,21.01,10.50
1991-06-30,26.04,19.52,8.25
1991-07-01,24.28,18.92,5.07
1991-07-02,28.21,19.38,7.65
1991-07-03,27.72,18.08,8.00
1991-07-04,26.57,14.03,5.08
1991-07-05,26.62,14.90,5.21
1991-07-06,24.98,14.95,3.58
1991-07-07,25.11,15.87,2.57
1991-07-08,29.36,12.18,2.91
1991-07-09,27.49,13.89,3.91
1991-07-10,27.28,13.75,2.61
1991-07-11,25.85,16.09,2.10
1991-07-12,29.57,15.60,2.80
1991-07-13,28.94,15.15,3.00
1991-07-14,30.55,15.79,6.04
1991-07-15,30.86,17.19,7.62
1991-07-16,28.07,13.30,3.33
1991-07-17,26.00,12.10,5.38
1991-07-18,29.56,11.79,1.65
1991-07-19,28.51,9.52,2.21
1991-07-20,28.02,9.69,2.14
1991-07-21,27.27,11.72,3.84
1991-07-22,27.65,15.87,5.86
1991-07-23,29.40,19.38,3.37
1991-07-24,30.92,16.46,3.08
1991-07-25,29.68,17.08,2.98
1991-07-26,31.04,16.67,3.17
1991-07-27,27.54,13.13,0.61
1991-07-28,29.17,11.70,3.14
1991-07-29,25.93,10.56,1.81
1991-07-30,24.34,8.45,0.50
1991-07-31,24.30,12.25,0.58
1991-08-01,25.20,13.88,2.73
1991-08-02,27.02,16.50,4.56
1991-08-03,30.40,12.75,5.53
1991-08-04,26.38,9.28,0.95
1991-08-05,25.98,9.63,-0.09
1991-08-06,26.53,12.57,-1.69
1991-08-07,27.51,6.90,0.01
1991-08-08,26.07,8.13,1.42
1991-08-09,23.29,10.94,2.83
1991-08-10,23.76,15.23,3.15
1991-08-11,29.52,15.61,4.75
1991-08-12,31.95,11.51,2.01
1991-08-13,28.88,18.46,3.25
1991-08-14,27.43,16.89,2.46
1991-08-15,29.15,18.06,4.20
1991-08-16,26.82,16.52,4.29
1991-08-17,26.09,13.29,3.56
1991-08-18,26.99,18.08,2.51
1991-08-19,24.83,19.10,3.16
1991-08-20,27.40,19.48,7.70
1991-08-21,24.59,14.16,8.68
1991-08-22,30.59,18.69,6.62
1991-08-23,30.09,20.70,9.44
1991-08-24,29.32,16.66,7.15
1991-08-25,25.73,17.99,5.32
1991-08-26,25.19,21.59,11.22
1991-08-27,28.82,20.77,9.66
1991-08-28,29.57,21.43,8.87
1991-08-29,30.57,18.80,3.84
1991-08-30,31.10,20.50,6.55
1991-08-31,27.56,24.39,5.38
1991-09-01,28.31,12.17,4.75
1991-09-02,31.63,18.81,5.38
1991-09-03,31.46,17.49,9.24
1991-09-04,27.76,14.49,5.88
1991-09-05,27.94,11.10,5.00
1991-09-06,31.35,18.76,2.89
1991-09-07,30.35,22.27,10.99
1991-09-08,29.92,24.04,12.04
1991-09-09,31.96,22.24,9.26
1991-09-10,34.11,24.99,13.40
1991-09-11,33.68,27.82,11.47
1991-09-12,31.11,23.06,7.40
1991-09-13,30.75,19.42,4.46
1991-09-14,30.43,15.36,7.39
1991-09-15,30.08,15.58,5.93
1991-09-16,28.75,10.32,5.16
1991-09-17,28.94,16.25,5.64
1991-09-18,30.97,22.03,6.57
1991-09-19,29.43,25.08,7.52
1991-09-20,28.78,15.87,5.43
1991-09-21,29.84,17.13,4.18
1991-09-22,31.09,22.99,10.34
1991-09-23,30.63,22.09,12.21
1991-09-24,29.78,20.96,7.87
1991-09-25,29.28,22.94,9.66
1991-09-26,31.80,20.07,6.45
1991-09-27,30.88,21.52,7.64
1991-09-28,32.35,20.68,14.32
1991-09-29,32.80,17.10,11.73
1991-09-30,33.13,19.23,3.72
1991-10-01,29.21,19.21,3.24
1991-10-02,31.36,19.45,4.07
1991-10-03,30.46,20.40,7.47
1991-10-04,30.04,19.45,12.39
1991-10-05,27.32,13.37,12.05
1991-10-06,26.76,20.02,14.88
1991-10-07,27.22,23.18,18.48
1991-10-08,28.24,20.56,13.74
1991-10-09,30.74,22.55,8.46
1991-10-10,32.23,21.54,8.39
1991-10-11,31.75,19.90,10.38
1991-10-12,30.97,15.81,4.75
1991-10-13,30.39,15.20,2.71
1991-10-14,27.43,8.80,4.02
1991-10-15,26.57,10.43,6.82
1991-10-16,29.85,17.64,9.92
1991-10-17,31.26,25.05,9.70
1991-10-18,32.44,27.49,7.89
1991-10-19,32.23,28.48,14.06
1991-10-20,33.57,28.32,11.78
1991-10-21,32.94,25.95,9.96
1991-10-22,33.70,18.05,10.45
1991-10-23,33.96,27.29,16.56
1991-10-24,31.43,24.27,16.64
1991-10-25,31.41,25.21,11.59
1991-10-26,31.73,24.97,13.86
1991-10-27,30.31,25.75,17.80
1991-10-28,30.52,24.17,18.40
1991-10-29,32.09,27.34,20.16
1991-10-30,32.16,25.81,20.82
1991-10-31,33.23,23.46,14.84
1991-11-01,31.69,26.50,16.36
1991-11-02,31.71,23.27,9.89
1991-11-03,34.83,21.84,11.13
1991-11-04,31.02,19.40,16.16
1991-11-05,32.22,20.38,11.40
1991-11-06,32.75,26.64,15.39
1991-11-07,31.59,25.92,13.39
1991-11-08,32.33,25.07,12.71
1991-11-09,30.79,21.62,11.44
1991-11-10,31.57,25.54,15.66
1991-11-11,30.16,22.70,14.57
1991-11-12,30.82,20.33,14.46
1991-11-13,28.62,22.55,15.62
1991-11-14,31.57,25.06,15.98
1991-11-15,32.06,25.50,16.04
1991-11-16,31.23,23.65,17.24
1991-11-17,31.20,23.31,9.59
1991-11-18,32.05,28.78,15.04
1991-11-19,32.32,29.80,16.48
1991-11-20,32.46,29.99,12.07
1991-11-21,31.43,29.45,15.65
1991-11-22,29.85,22.66,8.54
1991-11-23,29.88,19.10,8.93
1991-11-24,28.87,23.77,9.02
1991-11-25,28.86,23.87,12.19
1991-11-26,30.49,30.58,15.04
1991-11-27,33.95,26.93,13.71
1991-11-28,35.08,26.09,11.16
1991-11-29,34.62,29.77,14.73
1991-11-30,35.69,31.33,14.66
1991-12-01,30.63,32.39,19.49
1991-12-02,28.41,33.07,20.94
1991-12-03,30.40,28.17,15.00
1991-12-04,28.88,25.55,11.21
1991-12-05,30.57,28.68,8.27
1991-12-06,30.69,28.20,10.59
1991-12-07,32.55,26.85,9.46
1991-12-08,32.47,23.81,8.71
1991-12-09,33.89,20.94,8.06
1991-12-10,33.20,12.68,7.51
1991-12-11,31.57,18.36,9.16
1991-12-12,27.72,25.25,8.11
1991-12-13,26.90,25.41,11.42
1991-12-14,30.86,23.32,12.44
1991-12-15,32.54,25.60,8.23
1991-12-16,33.56,26.25,8.17
1991-12-17,34.08,29.11,7.98
1991-12-18,34.46,31.13,9.86
1991-12-19,28.01,29.30,8.41
1991-12-20,30.61,27.03,9.31
1991-12-21,31.62,23.40,10.86
1991-12-22,32.01,27.88,10.41
1991-12-23,30.54,28.82,10.44
1991-12-24,28.75,28.09,7.45
1991-12-25,29.44,19.74,15.74
1991-12-26,29.92,29.99,17.08
1991-12-27,31.16,26.84,14.36
1991-12-28,31.78,24.11,15.09
1991-12-29,31.96,24.65,12.60
1991-12-30,31.36,24.67,16.13
1991-12-31,31.71,22.41,21.81
1992-01-01,34.15,27.72,18.44
1992-01-02,31.75,31.60,18.98
1992-01-03,31.23,32.63,17.59
1992-01-04,31.71,34.82,19.09
1992-01-05,28.92,29.23,13.29
1992-01-06,33.05,28.00,14.97
1992-01-07,31.77,28.21,17.05
1992-01-08,31.88,30.64,15.48
1992-01-09,31.67,31.54,18.53
1992-01-10,29.39,31.61,24.21
1992-01-11,30.27,30.93,25.60
1992-01-12,24.53,30.71,25.87
1992-01-13,26.90,30.39,16.78
1992-01-14,28.87,29.98,18.51
1992-01-15,30.98,30.99,19.49
1992-01-16,33.07,31.60,17.90
1992-01-17,35.10,33.76,19.29
1992-01-18,36.57,34.33,20.60
1992-01-19,33.91,32.95,22.54
1992-01-20,32.60,31.57,25.81
1992-01-21,32.01,31.29,24.19
1992-01-22,32.99,29.71,17.75
1992-01-23,31.73,30.97,23.04
1992-01-24,30.51,28.43,19.35
1992-01-25,30.09,30.07,20.20
1992-01-26,31.19,29.50,24.02
1992-01-27,33.52,29.43,22.39
1992-01-28,33.13,29.59,22.06
1992-01-29,33.17,29.91,23.73
1992-01-30,32.55,29.27,21.66
1992-01-31,32.60,26.97,20.61
1992-02-01,33.09,27.74,20.66
1992-02-02,33.53,27.96,19.91
1992-02-03,30.89,28.18,16.01
1992-02-04,30.64,27.16,13.92
1992-02-05,31.54,30.71,20.49
1992-02-06,31.43,30.90,14.22
1992-02-07,33.06,29.09,18.75
1992-02-08,33.07,24.95,11.59
1992-02-09,33.53,22.42,10.80
1992-02-10,33.04,23.91,13.73
1992-02-11,30.96,25.66,15.77
1992-02-12,29.41,25.86,18.18
1992-02-13,30.27,27.96,17.55
1992-02-14,31.01,31.13,19.89
1992-02-15,30.36,31.76,22.84
1992-02-16,29.91,27.73,20.10
1992-02-17,31.41,29.52,17.94
1992-02-18,30.96,27.92,14.88
1992-02-19,31.93,27.35,12.47
1992-02-20,31.41,24.91,10.00
1992-02-21,31.47,26.08,16.11
1992-02-22,29.81,28.45,13.18
1992-02-23,29.62,30.11,16.16
1992-02-24,31.36,30.19,23.83
1992-02-25,31.83,28.56,19.06
1992-02-26,32.49,28.25,11.24
1992-02-27,31.68,31.76,20.73
1992-02-28,31.33,29.69,22.54
1992-02-29,32.78,29.34,24.88
1992-03-01,31.91,29.77,22.19
1992-03-02,32.80,27.00,15.94
1992-03-03,33.13,28.83,19.95
1992-03-04,32.32,30.09,20.61
1992-03-05,31.45,29.92,21.25
1992-03-06,32.49,28.97,20.00
1992-03-07,30.64,28.43,18.86
1992-03-08,32.17,26.33,14.66
1992-03-09,33.45,26.24,12.52
1992-03-10,33.88,30.36,14.74
1992-03-11,31.43,31.32,23.51
1992-03-12,32.85,27.19,24.78
1992-03-13,33.52,27.09,21.38
1992-03-14,33.19,30.30,20.96
1992-03-15,30.90,28.89,19.70
1992-03-16,32.53,28.35,15.02
1992-03-17,31.44,29.20,12.98
1992-03-18,31.67,27.68,16.48
1992-03-19,30.82,25.08,16.73
1992-03-20,29.83,21.27,14.73
1992-03-21,28.61,25.69,13.08
1992-03-22,29.49,27.94,17.42
1992-03-23,30.65,27.75,19.70
1992-03-24,32.26,25.56,14.08
1992-03-25,30.85,19.70,11.74
1992-03-26,30.34,18.39,14.37
1992-03-27,31.27,18.68,17.60
1992-03-28,33.75,26.56,15.79
1992-03-29,33.67,29.04,17.82
1992-03-30,32.65,24.37,13.77
1992-03-31,30.38,25.39,16.16
1992-04-01,27.73,19.06,18.49
1992-04-02,30.83,20.17,13.18
1992-04-03,30.24,21.96,10.45
1992-04-04,29.80,24.02,10.43
1992-04-05,29.84,19.10,10.50
1992-04-06,29.89,23.12,10.80
1992-04-07,29.97,27.09,15.35
1992-04-08,32.46,25.08,13.62
1992-04-09,37.18,24.26,11.16
1992-04-10,35.66,19.40,9.82
1992-04-11,32.28,21.95,10.59
1992-04-12,30.48,24.69,12.86
1992-04-13,29.89,24.85,16.54
1992-04-14,30.66,22.39,18.04
1992-04-15,32.19,23.33,14.27
1992-04-16,32.86,23.47,12.25
1992-04-17,33.41,22.34,12.73
1992-04-18,29.98,16.68,8.01
1992-04-19,31.52,20.87,6.79
1992-04-20,31.76,18.60,7.62
1992-04-21,31.84,15.16,8.09
1992-04-22,31.74,19.03,5.84
1992-04-23,30.34,19.81,8.41
1992-04-24,30.10,20.08,7.23
1992-04-25,31.64,19.39,9.49
1992-04-26,33.00,24.72,12.33
1992-04-27,29.02,24.05,14.05
1992-04-28,24.37,18.81,8.53
1992-04-29,29.59,11.39,5.49
1992-04-30,25.81,13.78,6.16
1992-05-01,29.36,17.49,6.98
1992-05-02,28.81,18.71,6.44
1992-05-03,30.76,15.60,6.48
1992-05-04,30.05,17.14,5.44
1992-05-05,32.13,12.19,5.95
1992-05-06,32.12,12.26,7.95
1992-05-07,31.57,17.24,10.94
1992-05-08,30.75,16.64,7.00
1992-05-09,29.84,16.85,8.84
1992-05-10,29.48,12.05,7.32
1992-05-11,32.21,15.44,6.65
1992-05-12,29.97,19.75,4.91
1992-05-13,28.84,23.62,9.91
1992-05-14,31.01,21.07,8.16
1992-05-15,31.18,20.20,10.24
1992-05-16,29.57,17.03,8.97
1992-05-17,29.29,19.04,6.08
1992-05-18,28.83,20.05,9.31
1992-05-19,30.87,18.70,10.61
1992-05-20,31.27,16.37,7.82
1992-05-21,33.78,14.18,5.77
1992-05-22,36.07,17.73,5.23
1992-05-23,32.69,18.21,5.53
1992-05-24,31.46,16.43,6.56
1992-05-25,31.07,13.30,5.41
1992-05-26,29.63,9.98,4.03
1992-05-27,23.98,10.38,2.90
1992-05-28,18.89,10.94,0.26
1992-05-29,20.21,13.27,1.05
1992-05-30,24.25,14.25,4.38
1992-05-31,26.72,16.28,4.73
1992-06-01,28.61,12.80,5.30
1992-06-02,28.19,15.16,6.54
1992-06-03,28.00,18.50,7.01
1992-06-04,20.71,14.61,3.80
1992-06-05,28.88,7.70,3.99
1992-06-06,27.74,9.57,2.87
1992-06-07,25.27,8.58,4.47
1992-06-08,25.78,7.96,3.60
1992-06-09,28.83,13.66,1.39
1992-06-10,28.57,16.82,5.03
1992-06-11,28.37,18.02,6.28
1992-06-12,27.95,15.58,5.17
1992-06-13,29.57,13.34,5.51
1992-06-14,32.11,13.26,4.55
1992-06-15,33.05,14.79,2.84
1992-06-16,31.84,15.55,4.79
1992-06-17,32.47,16.01,3.64
1992-06-18,28.44,15.63,4.06
1992-06-19,27.27,14.99,3.86
1992-06-20,28.97,9.39,1.62
1992-06-21,30.68,10.05,2.02
1992-06-22,31.60,14.45,3.40
1992-06-23,30.91,12.70,1.04
1992-06-24,30.70,11.00,2.12
1992-06-25,27.79,7.67,-0.62
1992-06-26,26.86,9.79,-0.98
1992-06-27,27.52,12.57,2.20
1992-06-28,28.59,8.63,1.27
1992-06-29,21.01,11.64,2.31
1992-06-30,14.81,13.08,1.99
1992-07-01,25.40,9.22,1.16
1992-07-02,28.56,11.77,1.63
1992-07-03,31.15,11.12,1.59
1992-07-04,29.87,12.47,2.08
1992-07-05,30.54,13.96,3.94
1992-07-06,30.06,15.43,4.38
1992-07-07,28.31,15.17,2.00
1992-07-08,28.56,13.90,3.73
1992-07-09,28.39,17.10,5.22
1992-07-10,25.39,13.66,2.93
1992-07-11,25.82,13.24,4.04
1992-07-12,25.57,12.70,3.38
1992-07-13,19.68,9.49,3.14
1992-07-14,17.16,10.54,0.42
1992-07-15,19.47,12.72,3.35
1992-07-16,23.60,8.42,2.44
1992-07-17,22.30,11.49,3.46
1992-07-18,29.83,13.84,1.31
1992-07-19,30.33,16.64,2.34
1992-07-20,31.93,16.00,4.02
1992-07-21,29.66,17.85,3.08
1992-07-22,29.25,17.53,2.52
1992-07-23,30.62,16.14,4.14
1992-07-24,29.56,15.92,3.90
1992-07-25,27.45,12.66,1.92
1992-07-26,28.02,17.39,3.79
1992-07-27,31.62,15.02,1.45
1992-07-28,30.06,14.02,1.93
1992-07-29,29.38,11.20,0.97
1992-07-30,24.79,6.79,0.88
1992-07-31,24.45,10.10,-0.82
1992-08-01,28.29,15.04,3.34
1992-08-02,26.57,14.65,1.72
1992-08-03,28.45,16.63,5.09
1992-08-04,30.59,19.49,3.22
1992-08-05,28.34,19.57,3.67
1992-08-06,27.93,11.08,3.04
1992-08-07,29.09,13.95,2.91
1992-08-08,28.03,19.43,7.88
1992-08-09,26.56,14.98,4.16
1992-08-10,29.75,16.93,5.56
1992-08-11,29.48,19.72,11.26
1992-08-12,28.49,19.86,9.05
1992-08-13,29.19,19.46,12.12
1992-08-14,28.66,18.35,6.89
1992-08-15,23.73,15.77,6.62
1992-08-16,23.52,17.08,3.15
1992-08-17,27.33,17.45,5.42
1992-08-18,28.09,17.73,6.64
1992-08-19,30.14,20.49,7.43
1992-08-20,30.63,22.67,9.74
1992-08-21,28.64,10.74,3.48
1992-08-22,31.46,16.45,2.10
1992-08-23,29.30,21.33,5.07
1992-08-24,32.08,22.80,12.61
1992-08-25,34.31,19.35,4.93
1992-08-26,34.12,18.97,10.13
1992-08-27,34.58,17.45,9.68
1992-08-28,30.80,15.42,6.11
1992-08-29,27.38,12.53,4.89
1992-08-30,31.16,8.79,8.03
1992-08-31,27.07,15.00,8.57
1992-09-01,27.88,16.73,9.36
1992-09-02,30.81,18.53,4.87
1992-09-03,31.72,18.55,2.60
1992-09-04,28.76,18.86,3.53
1992-09-05,32.40,21.34,6.27
1992-09-06,31.60,23.53,10.56
1992-09-07,30.26,20.89,11.22
1992-09-08,30.43,15.87,9.73
1992-09-09,31.58,15.81,13.22
1992-09-10,29.78,19.93,10.70
1992-09-11,29.52,22.49,10.67
1992-09-12,26.92,19.29,10.85
1992-09-13,27.54,19.71,10.42
1992-09-14,29.84,20.80,6.91
1992-09-15,30.32,19.68,5.42
1992-09-16,31.08,12.12,2.63
1992-09-17,29.60,15.77,4.79
1992-09-18,28.19,19.80,4.63
1992-09-19,30.00,23.66,3.05
1992-09-20,30.04,22.43,4.58
1992-09-21,28.59,13.08,2.33
1992-09-22,30.63,18.88,1.60
1992-09-23,27.62,19.97,1.85
1992-09-24,28.02,17.64,3.72
1992-09-25,31.61,21.47,6.61
1992-09-26,32.98,23.59,6.66
1992-09-27,32.46,26.92,13.13
1992-09-28,33.60,24.37,15.96
1992-09-29,33.34,23.04,9.82
1992-09-30,32.07,21.20,10.80
1992-10-01,31.53,17.43,6.80
1992-10-02,30.04,21.39,6.42
1992-10-03,30.13,22.02,7.16
1992-10-04,30.83,16.03,5.40
1992-10-05,30.29,20.26,7.89
1992-10-06,29.51,23.50,10.80
1992-10-07,29.68,23.59,13.73
1992-10-08,29.73,26.51,16.37
1992-10-09,29.28,23.73,10.25
1992-10-10,29.07,22.06,8.35
1992-10-11,27.44,19.46,8.39
1992-10-12,28.79,24.93,8.52
1992-10-13,29.90,27.28,7.91
1992-10-14,32.09,24.09,9.20
1992-10-15,35.05,15.66,6.42
1992-10-16,33.92,20.69,7.99
1992-10-17,32.14,27.03,16.57
1992-10-18,30.82,19.15,5.55
1992-10-19,30.28,21.07,6.70
1992-10-20,34.09,27.21,15.19
1992-10-21,35.02,26.32,15.01
1992-10-22,32.19,27.74,13.27
1992-10-23,30.03,24.59,9.23
1992-10-24,29.70,24.35,10.20
1992-10-25,31.70,22.53,8.11
1992-10-26,33.13,26.02,5.37
1992-10-27,31.75,20.61,5.20
1992-10-28,33.47,23.67,3.69
1992-10-29,32.12,21.92,5.47
1992-10-30,32.09,23.83,5.94
1992-10-31,32.92,27.12,6.42
1992-11-01,32.94,21.56,6.10
1992-11-02,32.20,16.43,3.65
1992-11-03,32.71,21.96,7.04
1992-11-04,33.73,29.05,17.41
1992-11-05,32.26,27.78,21.20
1992-11-06,30.90,24.71,18.55
1992-11-07,30.88,22.59,10.65
1992-11-08,31.40,22.42,8.78
1992-11-09,30.78,17.77,15.62
1992-11-10,35.40,20.41,10.45
1992-11-11,34.05,24.62,16.00
1992-11-12,31.21,28.04,15.87
1992-11-13,29.35,24.13,11.53
1992-11-14,30.40,24.55,11.18
1992-11-15,30.66,30.75,19.30
1992-11-16,29.67,31.85,21.67
1992-11-17,29.09,27.87,21.67
1992-11-18,27.35,23.73,15.81
1992-11-19,31.62,23.08,13.63
1992-11-20,35.35,24.42,12.72
1992-11-21,33.93,27.83,15.66
1992-11-22,32.67,26.55,18.44
1992-11-23,32.57,22.75,15.33
1992-11-24,32.04,24.12,14.95
1992-11-25,33.30,25.68,19.01
1992-11-26,32.77,18.50,13.52
1992-11-27,34.36,21.91,12.58
1992-11-28,33.57,23.87,16.52
1992-11-29,33.33,28.62,10.76
1992-11-30,31.21,28.86,13.36
1992-12-01,30.76,30.07,18.85
1992-12-02,30.84,27.65,13.38
1992-12-03,31.20,25.07,13.13
1992-12-04,32.75,24.27,11.59
1992-12-05,33.17,26.50,14.72
1992-12-06,32.95,29.36,15.21
1992-12-07,31.97,28.72,13.23
1992-12-08,31.03,27.73,14.26
1992-12-09,32.28,27.72,14.57
1992-12-10,32.58,29.71,19.69
1992-12-11,32.26,27.18,11.39
1992-12-12,31.54,26.85,11.62
1992-12-13,30.66,27.72,11.81
1992-12-14,30.27,33.58,17.99
1992-12-15,31.03,27.39,15.91
1992-12-16,32.55,27.87,10.95
1992-12-17,30.93,29.58,12.43
1992-12-18,28.48,27.50,9.81
1992-12-19,29.05,29.11,9.08
1992-12-20,30.34,30.71,11.06
1992-12-21,28.79,26.52,13.14
1992-12-22,30.74,22.91,10.12
1992-12-23,31.04,31.39,14.86
1992-12-24,27.84,31.56,19.89
1992-12-25,30.98,32.49,18.80
1992-12-26,28.86,31.59,12.72
1992-12-27,30.55,30.77,12.02
1992-12-28,29.93,28.99,12.08
1992-12-29,32.03,29.64,14.47
1992-12-30,31.07,29.32,17.76
1992-12-31,34.34,30.99,21.97
1993-01-01,32.92,32.42,22.71
1993-01-02,28.76,33.05,26.22
1993-01-03,29.17,30.06,22.24
1993-01-04,29.79,29.11,18.99
1993-01-05,30.29,31.24,17.22
1993-01-06,28.85,29.07,13.94
1993-01-07,29.54,24.16,14.87
1993-01-08,29.28,31.16,16.82
1993-01-09,28.31,28.42,13.77
1993-01-10,30.69,31.18,14.67
1993-01-11,31.37,29.63,16.05
1993-01-12,29.58,29.68,15.39
1993-01-13,30.96,30.29,17.58
1993-01-14,28.55,31.88,18.65
1993-01-15,27.79,31.77,16.11
1993-01-16,29.25,31.80,16.62
1993-01-17,29.50,32.72,18.78
1993-01-18,30.14,29.93,17.73
1993-01-19,28.28,30.18,16.79
1993-01-20,30.24,29.39,13.71
1993-01-21,31.32,28.95,14.73
1993-01-22,32.47,30.94,12.37
1993-01-23,32.77,32.01,16.15
1993-01-24,31.16,31.09,12.89
1993-01-25,30.98,33.39,15.26
1993-01-26,30.80,31.58,14.26
1993-01-27,31.02,30.73,14.09
1993-01-28,31.53,31.43,13.90
1993-01-29,31.45,31.59,20.14
1993-01-30,30.63,29.30,13.80
1993-01-31,30.02,33.80,14.69
1993-02-01,28.89,34.23,22.28
1993-02-02,30.21,32.74,23.71
1993-02-03,29.46,31.56,25.10
1993-02-04,30.34,29.64,19.38
1993-02-05,31.34,27.31,14.06
1993-02-06,31.82,28.64,15.95
1993-02-07,33.08,30.77,22.51
1993-02-08,33.54,31.13,25.36
1993-02-09,31.86,31.17,18.00
1993-02-10,31.81,31.09,17.83
1993-02-11,30.80,28.40,18.03
1993-02-12,30.53,30.03,18.61
1993-02-13,30.95,30.73,18.11
1993-02-14,32.23,31.64,20.63
1993-02-15,31.98,30.34,24.66
1993-02-16,31.70,28.36,23.94
1993-02-17,29.98,26.79,21.77
1993-02-18,30.50,27.95,22.00
1993-02-19,30.88,29.94,20.37
1993-02-20,30.80,29.52,24.19
1993-02-21,30.65,27.22,25.92
1993-02-22,31.10,27.63,20.56
1993-02-23,30.38,29.07,18.11
1993-02-24,29.16,26.60,13.59
1993-02-25,29.70,27.63,13.45
1993-02-26,29.41,28.23,16.10
1993-02-27,29.52,28.03,14.85
1993-02-28,30.18,28.54,20.12
1993-03-01,29.40,26.27,19.35
1993-03-02,28.80,28.32,18.45
1993-03-03,28.41,28.93,20.68
1993-03-04,28.98,26.79,19.28
1993-03-05,28.66,24.25,20.07
1993-03-06,28.91,25.90,17.09
1993-03-07,30.93,28.72,12.71
1993-03-08,30.61,29.92,17.47
1993-03-09,31.52,29.35,14.70
1993-03-10,31.53,29.64,16.31
1993-03-11,31.80,30.37,16.94
1993-03-12,31.90,30.36,18.24
1993-03-13,32.80,31.55,17.66
1993-03-14,32.65,29.58,18.44
1993-03-15,32.26,28.02,16.72
1993-03-16,31.42,29.01,15.18
1993-03-17,29.54,27.48,14.67
1993-03-18,30.97,29.43,13.16
1993-03-19,30.48,31.75,21.02
1993-03-20,29.50,27.70,22.27
1993-03-21,30.25,28.16,16.81
1993-03-22,30.82,30.13,13.81
1993-03-23,30.67,29.27,18.99
1993-03-24,30.78,28.58,15.67
1993-03-25,30.82,29.97,17.18
1993-03-26,30.53,28.96,13.91
1993-03-27,30.76,25.61,11.04
1993-03-28,30.27,26.73,13.48
1993-03-29,30.99,27.62,16.82
1993-03-30,31.25,28.50,13.83
1993-03-31,30.83,27.51,12.92
1993-04-01,31.07,26.04,10.02
1993-04-02,32.27,23.40,14.06
1993-04-03,31.71,22.56,9.71
1993-04-04,28.16,22.59,10.94
1993-04-05,28.62,25.35,13.92
1993-04-06,29.13,27.09,14.61
1993-04-07,30.29,20.94,10.05
1993-04-08,32.94,26.82,11.59
1993-04-09,31.13,29.52,14.12
1993-04-10,30.30,23.90,16.80
1993-04-11,31.74,22.11,10.65
1993-04-12,30.48,22.57,10.43
1993-04-13,29.39,13.27,9.50
1993-04-14,30.87,14.61,8.64
1993-04-15,31.78,16.89,15.14
1993-04-16,31.61,17.05,12.41
1993-04-17,32.12,15.76,10.26
1993-04-18,30.04,16.61,8.20
1993-04-19,29.47,13.72,9.20
1993-04-20,30.83,19.57,10.09
1993-04-21,30.05,21.06,12.42
1993-04-22,30.22,23.30,13.35
1993-04-23,31.05,24.35,10.97
1993-04-24,28.45,19.80,9.73
1993-04-25,27.33,21.26,9.28
1993-04-26,28.69,22.74,9.78
1993-04-27,29.44,24.48,8.05
1993-04-28,29.19,24.95,16.20
1993-04-29,29.78,24.30,12.70
1993-04-30,29.95,24.67,17.51
1993-05-01,29.98,23.05,13.32
1993-05-02,29.94,21.89,10.95
1993-05-03,30.21,13.87,8.88
1993-05-04,28.21,13.25,5.92
1993-05-05,29.47,11.71,2.61
1993-05-06,28.55,10.87,3.23
1993-05-07,31.57,13.86,2.73
1993-05-08,30.58,16.71,5.71
1993-05-09,27.77,15.54,5.93
1993-05-10,29.12,11.21,6.14
1993-05-11,27.25,14.98,4.05
1993-05-12,26.58,12.39,5.25
1993-05-13,24.14,15.03,5.55
1993-05-14,26.47,18.62,5.79
1993-05-15,29.48,18.90,5.17
1993-05-16,31.42,21.76,4.66
1993-05-17,32.82,22.63,5.70
1993-05-18,32.18,21.65,11.49
1993-05-19,29.46,15.82,8.24
1993-05-20,28.04,16.36,6.87
1993-05-21,26.87,15.82,9.10
1993-05-22,27.70,14.16,4.19
1993-05-23,24.62,9.96,0.94
1993-05-24,24.66,13.49,2.26
1993-05-25,25.81,14.96,2.55
1993-05-26,27.43,17.48,2.70
1993-05-27,26.59,17.46,6.21
1993-05-28,33.52,14.60,3.29
1993-05-29,26.59,13.76,2.02
1993-05-30,28.14,7.46,2.10
1993-05-31,29.03,14.50,4.26
1993-06-01,30.91,12.61,4.14
1993-06-02,30.07,14.97,4.64
1993-06-03,29.31,10.62,4.38
1993-06-04,31.36,15.29,4.27
1993-06-05,24.57,17.84,5.18
1993-06-06,25.34,15.78,4.21
1993-06-07,26.96,12.98,3.88
1993-06-08,25.95,18.83,4.01
1993-06-09,29.43,20.44,5.16
1993-06-10,32.36,18.19,5.26
1993-06-11,30.81,16.36,5.74
1993-06-12,30.88,16.07,6.72
1993-06-13,26.68,13.36,4.34
1993-06-14,28.83,10.25,3.79
1993-06-15,29.11,13.84,5.20
1993-06-16,27.51,15.90,7.90
1993-06-17,32.74,18.75,7.95
1993-06-18,30.13,21.01,11.60
1993-06-19,26.23,20.58,6.87
1993-06-20,28.12,17.83,6.21
1993-06-21,26.50,15.66,6.21
1993-06-22,24.10,12.94,4.56
1993-06-23,27.30,13.66,3.36
1993-06-24,31.52,15.68,4.43
1993-06-25,28.31,20.68,7.79
1993-06-26,25.84,13.72,5.62
1993-06-27,24.79,15.49,4.78
1993-06-28,25.38,14.23,3.81
1993-06-29,23.80,16.96,4.76
1993-06-30,25.61,13.49,4.27
1993-07-01,27.03,12.45,1.40
1993-07-02,23.46,7.47,1.47
1993-07-03,22.60,10.84,0.85
1993-07-04,19.68,10.57,2.61
1993-07-05,17.29,11.55,2.02
1993-07-06,25.47,12.97,1.49
1993-07-07,28.02,16.37,4.10
1993-07-08,28.61,13.73,3.20
1993-07-09,27.76,14.65,2.23
1993-07-10,27.02,13.42,1.91
1993-07-11,28.65,13.06,2.44
1993-07-12,27.37,14.37,5.19
1993-07-13,29.83,17.11,5.79
1993-07-14,30.82,17.30,8.46
1993-07-15,27.89,16.68,3.88
1993-07-16,26.51,15.28,3.29
1993-07-17,30.88,17.05,4.59
1993-07-18,30.03,13.96,4.99
1993-07-19,28.64,15.85,3.98
1993-07-20,26.04,17.17,4.79
1993-07-21,23.60,18.67,6.23
1993-07-22,26.20,17.21,1.44
1993-07-23,26.71,18.67,5.44
1993-07-24,27.68,18.44,6.58
1993-07-25,27.62,17.70,2.43
1993-07-26,29.29,12.19,-0.10
1993-07-27,28.50,8.39,0.62
1993-07-28,26.62,11.19,2.98
1993-07-29,30.11,14.15,4.08
1993-07-30,31.93,17.72,5.05
1993-07-31,29.52,17.98,6.32
1993-08-01,33.12,13.72,4.87
1993-08-02,33.77,18.15,4.73
1993-08-03,30.16,20.16,7.78
1993-08-04,29.66,15.28,5.17
1993-08-05,26.75,15.02,4.32
1993-08-06,28.23,13.68,3.72
1993-08-07,26.83,11.00,0.34
1993-08-08,28.02,12.64,1.95
1993-08-09,26.71,14.36,3.29
1993-08-10,23.03,20.41,5.90
1993-08-11,23.33,20.77,11.42
1993-08-12,28.30,17.34,11.65
1993-08-13,33.15,21.02,11.91
1993-08-14,31.59,15.82,4.36
1993-08-15,25.69,14.03,2.72
1993-08-16,24.40,15.82,5.29
1993-08-17,27.40,20.21,9.28
1993-08-18,31.53,19.82,9.38
1993-08-19,34.71,20.18,9.69
1993-08-20,31.65,21.07,12.57
1993-08-21,31.49,21.19,13.54
1993-08-22,32.28,22.68,15.36
1993-08-23,31.18,22.26,8.32
1993-08-24,29.48,19.98,5.70
1993-08-25,27.19,18.91,5.88
1993-08-26,26.30,17.73,4.82
1993-08-27,26.44,20.98,5.07
1993-08-28,27.21,16.99,5.71
1993-08-29,28.77,9.62,5.38
1993-08-30,27.18,9.85,6.75
1993-08-31,26.54,15.91,8.13
1993-09-01,32.29,19.67,8.25
1993-09-02,31.84,24.86,10.96
1993-09-03,34.85,24.34,9.87
1993-09-04,30.23,23.70,9.52
1993-09-05,25.25,20.74,6.16
1993-09-06,26.85,12.48,4.42
1993-09-07,26.84,17.77,4.83
1993-09-08,28.02,19.30,6.66
1993-09-09,29.93,20.48,5.76
1993-09-10,32.94,21.50,12.11
1993-09-11,31.34,23.43,15.93
1993-09-12,29.87,20.18,16.93
1993-09-13,32.10,19.59,14.96
1993-09-14,34.34,25.56,16.27
1993-09-15,32.75,18.33,12.55
1993-09-16,30.55,17.68,8.95
1993-09-17,30.99,16.79,8.05
1993-09-18,30.39,19.66,6.30
1993-09-19,28.24,13.37,5.68
1993-09-20,29.61,14.32,9.06
1993-09-21,33.33,13.82,9.55
1993-09-22,31.98,9.45,3.02
1993-09-23,30.59,15.62,6.49
1993-09-24,28.14,18.81,13.22
1993-09-25,27.68,22.16,14.54
1993-09-26,31.72,23.53,6.94
1993-09-27,32.39,22.15,5.58
1993-09-28,29.88,17.93,7.08
1993-09-29,28.12,15.92,7.34
1993-09-30,27.25,14.65,12.63
1993-10-01,28.04,14.24,15.28
1993-10-02,28.20,18.77,16.83
1993-10-03,26.35,15.90,13.31
1993-10-04,28.55,21.44,17.44
1993-10-05,31.02,27.88,18.47
1993-10-06,32.05,28.02,22.59
1993-10-07,30.75,22.67,15.09
1993-10-08,32.72,26.41,16.37
1993-10-09,31.01,28.52,12.23
1993-10-10,32.62,26.06,12.07
1993-10-11,31.21,26.21,11.80
1993-10-12,33.34,27.49,18.46
1993-10-13,34.42,27.62,17.05
1993-10-14,33.38,28.07,16.29
1993-10-15,32.30,21.56,7.53
1993-10-16,30.14,12.51,5.23
1993-10-17,30.07,18.05,4.81
1993-10-18,29.47,17.96,7.74
1993-10-19,30.18,17.81,8.10
1993-10-20,31.41,15.43,7.24
1993-10-21,31.22,18.48,9.03
1993-10-22,33.36,21.18,10.31
1993-10-23,32.44,18.20,12.10
1993-10-24,32.32,23.37,16.03
1993-10-25,32.26,25.11,17.76
1993-10-26,31.73,25.91,10.25
1993-10-27,31.32,24.34,7.63
1993-10-28,30.63,20.32,8.20
1993-10-29,30.81,22.10,14.59
1993-10-30,29.41,15.12,11.96
1993-10-31,30.87,21.29,9.55
1993-11-01,32.30,28.77,11.41
1993-11-02,32.53,31.29,13.57
1993-11-03,31.17,31.11,19.92
1993-11-04,29.32,16.89,11.64
1993-11-05,27.59,24.86,8.46
1993-11-06,28.95,25.89,10.09
1993-11-07,30.59,29.79,8.70
1993-11-08,31.91,28.47,12.44
1993-11-09,32.39,27.44,11.34
1993-11-10,31.76,23.73,11.40
1993-11-11,30.87,25.52,9.28
1993-11-12,30.08,25.05,9.04
1993-11-13,29.89,24.57,14.78
1993-11-14,29.66,22.32,14.17
1993-11-15,29.51,17.73,7.68
1993-11-16,29.57,21.93,10.50
1993-11-17,30.37,28.30,17.30
1993-11-18,31.35,25.57,12.67
1993-11-19,29.05,25.74,10.01
1993-11-20,31.45,25.95,9.23
1993-11-21,31.96,28.15,13.77
1993-11-22,31.09,26.94,15.10
1993-11-23,29.33,27.52,13.88
1993-11-24,28.16,26.18,13.38
1993-11-25,28.53,26.11,13.68
1993-11-26,29.15,29.26,16.96
1993-11-27,30.99,28.89,15.33
1993-11-28,30.52,24.66,9.65
1993-11-29,30.11,16.09,6.63
1993-11-30,29.77,22.11,5.84
1993-12-01,30.33,27.65,7.10
1993-12-02,31.42,27.95,9.85
1993-12-03,33.05,20.48,8.63
1993-12-04,30.61,24.51,8.13
1993-12-05,28.76,28.44,10.15
1993-12-06,27.57,29.28,14.49
1993-12-07,30.40,31.92,13.62
1993-12-08,30.91,31.94,17.11
1993-12-09,26.99,33.06,19.30
1993-12-10,26.87,32.23,20.05
1993-12-11,26.62,28.51,12.22
1993-12-12,26.58,26.09,10.12
1993-12-13,30.30,27.33,9.96
1993-12-14,30.74,25.17,15.97
1993-12-15,31.43,27.18,14.46
1993-12-16,29.69,31.77,16.17
1993-12-17,30.16,28.56,18.57
1993-12-18,31.72,26.59,15.95
1993-12-19,31.30,29.57,17.90
1993-12-20,30.20,29.57,24.31
1993-12-21,31.84,24.82,19.79
1993-12-22,31.08,31.09,20.71
1993-12-23,30.75,28.39,17.36
1993-12-24,30.26,30.46,13.64
1993-12-25,31.04,31.29,18.64
1993-12-26,30.69,30.28,17.88
1993-12-27,30.17,30.85,12.15
1993-12-28,30.20,30.50,14.34
1993-12-29,29.99,29.43,21.80
1993-12-30,29.81,28.09,18.73
1993-12-31,31.97,28.69,18.66
1994-01-01,31.77,30.48,25.72
1994-01-02,31.63,30.05,23.70
1994-01-03,30.91,28.62,19.26
1994-01-04,29.34,28.99,19.20
1994-01-05,29.32,30.13,21.13
1994-01-06,29.72,30.12,20.49
1994-01-07,29.21,30.21,20.20
1994-01-08,29.27,31.55,25.50
1994-01-09,29.64,30.38,23.04
1994-01-10,31.42,28.96,12.83
1994-01-11,31.82,29.82,15.54
1994-01-12,31.89,32.78,21.24
1994-01-13,30.51,33.85,23.37
1994-01-14,31.30,32.26,23.57
1994-01-15,29.63,29.73,22.08
1994-01-16,30.20,26.72,14.02
1994-01-17,29.83,29.15,16.12
1994-01-18,30.23,30.54,15.96
1994-01-19,29.99,30.04,15.33
1994-01-20,29.97,32.53,15.93
1994-01-21,30.35,30.42,24.65
1994-01-22,30.37,29.00,15.60
1994-01-23,30.32,28.99,18.06
1994-01-24,30.75,26.90,22.01
1994-01-25,30.68,31.54,18.88
1994-01-26,30.72,32.00,24.61
1994-01-27,30.74,28.82,24.98
1994-01-28,31.06,28.30,15.05
1994-01-29,30.71,30.95,18.04
1994-01-30,29.51,30.90,17.77
1994-01-31,30.05,29.37,14.62
1994-02-01,30.06,26.29,10.77
1994-02-02,31.27,29.17,11.62
1994-02-03,29.89,30.36,12.12
1994-02-04,29.48,31.89,11.01
1994-02-05,28.93,30.78,20.30
1994-02-06,28.11,28.83,19.59
1994-02-07,29.30,28.91,15.86
1994-02-08,29.83,28.25,21.24
1994-02-09,30.61,28.36,23.63
1994-02-10,29.57,30.25,24.45
1994-02-11,30.22,29.23,19.48
1994-02-12,29.34,29.69,20.14
1994-02-13,30.55,30.34,18.05
1994-02-14,30.46,33.03,15.92
1994-02-15,30.14,26.95,10.55
1994-02-16,30.10,25.71,10.29
1994-02-17,29.93,31.34,13.23
1994-02-18,31.70,31.46,17.28
1994-02-19,33.04,30.30,23.14
1994-02-20,32.16,30.11,23.10
1994-02-21,31.45,30.30,19.30
1994-02-22,32.91,28.73,24.86
1994-02-23,31.73,29.20,19.81
1994-02-24,31.75,29.79,22.62
1994-02-25,30.94,28.48,26.73
1994-02-26,31.99,26.41,24.32
1994-02-27,32.16,27.97,17.41
1994-02-28,33.26,29.89,16.09
1994-03-01,32.48,31.75,21.39
1994-03-02,31.30,30.57,21.38
1994-03-03,31.58,29.61,21.77
1994-03-04,31.37,29.27,23.24
1994-03-05,29.53,27.17,25.25
1994-03-06,30.48,28.39,25.72
1994-03-07,30.41,28.47,23.37
1994-03-08,31.62,27.94,18.80
1994-03-09,33.89,27.52,19.60
1994-03-10,33.63,30.34,22.94
1994-03-11,32.58,29.41,21.13
1994-03-12,32.62,27.29,13.72
1994-03-13,30.99,24.12,16.18
1994-03-14,31.09,22.52,16.33
1994-03-15,29.40,24.77,21.10
1994-03-16,29.87,29.22,25.57
1994-03-17,30.38,28.62,27.28
1994-03-18,31.17,26.11,20.86
1994-03-19,30.47,25.27,13.18
1994-03-20,31.04,30.66,19.68
1994-03-21,32.71,29.55,24.88
1994-03-22,33.35,26.28,19.51
1994-03-23,31.83,24.06,12.02
1994-03-24,31.03,23.64,10.96
1994-03-25,30.24,30.97,16.61
1994-03-26,30.89,28.84,16.52
1994-03-27,30.67,27.29,10.52
1994-03-28,30.37,27.22,11.14
1994-03-29,29.91,28.78,18.27
1994-03-30,31.10,26.20,20.38
1994-03-31,30.85,24.60,17.65
1994-04-01,29.84,23.60,12.11
1994-04-02,28.49,24.34,13.57
1994-04-03,29.50,24.48,13.63
1994-04-04,28.80,17.12,16.60
1994-04-05,30.75,22.05,17.52
1994-04-06,30.10,28.76,17.48
1994-04-07,28.41,23.32,12.80
1994-04-08,28.80,20.14,9.04
1994-04-09,30.01,22.45,9.52
1994-04-10,30.31,26.69,14.76
1994-04-11,31.70,27.70,15.35
1994-04-12,32.70,28.49,17.61
1994-04-13,30.09,28.15,10.66
1994-04-14,30.00,27.07,15.73
1994-04-15,28.34,27.42,14.13
1994-04-16,33.58,24.62,11.69
1994-04-17,34.47,25.94,9.41
1994-04-18,31.23,25.02,10.54
1994-04-19,30.50,22.73,9.38
1994-04-20,31.40,18.78,6.05
1994-04-21,33.26,25.57,6.49
1994-04-22,33.91,26.59,14.05
1994-04-23,32.01,27.15,17.68
1994-04-24,30.19,21.85,10.95
1994-04-25,29.57,17.77,9.62
1994-04-26,29.22,17.20,8.47
1994-04-27,28.55,15.83,6.96
1994-04-28,29.81,21.92,10.30
1994-04-29,29.20,21.15,8.91
1994-04-30,30.44,19.57,12.00
1994-05-01,30.73,22.08,10.43
1994-05-02,29.68,21.32,10.03
1994-05-03,30.08,22.73,6.83
1994-05-04,28.62,27.19,11.14
1994-05-05,27.47,19.87,14.84
1994-05-06,30.81,18.61,9.32
1994-05-07,30.77,18.41,7.27
1994-05-08,29.37,18.79,6.23
1994-05-09,29.76,19.55,9.17
1994-05-10,31.22,21.48,11.31
1994-05-11,33.62,21.87,10.99
1994-05-12,32.97,24.25,13.48
1994-05-13,30.26,25.08,11.15
1994-05-14,31.15,23.63,10.22
1994-05-15,30.31,22.96,8.13
1994-05-16,30.82,18.96,7.70
1994-05-17,30.20,16.18,5.42
1994-05-18,28.49,18.50,6.67
1994-05-19,26.50,20.35,6.69
1994-05-20,27.59,21.71,7.51
1994-05-21,31.29,21.62,9.48
1994-05-22,31.64,14.18,10.33
1994-05-23,30.05,11.96,7.82
1994-05-24,26.40,12.22,7.34
1994-05-25,23.39,16.85,5.43
1994-05-26,28.31,17.06,7.50
1994-05-27,27.51,12.17,8.39
1994-05-28,28.32,17.96,9.89
1994-05-29,29.09,15.26,8.41
1994-05-30,27.95,18.85,8.39
1994-05-31,29.86,19.31,10.17
1994-06-01,27.28,16.71,8.16
1994-06-02,27.98,17.29,8.70
1994-06-03,26.62,19.75,8.96
1994-06-04,24.94,18.63,8.20
1994-06-05,25.95,16.15,6.54
1994-06-06,26.78,17.94,5.12
1994-06-07,26.65,20.81,5.52
1994-06-08,28.19,22.84,12.85
1994-06-09,28.22,23.06,13.47
1994-06-10,28.72,20.91,8.63
1994-06-11,27.88,18.51,8.08
1994-06-12,28.58,17.82,8.24
1994-06-13,30.09,15.00,6.58
1994-06-14,29.23,13.70,8.58
1994-06-15,28.28,16.15,6.11
1994-06-16,27.74,13.48,3.21
1994-06-17,26.87,10.68,3.50
1994-06-18,27.04,15.88,3.23
1994-06-19,26.22,12.38,3.80
1994-06-20,27.34,15.97,4.89
1994-06-21,28.96,9.68,4.71
1994-06-22,26.64,15.37,3.35
1994-06-23,25.71,9.52,3.63
1994-06-24,26.80,9.37,0.59
1994-06-25,27.92,14.41,3.47
1994-06-26,29.93,17.67,5.64
1994-06-27,27.44,18.86,8.89
1994-06-28,27.00,15.60,6.89
1994-06-29,25.81,8.62,5.52
1994-06-30,22.20,12.97,3.92
1994-07-01,24.89,11.79,3.22
1994-07-02,29.31,13.23,6.32
1994-07-03,27.93,13.21,7.18
1994-07-04,26.98,13.20,6.39
1994-07-05,26.71,12.22,7.42
1994-07-06,25.09,12.19,6.79
1994-07-07,27.86,13.71,3.94
1994-07-08,30.41,16.70,6.16
1994-07-09,31.34,15.90,7.30
1994-07-10,31.98,17.56,10.08
1994-07-11,29.55,16.44,6.06
1994-07-12,27.96,15.88,4.75
1994-07-13,29.83,14.87,4.14
1994-07-14,27.23,20.88,7.96
1994-07-15,24.91,20.36,6.48
1994-07-16,27.04,15.03,4.92
1994-07-17,27.82,15.72,4.38
1994-07-18,28.55,13.38,4.58
1994-07-19,28.30,11.23,4.08
1994-07-20,26.11,8.71,2.71
1994-07-21,25.49,8.23,1.45
1994-07-22,26.62,12.40,1.26
1994-07-23,25.53,16.11,4.30
1994-07-24,28.52,13.29,1.45
1994-07-25,30.56,13.72,2.33
1994-07-26,28.29,12.35,1.94
1994-07-27,26.41,7.40,2.72
1994-07-28,27.40,13.61,5.19
1994-07-29,25.85,12.54,6.08
1994-07-30,26.55,13.91,6.54
1994-07-31,25.25,13.81,5.99
1994-08-01,26.81,14.61,1.97
1994-08-02,29.28,15.34,4.99
1994-08-03,28.56,19.04,5.20
1994-08-04,30.91,19.87,6.10
1994-08-05,29.05,16.70,5.66
1994-08-06,26.22,15.57,4.57
1994-08-07,24.15,12.27,5.84
1994-08-08,27.41,9.55,0.68
1994-08-09,27.20,15.26,1.26
1994-08-10,29.93,19.05,4.06
1994-08-11,27.16,21.00,4.25
1994-08-12,28.86,13.12,2.90
1994-08-13,28.30,15.83,3.50
1994-08-14,27.79,18.08,6.49
1994-08-15,29.98,19.92,5.09
1994-08-16,32.73,22.36,7.53
1994-08-17,32.32,18.72,7.36
1994-08-18,30.66,15.08,2.11
1994-08-19,30.00,16.70,4.11
1994-08-20,29.12,18.31,7.10
1994-08-21,28.84,15.72,4.55
1994-08-22,27.95,18.59,3.97
1994-08-23,28.73,18.23,11.64
1994-08-24,28.43,14.69,4.12
1994-08-25,29.73,17.35,4.62
1994-08-26,31.75,21.47,7.82
1994-08-27,32.69,22.05,5.04
1994-08-28,31.33,18.27,3.58
1994-08-29,28.84,17.53,3.90
1994-08-30,26.60,13.70,7.22
1994-08-31,27.57,10.80,8.28
1994-09-01,29.61,14.94,7.97
1994-09-02,28.58,20.22,2.36
1994-09-03,33.11,23.55,7.84
1994-09-04,33.19,25.91,12.15
1994-09-05,36.28,17.96,5.52
1994-09-06,35.34,21.61,6.42
1994-09-07,30.90,25.78,7.77
1994-09-08,30.76,28.43,8.85
1994-09-09,32.37,21.48,10.95
1994-09-10,31.95,16.97,5.50
1994-09-11,33.06,19.89,7.19
1994-09-12,33.32,13.75,3.22
1994-09-13,34.30,20.27,2.89
1994-09-14,33.76,16.75,4.42
1994-09-15,34.19,21.93,7.75
1994-09-16,33.86,22.06,4.71
1994-09-17,32.92,23.11,5.36
1994-09-18,34.00,21.10,7.57
1994-09-19,33.52,15.68,5.99
1994-09-20,34.00,14.49,5.60
1994-09-21,31.73,20.34,7.12
1994-09-22,29.87,18.56,6.09
1994-09-23,30.55,14.37,5.22
1994-09-24,32.09,17.61,2.84
1994-09-25,29.95,22.24,4.48
1994-09-26,29.59,25.43,9.86
1994-09-27,30.00,24.57,12.24
1994-09-28,31.91,22.09,11.79
1994-09-29,31.18,17.31,14.60
1994-09-30,30.49,20.77,13.28
1994-10-01,31.35,17.85,6.85
1994-10-02,34.21,15.78,5.28
1994-10-03,33.00,18.04,7.16
1994-10-04,33.75,23.23,8.98
1994-10-05,32.97,27.40,13.08
1994-10-06,32.80,28.03,13.95
1994-10-07,30.12,25.68,11.47
1994-10-08,30.41,24.04,12.23
1994-10-09,31.09,25.20,13.60
1994-10-10,29.60,19.27,16.12
1994-10-11,30.52,15.92,11.55
1994-10-12,29.47,19.21,8.35
1994-10-13,31.94,26.46,9.29
1994-10-14,33.06,24.10,7.16
1994-10-15,33.15,18.33,6.37
1994-10-16,32.28,15.10,7.14
1994-10-17,30.77,17.02,5.30
1994-10-18,30.87,18.82,5.25
1994-10-19,29.68,17.61,6.78
1994-10-20,29.44,21.42,6.84
1994-10-21,31.50,23.51,6.12
1994-10-22,29.77,23.07,13.28
1994-10-23,30.99,22.78,8.72
1994-10-24,31.20,25.46,10.09
1994-10-25,30.80,25.46,11.10
1994-10-26,32.57,25.03,13.80
1994-10-27,32.58,23.95,17.02
1994-10-28,32.34,26.03,18.25
1994-10-29,26.68,23.08,19.07
1994-10-30,29.41,17.31,16.57
1994-10-31,33.73,22.14,10.25
1994-11-01,33.38,27.78,12.08
1994-11-02,31.23,27.30,9.52
1994-11-03,30.61,23.71,7.86
1994-11-04,30.46,20.34,5.67
1994-11-05,30.99,23.99,8.54
1994-11-06,31.87,24.29,8.96
1994-11-07,31.29,26.89,8.16
1994-11-08,30.55,28.39,10.68
1994-11-09,30.32,30.76,14.08
1994-11-10,29.94,25.08,12.32
1994-11-11,29.75,23.70,12.59
1994-11-12,32.01,27.23,10.49
1994-11-13,33.76,28.16,14.29
1994-11-14,31.68,25.69,10.34
1994-11-15,28.32,26.05,10.44
1994-11-16,31.50,28.14,13.53
1994-11-17,31.53,29.32,17.14
1994-11-18,31.49,27.11,20.18
1994-11-19,32.98,28.23,16.95
1994-11-20,32.70,29.20,17.62
1994-11-21,33.33,29.48,23.92
1994-11-22,32.72,31.13,22.42
1994-11-23,31.87,28.35,23.43
1994-11-24,32.63,28.06,13.12
1994-11-25,30.68,28.39,14.37
1994-11-26,28.78,27.34,16.61
1994-11-27,29.11,19.78,8.90
1994-11-28,31.39,23.04,9.78
1994-11-29,32.01,27.63,9.93
1994-11-30,34.37,28.34,9.23
1994-12-01,31.65,28.92,11.16
1994-12-02,29.65,23.54,9.53
1994-12-03,28.15,22.22,10.45
1994-12-04,29.68,27.19,8.09
1994-12-05,29.97,21.98,8.63
1994-12-06,32.59,31.95,11.43
1994-12-07,31.45,32.35,22.24
1994-12-08,31.43,28.57,19.39
1994-12-09,32.45,32.25,18.20
1994-12-10,31.81,30.76,17.74
1994-12-11,29.14,29.18,22.91
1994-12-12,29.46,26.74,15.18
1994-12-13,32.24,27.56,14.35
1994-12-14,33.52,30.72,15.88
1994-12-15,30.36,30.32,15.44
1994-12-16,31.32,32.49,20.07
1994-12-17,29.77,30.52,17.88
1994-12-18,27.05,32.13,14.88
1994-12-19,31.31,33.00,14.00
1994-12-20,32.46,32.74,18.05
1994-12-21,32.40,31.55,15.87
1994-12-22,29.78,33.70,18.59
1994-12-23,30.93,28.18,19.55
1994-12-24,30.44,31.07,21.26
1994-12-25,32.03,30.39,23.14
1994-12-26,30.02,28.68,15.74
1994-12-27,29.42,28.64,13.78
1994-12-28,29.59,30.14,14.69
1994-12-29,30.52,31.97,20.13
1994-12-30,28.89,31.02,19.43
1994-12-31,30.44,27.82,13.12
1995-01-01,30.25,28.87,12.65
1995-01-02,29.88,28.38,15.08
1995-01-03,32.05,29.16,12.69
1995-01-04,33.53,30.23,12.51
1995-01-05,32.49,30.44,14.96
1995-01-06,32.35,30.04,10.73
1995-01-07,30.78,30.59,12.70
1995-01-08,29.58,31.51,11.18
1995-01-09,29.30,30.55,14.19
1995-01-10,29.31,23.39,10.58
1995-01-11,30.90,26.63,16.09
1995-01-12,32.19,31.75,19.45
1995-01-13,32.19,32.50,18.00
1995-01-14,33.79,31.35,20.20
1995-01-15,34.65,31.22,17.34
1995-01-16,34.06,33.11,18.94
1995-01-17,31.36,32.42,16.79
1995-01-18,32.03,30.90,16.29
1995-01-19,32.00,31.48,18.52
1995-01-20,32.04,31.69,22.52
1995-01-21,32.27,34.12,19.98
1995-01-22,31.84,32.62,13.71
1995-01-23,32.19,35.00,17.36
1995-01-24,31.58,33.61,24.36
1995-01-25,33.43,32.61,20.77
1995-01-26,32.60,30.84,15.78
1995-01-27,32.32,31.66,23.92
1995-01-28,31.27,30.28,25.44
1995-01-29,32.34,29.64,22.15
1995-01-30,31.59,28.31,13.75
1995-01-31,31.98,24.62,9.89
1995-02-01,33.66,27.59,9.46
1995-02-02,33.05,29.26,17.83
1995-02-03,32.44,26.62,15.48
1995-02-04,31.74,31.40,20.68
1995-02-05,32.96,30.57,26.36
1995-02-06,32.76,28.43,25.31
1995-02-07,33.77,28.81,21.32
1995-02-08,32.84,28.64,15.78
1995-02-09,33.51,27.95,19.68
1995-02-10,32.95,28.59,19.66
1995-02-11,34.34,30.14,22.00
1995-02-12,35.21,28.95,20.45
1995-02-13,35.99,29.42,18.35
1995-02-14,35.25,30.01,18.66
1995-02-15,35.18,31.54,24.23
1995-02-16,34.98,27.77,16.02
1995-02-17,34.51,30.90,22.94
1995-02-18,34.10,31.78,22.91
1995-02-19,33.41,27.93,16.56
1995-02-20,32.94,25.13,11.89
1995-02-21,33.59,23.18,16.31
1995-02-22,33.05,22.90,17.30
1995-02-23,32.76,25.26,15.99
1995-02-24,32.78,28.52,19.10
1995-02-25,34.28,26.23,16.32
1995-02-26,32.82,27.91,15.11
1995-02-27,31.21,27.79,16.91
1995-02-28,30.98,29.00,20.89
1995-03-01,30.51,28.73,19.64
1995-03-02,31.76,29.93,16.98
1995-03-03,32.05,31.50,18.53
1995-03-04,33.01,31.89,22.00
1995-03-05,32.84,29.26,12.86
1995-03-06,32.34,26.96,15.13
1995-03-07,33.28,26.32,14.03
1995-03-08,32.27,31.01,15.86
1995-03-09,31.23,30.02,21.24
1995-03-10,31.53,30.11,21.31
1995-03-11,31.43,29.78,21.52
1995-03-12,29.98,27.86,26.49
1995-03-13,29.39,25.64,18.37
1995-03-14,26.96,22.89,12.51
1995-03-15,28.56,26.18,10.18
1995-03-16,32.05,29.17,14.66
1995-03-17,30.53,29.84,13.43
1995-03-18,32.66,29.28,10.63
1995-03-19,30.89,26.54,14.89
1995-03-20,31.29,24.29,23.02
1995-03-21,30.78,24.16,19.56
1995-03-22,29.37,22.43,10.50
1995-03-23,29.14,27.58,11.31
1995-03-24,29.00,29.43,13.24
1995-03-25,30.70,27.84,12.88
1995-03-26,31.61,28.49,15.86
1995-03-27,30.50,26.88,14.53
1995-03-28,29.68,26.21,11.80
1995-03-29,29.02,27.11,17.27
1995-03-30,28.03,21.21,10.77
1995-03-31,30.33,27.90,14.44
1995-04-01,29.34,30.16,17.70
1995-04-02,29.77,29.34,12.92
1995-04-03,31.30,29.98,12.94
1995-04-04,33.10,27.89,11.90
1995-04-05,33.00,27.81,12.99
1995-04-06,32.95,28.20,13.26
1995-04-07,31.29,24.69,9.25
1995-04-08,29.41,14.76,5.61
1995-04-09,28.41,20.68,10.68
1995-04-10,30.12,25.38,14.76
1995-04-11,30.52,31.23,19.63
1995-04-12,31.01,26.94,21.74
1995-04-13,30.24,22.59,15.55
1995-04-14,31.77,23.79,11.32
1995-04-15,30.87,22.40,10.39
1995-04-16,31.57,24.42,10.08
1995-04-17,30.06,26.26,9.26
1995-04-18,28.86,23.05,7.73
1995-04-19,30.45,23.04,7.58
1995-04-20,30.42,27.47,15.46
1995-04-21,32.04,25.08,17.97
1995-04-22,32.86,23.35,17.01
1995-04-23,33.86,22.54,12.38
1995-04-24,31.38,26.79,12.25
1995-04-25,32.80,24.41,13.91
1995-04-26,31.55,23.00,13.35
1995-04-27,29.89,16.03,9.78
1995-04-28,33.22,21.64,10.24
1995-04-29,28.90,16.55,10.07
1995-04-30,28.16,19.58,10.29
1995-05-01,26.84,22.82,8.29
1995-05-02,25.45,25.04,8.12
1995-05-03,25.52,23.68,11.29
1995-05-04,27.61,20.87,10.74
1995-05-05,28.24,15.78,10.51
1995-05-06,27.46,20.88,11.75
1995-05-07,28.44,23.87,9.37
1995-05-08,29.27,23.22,10.86
1995-05-09,30.19,23.09,9.64
1995-05-10,31.03,20.41,8.08
1995-05-11,31.24,21.61,9.06
1995-05-12,29.22,18.96,8.19
1995-05-13,30.94,18.59,11.14
1995-05-14,28.48,24.12,14.15
1995-05-15,30.43,21.43,10.59
1995-05-16,29.28,19.55,9.79
1995-05-17,30.74,24.30,11.13
1995-05-18,27.34,26.11,13.69
1995-05-19,27.98,18.34,13.28
1995-05-20,29.26,21.84,12.45
1995-05-21,29.00,22.75,8.08
1995-05-22,28.91,22.83,9.08
1995-05-23,29.07,22.67,8.70
1995-05-24,28.63,22.26,8.87
1995-05-25,26.67,22.55,8.53
1995-05-26,29.96,19.20,10.96
1995-05-27,29.27,21.30,10.97
1995-05-28,27.89,20.05,9.26
1995-05-29,29.69,22.64,11.90
1995-05-30,29.59,22.52,10.28
1995-05-31,27.21,20.88,10.13
1995-06-01,25.03,21.25,7.70
1995-06-02,25.45,22.06,9.16
1995-06-03,29.27,23.82,6.01
1995-06-04,30.86,18.34,7.71
1995-06-05,29.68,12.90,4.58
1995-06-06,29.30,11.75,1.09
1995-06-07,27.25,13.86,1.82
1995-06-08,28.68,16.08,3.14
1995-06-09,30.85,13.28,2.95
1995-06-10,32.02,12.48,2.92
1995-06-11,30.55,16.12,6.11
1995-06-12,27.09,20.31,3.63
1995-06-13,28.60,22.96,3.86
1995-06-14,27.21,19.37,3.90
1995-06-15,24.16,13.16,5.61
1995-06-16,25.10,10.13,4.06
1995-06-17,24.80,14.73,5.03
1995-06-18,26.28,17.85,6.82
1995-06-19,26.24,17.54,5.97
1995-06-20,27.34,16.65,4.12
1995-06-21,29.14,19.02,6.74
1995-06-22,29.11,17.22,7.11
1995-06-23,27.76,11.54,4.00
1995-06-24,28.33,11.98,0.78
1995-06-25,28.95,17.07,1.76
1995-06-26,28.39,14.04,4.08
1995-06-27,27.53,10.85,2.63
1995-06-28,30.02,15.93,2.12
1995-06-29,29.91,18.91,2.67
1995-06-30,27.20,11.00,3.52
1995-07-01,29.73,12.60,2.03
1995-07-02,30.65,14.30,2.64
1995-07-03,29.27,13.18,4.00
1995-07-04,26.85,12.25,1.77
1995-07-05,25.36,11.20,1.11
1995-07-06,23.21,13.04,2.22
1995-07-07,23.73,15.14,2.28
1995-07-08,24.95,16.27,3.48
1995-07-09,27.39,10.25,3.35
1995-07-10,27.82,16.67,5.00
1995-07-11,28.88,15.29,1.04
1995-07-12,28.22,14.12,1.24
1995-07-13,29.35,12.37,0.66
1995-07-14,28.82,10.58,-1.23
1995-07-15,27.33,10.41,-1.38
1995-07-16,26.40,11.96,-0.54
1995-07-17,26.80,13.58,0.12
1995-07-18,27.33,10.95,-1.36
1995-07-19,29.51,13.11,0.71
1995-07-20,31.14,19.08,6.86
1995-07-21,31.63,20.41,8.56
1995-07-22,31.57,17.73,2.37
1995-07-23,30.98,9.49,4.99
1995-07-24,25.43,13.21,1.71
1995-07-25,26.07,12.03,0.00
1995-07-26,25.58,9.17,0.26
1995-07-27,23.14,10.13,-0.32
1995-07-28,22.76,7.50,-0.88
1995-07-29,25.62,10.07,-0.98
1995-07-30,25.50,12.28,-0.42
1995-07-31,26.90,11.54,-0.14
1995-08-01,24.75,11.54,-1.17
1995-08-02,22.44,12.37,-1.31
1995-08-03,22.30,12.02,-0.32
1995-08-04,23.89,13.83,0.69
1995-08-05,24.95,13.89,1.11
1995-08-06,24.47,14.53,1.70
1995-08-07,27.42,17.22,3.72
1995-08-08,25.99,14.97,2.94
1995-08-09,27.42,13.61,4.30
1995-08-10,25.38,15.46,6.46
1995-08-11,24.75,13.18,2.06
1995-08-12,28.30,12.74,0.72
1995-08-13,29.04,7.80,0.76
1995-08-14,28.64,9.60,0.99
1995-08-15,24.85,12.28,4.84
1995-08-16,24.62,15.95,4.25
1995-08-17,28.25,15.01,4.30
1995-08-18,31.16,18.88,6.34
1995-08-19,31.70,21.23,7.63
1995-08-20,32.54,18.42,9.33
1995-08-21,30.05,18.31,5.07
1995-08-22,27.83,17.41,4.17
1995-08-23,30.44,13.93,1.52
1995-08-24,29.38,13.97,2.92
1995-08-25,28.75,18.45,3.97
1995-08-26,27.51,16.31,4.29
1995-08-27,26.49,17.65,2.16
1995-08-28,28.18,15.99,2.57
1995-08-29,30.00,20.76,3.51
1995-08-30,28.20,23.79,2.71
1995-08-31,28.79,21.73,3.42
1995-09-01,29.81,23.12,5.20
1995-09-02,30.52,24.01,11.51
1995-09-03,32.29,24.67,14.33
1995-09-04,33.15,21.04,13.45
1995-09-05,31.27,18.85,6.37
1995-09-06,29.27,18.57,7.30
1995-09-07,29.62,17.96,3.72
1995-09-08,29.51,18.27,5.57
1995-09-09,32.63,18.59,3.60
1995-09-10,26.16,16.23,4.87
1995-09-11,26.46,20.65,6.90
1995-09-12,23.31,15.35,12.87
1995-09-13,27.68,15.84,5.96
1995-09-14,29.45,22.93,9.38
1995-09-15,27.66,24.66,7.60
1995-09-16,22.37,23.56,5.23
1995-09-17,32.16,16.18,3.08
1995-09-18,30.22,13.18,2.04
1995-09-19,29.21,18.51,6.58
1995-09-20,30.80,22.57,11.18
1995-09-21,30.25,17.70,6.96
1995-09-22,31.95,16.54,5.61
1995-09-23,30.09,17.44,6.02
1995-09-24,29.63,22.17,5.50
1995-09-25,30.48,15.62,3.83
1995-09-26,30.25,18.61,6.93
1995-09-27,27.69,17.25,12.88
1995-09-28,27.93,17.09,14.46
1995-09-29,28.92,20.93,13.38
1995-09-30,32.10,19.39,14.40
1995-10-01,33.46,20.30,12.78
1995-10-02,30.93,16.71,12.18
1995-10-03,31.31,14.37,7.95
1995-10-04,29.95,17.39,8.67
1995-10-05,30.23,20.35,6.63
1995-10-06,29.76,14.87,5.28
1995-10-07,29.44,17.71,4.38
1995-10-08,30.35,23.05,8.05
1995-10-09,30.20,25.52,12.77
1995-10-10,30.02,22.02,5.53
1995-10-11,30.18,18.49,4.99
1995-10-12,29.60,16.77,5.28
1995-10-13,31.02,23.04,6.62
1995-10-14,31.08,25.24,6.94
1995-10-15,31.46,24.66,6.18
1995-10-16,31.95,24.76,9.49
1995-10-17,30.96,25.32,10.34
1995-10-18,31.71,24.75,12.88
1995-10-19,30.80,24.05,8.73
1995-10-20,31.23,29.53,15.19
1995-10-21,31.97,27.11,13.89
1995-10-22,31.60,23.97,8.48
1995-10-23,32.56,25.00,12.11
1995-10-24,30.66,22.87,7.60
1995-10-25,30.88,22.01,9.92
1995-10-26,31.32,23.27,15.43
1995-10-27,31.74,26.58,16.39
1995-10-28,32.16,27.02,18.84
1995-10-29,32.93,26.13,20.32
1995-10-30,34.98,28.38,17.04
1995-10-31,32.92,28.53,16.76
1995-11-01,30.35,23.54,13.44
1995-11-02,28.68,22.82,7.76
1995-11-03,30.68,22.57,9.43
1995-11-04,29.96,24.67,13.78
1995-11-05,30.58,23.14,11.75
1995-11-06,31.80,29.27,12.09
1995-11-07,30.23,25.50,10.68
1995-11-08,29.81,21.07,13.80
1995-11-09,31.86,26.24,12.50
1995-11-10,32.45,26.32,14.71
1995-11-11,33.51,28.10,20.78
1995-11-12,32.19,24.40,21.00
1995-11-13,30.49,25.59,12.96
1995-11-14,28.36,23.65,14.24
1995-11-15,30.75,25.93,12.71
1995-11-16,31.29,26.31,11.77
1995-11-17,32.28,29.45,19.11
1995-11-18,32.55,27.91,12.92
1995-11-19,32.51,29.49,17.57
1995-11-20,31.73,26.21,9.53
1995-11-21,33.78,26.68,8.35
1995-11-22,32.38,26.94,14.24
1995-11-23,32.45,28.02,12.35
1995-11-24,33.15,25.27,8.97
1995-11-25,32.81,25.85,9.82
1995-11-26,32.68,26.01,13.39
1995-11-27,32.38,30.73,18.20
1995-11-28,34.97,28.55,19.22
1995-11-29,32.93,24.86,14.59
1995-11-30,33.89,22.23,12.69
1995-12-01,33.07,30.61,18.50
1995-12-02,30.73,31.25,18.48
1995-12-03,30.85,30.87,18.93
1995-12-04,31.06,29.98,19.23
1995-12-05,31.50,27.73,21.84
1995-12-06,32.10,26.19,16.77
1995-12-07,31.09,30.69,23.98
1995-12-08,29.03,25.78,21.32
1995-12-09,29.15,28.84,14.84
1995-12-10,30.81,27.01,16.41
1995-12-11,32.08,28.34,18.27
1995-12-12,32.02,29.41,19.14
1995-12-13,31.06,27.55,20.89
1995-12-14,31.12,27.91,18.33
1995-12-15,29.45,28.33,17.51
1995-12-16,30.35,29.31,18.12
1995-12-17,31.83,31.03,21.34
1995-12-18,32.29,30.54,24.03
1995-12-19,30.27,29.25,26.01
1995-12-20,30.50,25.52,18.04
1995-12-21,29.73,32.09,21.39
1995-12-22,31.48,28.77,23.28
1995-12-23,32.57,30.11,23.69
1995-12-24,31.28,31.12,26.13
1995-12-25,31.18,29.65,28.11
1995-12-26,31.06,29.50,25.36
1995-12-27,31.49,28.79,25.36
1995-12-28,32.52,28.63,22.62
1995-12-29,32.71,29.25,20.19
1995-12-30,32.16,28.09,19.55
1995-12-31,32.86,28.53,19.46
1996-01-01,30.12,29.50,17.60
1996-01-02,29.02,28.54,17.38
1996-01-03,30.78,23.69,13.15
1996-01-04,30.79,27.60,11.67
1996-01-05,30.07,30.62,15.09
1996-01-06,29.69,28.99,14.55
1996-01-07,30.71,29.45,15.48
1996-01-08,30.48,28.63,18.51
1996-01-09,30.21,29.82,18.04
1996-01-10,31.41,28.56,17.74
1996-01-11,31.94,26.38,13.05
1996-01-12,31.12,25.08,10.94
1996-01-13,31.09,30.91,18.03
1996-01-14,31.13,29.53,18.24
1996-01-15,31.03,29.90,18.15
1996-01-16,30.75,31.69,25.32
1996-01-17,29.37,28.84,22.83
1996-01-18,28.57,27.07,20.68
1996-01-19,29.79,27.99,24.02
1996-01-20,29.58,28.32,21.48
1996-01-21,29.61,29.85,19.13
1996-01-22,29.43,28.31,12.96
1996-01-23,29.30,28.44,15.91
1996-01-24,29.90,27.69,12.94
1996-01-25,30.53,28.46,10.05
1996-01-26,31.95,28.60,13.49
1996-01-27,32.83,31.31,12.82
1996-01-28,32.25,32.09,20.99
1996-01-29,32.85,30.61,20.63
1996-01-30,29.83,31.24,18.82
1996-01-31,28.82,29.27,18.79
1996-02-01,31.14,29.72,19.93
1996-02-02,30.75,29.57,16.14
1996-02-03,31.15,28.44,15.00
1996-02-04,30.66,26.28,9.64
1996-02-05,30.45,27.73,7.64
1996-02-06,30.97,29.56,10.69
1996-02-07,30.45,29.99,13.14
1996-02-08,29.83,29.51,15.30
1996-02-09,29.53,29.07,12.85
1996-02-10,29.85,30.31,16.27
1996-02-11,30.65,32.69,19.96
1996-02-12,32.12,31.76,23.17
1996-02-13,32.08,31.32,21.50
1996-02-14,31.36,32.23,23.18
1996-02-15,31.39,31.85,22.14
1996-02-16,32.79,31.46,24.52
1996-02-17,31.00,31.15,21.33
1996-02-18,30.15,30.77,20.33
1996-02-19,31.26,26.56,11.85
1996-02-20,31.44,28.59,10.29
1996-02-21,31.96,28.20,10.49
1996-02-22,33.34,27.91,9.73
1996-02-23,33.24,29.91,13.81
1996-02-24,30.54,30.48,16.41
1996-02-25,30.42,30.43,16.59
1996-02-26,31.07,30.32,16.54
1996-02-27,30.54,30.27,15.79
1996-02-28,30.52,30.48,21.63
1996-02-29,31.92,28.95,26.46
1996-03-01,31.21,23.95,20.33
1996-03-02,30.75,29.32,20.14
1996-03-03,30.19,29.90,23.38
1996-03-04,30.16,29.14,24.15
1996-03-05,31.29,29.51,19.94
1996-03-06,32.16,30.54,15.29
1996-03-07,32.55,29.77,15.55
1996-03-08,31.86,29.94,16.31
1996-03-09,31.53,28.84,21.23
1996-03-10,31.39,27.59,15.92
1996-03-11,30.65,26.81,12.05
1996-03-12,29.57,24.94,9.49
1996-03-13,29.48,25.84,9.20
1996-03-14,29.50,29.00,11.63
1996-03-15,30.93,29.09,13.58
1996-03-16,30.70,30.22,14.03
1996-03-17,29.82,28.82,16.78
1996-03-18,29.16,26.15,21.80
1996-03-19,31.09,26.66,20.68
1996-03-20,30.19,28.02,20.92
1996-03-21,32.31,28.08,14.69
1996-03-22,32.25,31.22,20.93
1996-03-23,30.56,29.20,23.00
1996-03-24,31.16,25.80,17.16
1996-03-25,30.43,23.02,9.49
1996-03-26,30.77,24.84,9.12
1996-03-27,31.44,28.98,14.32
1996-03-28,31.05,27.92,13.03
1996-03-29,31.63,26.67,11.51
1996-03-30,30.36,25.78,9.96
1996-03-31,31.41,27.78,11.77
1996-04-01,31.50,22.98,7.76
1996-04-02,29.48,13.13,8.79
1996-04-03,27.46,11.53,12.84
1996-04-04,27.62,20.23,18.04
1996-04-05,30.11,15.92,11.29
1996-04-06,30.47,24.84,9.36
1996-04-07,30.62,27.12,12.05
1996-04-08,29.20,24.14,9.08
1996-04-09,30.47,25.36,10.59
1996-04-10,29.02,23.10,11.18
1996-04-11,27.82,18.65,8.01
1996-04-12,28.43,23.29,8.07
1996-04-13,29.42,21.63,8.97
1996-04-14,29.41,17.58,7.39
1996-04-15,29.87,18.93,7.85
1996-04-16,28.68,25.01,11.02
1996-04-17,27.71,28.36,15.13
1996-04-18,26.69,24.12,14.64
1996-04-19,28.69,20.54,11.18
1996-04-20,29.59,21.68,9.86
1996-04-21,28.20,20.89,10.43
1996-04-22,26.26,22.67,10.90
1996-04-23,25.88,21.09,10.97
1996-04-24,24.50,18.67,11.56
1996-04-25,25.38,21.55,13.25
1996-04-26,26.61,24.06,14.04
1996-04-27,28.98,23.27,7.77
1996-04-28,29.31,24.04,9.23
1996-04-29,25.94,22.96,13.14
1996-04-30,27.39,25.76,15.01
1996-05-01,29.20,26.03,13.34
1996-05-02,29.22,26.17,14.27
1996-05-03,30.00,26.99,15.04
1996-05-04,31.18,26.02,18.68
1996-05-05,32.05,23.47,13.83
1996-05-06,31.89,22.53,10.46
1996-05-07,30.66,20.43,6.84
1996-05-08,31.78,22.45,8.59
1996-05-09,32.04,22.87,9.60
1996-05-10,27.96,27.37,15.73
1996-05-11,31.16,22.75,15.45
1996-05-12,30.49,21.41,13.64
1996-05-13,28.97,21.37,10.94
1996-05-14,30.38,20.09,12.53
1996-05-15,31.64,18.45,6.85
1996-05-16,30.31,12.88,3.44
1996-05-17,30.08,18.35,6.21
1996-05-18,27.33,18.57,6.09
1996-05-19,26.95,17.89,6.49
1996-05-20,26.26,18.65,5.98
1996-05-21,27.60,16.37,5.13
1996-05-22,28.64,15.23,9.06
1996-05-23,24.70,15.01,8.57
1996-05-24,29.06,14.00,8.39
1996-05-25,32.64,18.73,9.63
1996-05-26,31.06,19.72,12.73
1996-05-27,29.19,20.09,8.73
1996-05-28,27.98,17.40,7.27
1996-05-29,25.96,16.68,4.60
1996-05-30,25.47,18.09,8.43
1996-05-31,27.38,19.41,9.34
1996-06-01,28.33,19.25,8.18
1996-06-02,28.46,19.44,9.43
1996-06-03,30.92,20.96,9.72
1996-06-04,31.09,22.61,9.21
1996-06-05,28.59,19.69,4.88
1996-06-06,28.58,18.03,4.85
1996-06-07,30.30,21.91,7.31
1996-06-08,30.15,20.82,6.08
1996-06-09,30.14,21.34,9.97
1996-06-10,32.54,20.03,11.59
1996-06-11,29.08,18.46,6.45
1996-06-12,29.67,14.39,5.32
1996-06-13,25.48,11.30,6.16
1996-06-14,23.87,11.94,3.25
1996-06-15,25.04,12.54,2.33
1996-06-16,27.22,9.50,3.46
1996-06-17,26.35,10.05,1.93
1996-06-18,25.11,11.23,3.29
1996-06-19,24.05,13.20,2.89
1996-06-20,27.76,12.70,2.96
1996-06-21,26.38,19.37,4.63
1996-06-22,29.75,18.01,5.99
1996-06-23,30.09,17.97,5.74
1996-06-24,27.67,13.85,7.90
1996-06-25,24.08,13.80,5.82
1996-06-26,23.78,11.88,2.72
1996-06-27,25.95,12.84,3.39
1996-06-28,25.95,16.43,4.98
1996-06-29,26.23,16.81,5.92
1996-06-30,23.91,12.87,3.04
1996-07-01,24.94,11.44,1.90
1996-07-02,27.71,15.27,5.15
1996-07-03,28.45,16.47,5.70
1996-07-04,27.22,11.14,3.14
1996-07-05,28.11,13.24,4.86
1996-07-06,26.93,14.97,6.35
1996-07-07,25.02,11.16,6.43
1996-07-08,23.68,13.70,6.77
1996-07-09,25.51,16.61,7.12
1996-07-10,27.66,19.63,6.30
1996-07-11,31.81,20.81,8.27
1996-07-12,31.68,20.56,7.37
1996-07-13,29.90,20.62,5.74
1996-07-14,30.30,18.50,5.66
1996-07-15,29.71,16.22,7.39
1996-07-16,31.45,15.86,8.46
1996-07-17,32.18,18.21,8.02
1996-07-18,29.80,20.16,6.30
1996-07-19,28.55,19.32,5.74
1996-07-20,29.93,21.94,9.53
1996-07-21,28.76,23.24,8.84
1996-07-22,30.98,17.26,5.72
1996-07-23,29.41,16.39,5.54
1996-07-24,30.19,17.51,8.97
1996-07-25,27.08,19.32,9.69
1996-07-26,28.26,18.75,5.27
1996-07-27,30.67,19.37,4.47
1996-07-28,31.76,22.39,7.90
1996-07-29,31.96,22.70,9.16
1996-07-30,32.65,23.06,11.73
1996-07-31,32.63,19.91,12.31
1996-08-01,27.16,15.85,5.88
1996-08-02,28.30,16.65,5.32
1996-08-03,32.05,16.88,6.45
1996-08-04,28.45,13.99,5.38
1996-08-05,29.32,13.49,4.88
1996-08-06,31.73,17.05,2.49
1996-08-07,28.84,16.73,6.82
1996-08-08,27.01,11.88,2.59
1996-08-09,27.90,17.47,2.02
1996-08-10,27.11,17.68,2.30
1996-08-11,28.62,19.15,5.51
1996-08-12,27.60,12.27,4.48
1996-08-13,26.96,12.12,3.04
1996-08-14,32.43,18.24,4.62
1996-08-15,30.55,24.39,11.41
1996-08-16,30.00,24.35,9.72
1996-08-17,30.16,22.71,12.21
1996-08-18,28.90,18.96,7.92
1996-08-19,29.44,15.44,8.67
1996-08-20,29.73,20.76,6.15
1996-08-21,27.87,18.97,2.97
1996-08-22,30.70,20.33,9.11
1996-08-23,29.82,14.79,3.63
1996-08-24,27.40,8.73,1.07
1996-08-25,25.38,11.95,3.88
1996-08-26,23.31,12.25,3.06
1996-08-27,23.87,15.40,4.13
1996-08-28,25.68,19.73,8.73
1996-08-29,25.65,20.78,10.83
1996-08-30,23.85,19.29,5.46
1996-08-31,34.26,18.27,5.34
1996-09-01,34.07,17.01,4.37
1996-09-02,29.27,12.16,1.35
1996-09-03,31.13,16.39,1.06
1996-09-04,29.83,17.23,2.57
1996-09-05,30.51,23.11,5.68
1996-09-06,29.13,22.57,3.57
1996-09-07,29.26,12.33,2.04
1996-09-08,29.71,17.06,2.97
1996-09-09,32.17,20.79,3.99
1996-09-10,28.40,25.55,11.20
1996-09-11,31.00,21.55,8.28
1996-09-12,30.02,21.01,6.72
1996-09-13,29.74,19.70,4.99
1996-09-14,30.55,21.94,8.46
1996-09-15,29.36,25.73,11.02
1996-09-16,27.13,29.16,16.53
1996-09-17,30.77,16.40,16.94
1996-09-18,32.20,17.87,7.33
1996-09-19,28.27,20.41,7.72
1996-09-20,28.74,21.11,6.74
1996-09-21,30.59,21.20,7.14
1996-09-22,31.21,22.89,12.82
1996-09-23,29.50,22.81,15.26
1996-09-24,30.52,16.82,14.77
1996-09-25,31.66,19.27,14.13
1996-09-26,29.46,17.79,13.73
1996-09-27,28.73,23.85,16.14
1996-09-28,29.54,25.04,15.76
1996-09-29,27.12,26.12,17.35
1996-09-30,27.02,18.91,12.88
1996-10-01,31.50,24.56,13.66
1996-10-02,31.26,24.75,10.98
1996-10-03,30.17,18.25,5.47
1996-10-04,29.86,14.58,5.95
1996-10-05,30.06,22.72,6.44
1996-10-06,29.91,26.41,7.33
1996-10-07,31.44,25.22,10.78
1996-10-08,31.52,22.35,9.79
1996-10-09,31.36,18.89,12.38
1996-10-10,28.98,12.32,8.69
1996-10-11,27.92,19.17,15.76
1996-10-12,27.80,21.59,17.30
1996-10-13,29.64,21.96,13.17
1996-10-14,28.77,27.71,17.18
1996-10-15,30.16,20.91,7.68
1996-10-16,29.91,18.22,6.70
1996-10-17,30.11,21.69,6.87
1996-10-18,30.58,19.27,4.47
1996-10-19,31.04,21.65,10.48
1996-10-20,28.49,23.32,14.04
1996-10-21,30.36,24.35,17.14
1996-10-22,28.72,24.00,14.98
1996-10-23,29.84,17.60,12.63
1996-10-24,30.83,22.63,9.65
1996-10-25,33.55,27.34,7.89
1996-10-26,34.63,25.63,10.39
1996-10-27,34.76,29.28,11.17
1996-10-28,31.65,30.30,15.24
1996-10-29,32.82,26.82,13.59
1996-10-30,31.81,24.34,15.00
1996-10-31,31.95,22.88,10.20
1996-11-01,31.56,23.57,7.66
1996-11-02,31.58,27.48,7.20
1996-11-03,32.15,28.60,9.09
1996-11-04,33.69,28.15,12.43
1996-11-05,34.66,25.21,7.12
1996-11-06,33.81,21.46,7.11
1996-11-07,32.04,22.20,10.26
1996-11-08,30.31,19.82,11.02
1996-11-09,30.29,27.77,14.09
1996-11-10,29.59,30.77,15.51
1996-11-11,31.27,29.70,13.20
1996-11-12,33.19,28.33,12.02
1996-11-13,31.07,28.37,12.98
1996-11-14,30.49,23.08,14.37
1996-11-15,32.29,27.68,11.98
1996-11-16,30.73,28.64,13.47
1996-11-17,28.80,25.86,11.60
1996-11-18,28.83,27.61,12.17
1996-11-19,27.61,30.93,14.26
1996-11-20,27.52,29.90,17.14
1996-11-21,29.28,25.12,12.32
1996-11-22,30.60,27.23,9.46
1996-11-23,29.89,29.32,15.51
1996-11-24,32.00,29.85,20.42
1996-11-25,32.16,27.52,19.65
1996-11-26,33.64,28.43,12.81
1996-11-27,32.06,28.62,15.29
1996-11-28,31.45,25.61,12.50
1996-11-29,32.08,29.62,12.30
1996-11-30,28.82,32.03,18.96
1996-12-01,30.73,26.16,12.13
1996-12-02,30.94,27.27,9.84
1996-12-03,31.25,26.71,14.57
1996-12-04,29.36,24.95,16.13
1996-12-05,29.54,20.60,14.12
1996-12-06,29.48,27.40,11.33
1996-12-07,29.99,28.40,12.33
1996-12-08,31.86,17.45,12.78
1996-12-09,30.16,24.11,18.02
1996-12-10,28.90,27.24,22.05
1996-12-11,31.13,23.89,25.36
1996-12-12,31.48,31.14,26.53
1996-12-13,32.40,29.64,25.85
1996-12-14,32.11,29.03,19.94
1996-12-15,32.38,30.29,15.04
1996-12-16,32.90,30.71,15.86
1996-12-17,32.63,33.65,17.30
1996-12-18,33.56,31.22,12.22
1996-12-19,32.64,29.63,13.50
1996-12-20,31.30,27.53,14.30
1996-12-21,32.43,29.95,10.37
1996-12-22,31.66,31.65,12.54
1996-12-23,31.59,31.09,14.66
1996-12-24,32.66,32.01,14.58
1996-12-25,30.29,32.12,13.35
1996-12-26,31.54,33.40,16.12
1996-12-27,30.76,31.93,16.01
1996-12-28,30.16,30.39,14.00
1996-12-29,30.58,30.38,14.76
1996-12-30,31.36,29.30,13.60
1996-12-31,29.24,28.64,16.70
1997-01-01,30.00,31.69,19.89
1997-01-02,29.98,32.02,16.87
1997-01-03,30.09,33.02,15.98
1997-01-04,29.46,31.41,17.87
1997-01-05,30.94,29.67,12.42
1997-01-06,31.23,28.15,12.15
1997-01-07,30.26,26.08,12.69
1997-01-08,31.01,32.65,14.42
1997-01-09,30.20,32.58,21.16
1997-01-10,29.84,32.01,15.55
1997-01-11,28.75,31.19,15.31
1997-01-12,29.08,28.96,13.31
1997-01-13,29.38,30.40,14.40
1997-01-14,31.13,32.43,14.40
1997-01-15,31.39,32.41,19.44
1997-01-16,31.41,32.58,23.95
1997-01-17,30.36,30.69,18.48
1997-01-18,29.27,31.83,17.10
1997-01-19,28.57,31.73,17.45
1997-01-20,28.64,31.50,19.10
1997-01-21,30.32,30.81,22.44
1997-01-22,31.47,30.10,20.12
1997-01-23,31.41,31.51,13.95
1997-01-24,31.80,33.71,19.38
1997-01-25,32.33,30.30,20.59
1997-01-26,30.52,31.09,22.18
1997-01-27,31.16,27.52,24.51
1997-01-28,30.95,25.14,15.40
1997-01-29,30.21,30.68,13.57
1997-01-30,29.51,32.98,11.93
1997-01-31,31.14,29.91,11.12
1997-02-01,31.79,22.41,10.65
1997-02-02,32.23,29.98,9.14
1997-02-03,31.20,25.94,9.11
1997-02-04,30.92,27.47,10.80
1997-02-05,30.03,29.11,18.41
1997-02-06,29.38,33.09,24.88
1997-02-07,30.52,29.94,23.74
1997-02-08,30.38,32.98,18.74
1997-02-09,29.85,29.69,12.59
1997-02-10,31.11,34.88,19.36
1997-02-11,28.49,32.27,23.74
1997-02-12,30.32,31.59,17.12
1997-02-13,30.62,31.62,19.57
1997-02-14,31.14,31.48,22.73
1997-02-15,30.98,30.49,22.60
1997-02-16,31.67,31.50,17.32
1997-02-17,33.13,30.34,20.04
1997-02-18,29.20,29.17,12.79
1997-02-19,31.38,32.20,19.17
1997-02-20,30.11,31.10,18.34
1997-02-21,31.29,29.87,15.98
1997-02-22,31.66,32.20,17.73
1997-02-23,32.06,32.75,21.23
1997-02-24,32.07,30.11,15.25
1997-02-25,32.28,30.29,14.38
1997-02-26,31.89,31.75,21.59
1997-02-27,32.20,33.51,21.25
1997-02-28,32.39,35.31,24.25
1997-03-01,31.63,33.15,24.71
1997-03-02,31.57,31.56,27.25
1997-03-03,32.80,30.29,27.27
1997-03-04,35.90,29.96,26.89
1997-03-05,34.98,30.62,21.98
1997-03-06,35.37,30.60,17.72
1997-03-07,37.02,30.36,13.11
1997-03-08,36.33,32.74,18.65
1997-03-09,35.44,31.77,18.77
1997-03-10,37.35,32.12,18.11
1997-03-11,36.22,34.77,21.73
1997-03-12,33.49,34.96,23.47
1997-03-13,34.63,32.50,24.03
1997-03-14,32.70,29.21,25.10
1997-03-15,35.36,27.94,23.41
1997-03-16,34.61,29.59,15.64
1997-03-17,33.67,27.65,19.99
1997-03-18,32.85,22.72,20.25
1997-03-19,32.12,22.23,14.65
1997-03-20,31.34,25.95,17.21
1997-03-21,32.09,23.50,13.85
1997-03-22,31.77,18.32,11.29
1997-03-23,31.67,27.17,16.14
1997-03-24,32.66,26.18,14.07
1997-03-25,33.66,28.13,15.66
1997-03-26,33.94,27.75,16.44
1997-03-27,32.16,28.78,18.21
1997-03-28,31.69,31.10,19.21
1997-03-29,32.70,29.17,20.34
1997-03-30,34.59,28.91,24.80
1997-03-31,33.09,25.09,22.64
1997-04-01,29.16,28.11,13.26
1997-04-02,28.29,28.60,9.48
1997-04-03,29.19,28.59,10.65
1997-04-04,30.91,31.30,17.20
1997-04-05,30.44,30.13,19.42
1997-04-06,30.05,28.23,19.55
1997-04-07,31.08,29.27,20.55
1997-04-08,31.35,26.87,15.96
1997-04-09,31.25,28.32,15.48
1997-04-10,30.59,29.84,19.12
1997-04-11,30.95,28.91,19.52
1997-04-12,32.87,26.71,11.98
1997-04-13,34.14,26.82,13.19
1997-04-14,35.64,26.98,11.90
1997-04-15,35.51,27.11,10.89
1997-04-16,34.00,25.88,11.06
1997-04-17,31.61,22.54,11.77
1997-04-18,30.20,18.41,10.05
1997-04-19,27.20,22.52,8.07
1997-04-20,27.52,23.75,11.94
1997-04-21,26.88,23.48,10.69
1997-04-22,27.34,21.12,11.69
1997-04-23,27.35,18.02,11.96
1997-04-24,28.75,22.66,11.82
1997-04-25,28.23,26.36,13.84
1997-04-26,28.46,24.96,12.09
1997-04-27,30.28,25.68,11.33
1997-04-28,28.73,27.29,10.43
1997-04-29,26.96,20.81,11.22
1997-04-30,30.12,23.44,12.30
1997-05-01,29.30,22.79,7.86
1997-05-02,30.01,25.63,8.87
1997-05-03,29.59,29.20,16.42
1997-05-04,30.34,25.96,18.13
1997-05-05,29.76,25.14,16.02
1997-05-06,29.52,28.02,16.64
1997-05-07,30.42,26.38,18.41
1997-05-08,31.71,24.53,16.06
1997-05-09,31.30,24.50,14.74
1997-05-10,27.12,22.27,15.35
1997-05-11,24.69,22.60,14.14
1997-05-12,26.24,21.20,14.20
1997-05-13,30.69,22.67,13.96
1997-05-14,29.98,22.13,12.11
1997-05-15,31.25,22.97,11.46
1997-05-16,32.91,18.43,7.36
1997-05-17,31.57,13.17,6.94
1997-05-18,28.63,12.15,5.51
1997-05-19,30.64,15.29,4.08
1997-05-20,28.07,11.77,4.78
1997-05-21,28.45,13.82,4.52
1997-05-22,28.69,18.43,5.74
1997-05-23,26.75,21.77,6.62
1997-05-24,30.52,19.52,9.62
1997-05-25,30.55,19.02,7.17
1997-05-26,26.49,16.99,11.16
1997-05-27,30.23,19.66,6.79
1997-05-28,29.08,18.13,6.77
1997-05-29,28.74,12.25,7.24
1997-05-30,29.08,12.32,7.01
1997-05-31,29.50,16.23,9.85
1997-06-01,27.17,18.53,10.55
1997-06-02,27.84,19.07,7.05
1997-06-03,28.51,11.02,6.45
1997-06-04,25.23,10.39,4.74
1997-06-05,27.22,10.84,2.10
1997-06-06,27.95,16.25,5.36
1997-06-07,28.58,18.30,3.91
1997-06-08,29.71,16.04,4.73
1997-06-09,29.03,15.85,4.93
1997-06-10,29.88,17.05,7.33
1997-06-11,31.16,10.18,9.14
1997-06-12,28.31,12.39,6.34
1997-06-13,28.39,12.65,5.87
1997-06-14,28.96,10.54,6.67
1997-06-15,27.00,12.90,5.46
1997-06-16,26.94,16.42,5.74
1997-06-17,26.39,17.71,7.05
1997-06-18,27.31,12.45,5.71
1997-06-19,30.22,9.62,3.86
1997-06-20,27.26,9.12,2.44
1997-06-21,27.88,8.82,2.79
1997-06-22,25.73,10.48,2.40
1997-06-23,24.74,9.09,2.10
1997-06-24,25.79,12.79,2.46
1997-06-25,29.00,12.92,1.59
1997-06-26,28.28,12.27,1.31
1997-06-27,27.11,13.18,-0.15
1997-06-28,25.58,13.04,1.74
1997-06-29,25.72,13.22,2.12
1997-06-30,26.61,16.18,3.38
1997-07-01,27.94,13.77,1.51
1997-07-02,27.44,12.78,0.86
1997-07-03,26.39,10.23,0.04
1997-07-04,24.87,18.06,2.52
1997-07-05,26.96,18.10,3.90
1997-07-06,32.17,17.49,5.45
1997-07-07,29.78,14.75,1.76
1997-07-08,28.13,12.98,3.15
1997-07-09,25.55,12.42,4.18
1997-07-10,25.73,14.35,5.32
1997-07-11,26.20,18.11,6.60
1997-07-12,28.17,12.19,6.16
1997-07-13,27.40,16.64,5.03
1997-07-14,26.25,16.88,3.19
1997-07-15,31.04,15.20,-0.38
1997-07-16,31.69,15.98,2.83
1997-07-17,30.33,17.60,5.10
1997-07-18,32.62,15.51,4.64
1997-07-19,34.79,17.27,5.86
1997-07-20,33.28,19.52,8.70
1997-07-21,30.43,16.87,5.22
1997-07-22,30.92,19.04,5.95
1997-07-23,33.17,21.41,10.21
1997-07-24,33.14,19.89,8.19
1997-07-25,33.41,22.11,6.28
1997-07-26,33.76,22.00,5.73
1997-07-27,29.69,20.34,5.64
1997-07-28,28.91,16.71,4.15
1997-07-29,28.12,15.43,3.73
1997-07-30,25.20,9.63,2.63
1997-07-31,28.05,10.19,3.73
1997-08-01,28.98,12.45,1.89
1997-08-02,28.10,11.53,1.27
1997-08-03,30.39,12.55,2.41
1997-08-04,30.78,15.52,3.46
1997-08-05,30.00,16.77,5.71
1997-08-06,28.99,18.76,4.44
1997-08-07,27.46,21.74,9.52
1997-08-08,30.32,22.23,13.33
1997-08-09,26.95,24.54,14.28
1997-08-10,24.40,22.76,7.22
1997-08-11,29.79,22.93,7.83
1997-08-12,31.56,23.60,8.69
1997-08-13,32.18,18.54,6.49
1997-08-14,32.47,16.44,6.07
1997-08-15,33.88,14.57,6.21
1997-08-16,32.86,10.51,4.36
1997-08-17,28.43,10.95,4.24
1997-08-18,26.78,9.32,4.45
1997-08-19,27.07,12.85,4.03
1997-08-20,30.90,14.75,7.63
1997-08-21,29.13,15.31,7.87
1997-08-22,30.43,16.88,8.86
1997-08-23,30.95,19.29,4.76
1997-08-24,29.72,20.72,6.12
1997-08-25,32.74,24.35,6.76
1997-08-26,33.10,24.90,7.58
1997-08-27,35.70,26.30,11.22
1997-08-28,35.69,26.19,13.45
1997-08-29,33.69,21.00,6.23
1997-08-30,33.51,15.50,4.54
1997-08-31,32.65,12.98,5.70
1997-09-01,34.48,17.05,8.21
1997-09-02,34.74,15.38,4.11
1997-09-03,31.73,13.11,7.20
1997-09-04,30.03,13.12,5.16
1997-09-05,31.61,21.54,5.93
1997-09-06,30.92,15.44,8.01
1997-09-07,29.28,12.61,5.06
1997-09-08,28.56,12.41,1.89
1997-09-09,27.12,13.50,3.98
1997-09-10,27.22,17.64,9.01
1997-09-11,28.96,14.22,8.22
1997-09-12,30.42,13.20,4.84
1997-09-13,30.43,16.50,2.52
1997-09-14,32.13,20.95,5.27
1997-09-15,32.14,26.27,8.47
1997-09-16,32.04,26.82,8.76
1997-09-17,31.71,27.13,11.86
1997-09-18,29.84,21.23,15.94
1997-09-19,27.36,16.31,11.12
1997-09-20,31.24,22.26,8.85
1997-09-21,32.87,23.38,11.22
1997-09-22,31.20,20.48,7.04
1997-09-23,29.19,19.14,6.67
1997-09-24,33.65,19.16,7.86
1997-09-25,33.47,23.66,11.56
1997-09-26,34.95,18.93,13.50
1997-09-27,34.31,14.12,7.54
1997-09-28,31.36,18.82,4.35
1997-09-29,30.43,22.60,8.87
1997-09-30,33.88,20.40,8.57
1997-10-01,36.20,24.86,11.22
1997-10-02,32.19,16.04,8.57
1997-10-03,31.39,18.05,6.41
1997-10-04,27.61,10.84,4.28
1997-10-05,28.96,16.14,6.39
1997-10-06,29.34,22.90,7.13
1997-10-07,33.04,23.83,12.11
1997-10-08,33.24,22.52,9.59
1997-10-09,34.53,20.43,6.92
1997-10-10,33.39,16.06,5.55
1997-10-11,32.77,17.89,6.41
1997-10-12,33.85,20.58,12.55
1997-10-13,29.09,17.77,11.96
1997-10-14,31.74,16.37,8.99
1997-10-15,29.10,19.58,8.44
1997-10-16,30.45,22.16,10.95
1997-10-17,31.10,22.10,11.34
1997-10-18,29.83,21.06,13.39
1997-10-19,31.96,22.27,10.71
1997-10-20,33.06,24.72,8.39
1997-10-21,31.00,24.02,8.95
1997-10-22,28.48,21.96,11.80
1997-10-23,29.52,26.09,7.84
1997-10-24,32.78,23.96,8.24
1997-10-25,34.64,23.13,7.39
1997-10-26,32.01,19.79,3.59
1997-10-27,31.78,17.02,4.70
1997-10-28,32.72,15.72,7.69
1997-10-29,33.09,18.30,10.23
1997-10-30,31.81,16.50,14.33
1997-10-31,31.98,28.09,16.10
1997-11-01,32.72,21.39,17.38
1997-11-02,32.59,23.88,15.45
1997-11-03,33.08,22.51,16.93
1997-11-04,33.66,20.11,10.22
1997-11-05,35.99,22.01,11.12
1997-11-06,36.56,23.37,14.16
1997-11-07,33.34,26.95,10.19
1997-11-08,32.96,22.09,11.23
1997-11-09,32.32,23.76,11.22
1997-11-10,33.97,21.45,8.09
1997-11-11,30.82,19.47,6.90
1997-11-12,29.86,17.45,9.07
1997-11-13,28.99,24.07,7.98
1997-11-14,28.83,26.99,8.35
1997-11-15,29.67,27.22,10.62
1997-11-16,32.23,25.55,18.95
1997-11-17,33.15,28.64,20.33
1997-11-18,32.09,26.97,16.90
1997-11-19,32.70,24.49,13.47
1997-11-20,31.78,25.87,9.33
1997-11-21,32.11,28.79,10.99
1997-11-22,30.91,29.24,8.12
1997-11-23,32.81,30.05,14.18
1997-11-24,32.69,23.90,14.52
1997-11-25,31.20,24.22,9.70
1997-11-26,31.46,24.76,5.32
1997-11-27,31.84,28.07,7.12
1997-11-28,30.81,29.51,13.45
1997-11-29,31.97,25.07,12.57
1997-11-30,31.97,28.45,10.82
1997-12-01,31.67,27.93,8.69
1997-12-02,31.55,26.05,8.89
1997-12-03,31.20,28.93,8.08
1997-12-04,32.64,29.09,12.34
1997-12-05,34.13,30.74,10.39
1997-12-06,34.20,31.28,12.02
1997-12-07,34.35,32.99,16.39
1997-12-08,34.48,30.38,18.67
1997-12-09,34.38,26.95,19.95
1997-12-10,34.73,26.74,16.51
1997-12-11,31.43,26.26,22.62
1997-12-12,33.04,17.75,17.64
1997-12-13,32.10,28.16,18.86
1997-12-14,32.89,32.43,15.08
1997-12-15,32.49,31.35,21.46
1997-12-16,33.04,27.49,19.66
1997-12-17,32.89,27.15,17.86
1997-12-18,34.46,28.33,18.91
1997-12-19,32.32,29.45,16.60
1997-12-20,31.14,28.62,14.58
1997-12-21,32.48,20.88,16.82
1997-12-22,34.21,28.48,16.46
1997-12-23,35.11,31.02,17.15
1997-12-24,34.20,31.79,13.18
1997-12-25,34.88,27.42,13.90
1997-12-26,33.72,24.48,9.95
1997-12-27,34.16,27.34,8.27
1997-12-28,33.45,29.05,10.76
1997-12-29,33.99,28.51,12.61
1997-12-30,32.01,28.76,21.10
1997-12-31,30.71,24.98,15.26
1998-01-01,31.03,30.72,16.48
1998-01-02,30.68,32.56,15.95
1998-01-03,33.84,33.19,20.33
1998-01-04,34.85,32.85,17.11
1998-01-05,33.55,31.64,10.90
1998-01-06,33.27,31.99,13.15
1998-01-07,32.35,32.52,20.45
1998-01-08,33.05,31.70,20.70
1998-01-09,33.73,30.29,19.27
1998-01-10,34.71,31.73,17.93
1998-01-11,33.53,33.41,18.69
1998-01-12,34.77,35.05,22.06
1998-01-13,33.65,29.59,15.96
1998-01-14,32.85,31.22,18.29
1998-01-15,32.60,34.05,18.11
1998-01-16,35.34,34.50,12.02
1998-01-17,35.28,37.30,19.13
1998-01-18,33.62,32.20,18.43
1998-01-19,33.53,31.04,18.40
1998-01-20,33.57,29.09,11.64
1998-01-21,33.91,29.82,11.56
1998-01-22,32.31,33.43,16.07
1998-01-23,32.85,31.76,15.00
1998-01-24,35.44,33.22,20.84
1998-01-25,32.83,29.66,17.75
1998-01-26,34.10,26.30,12.12
1998-01-27,34.56,27.88,10.09
1998-01-28,33.29,31.84,14.28
1998-01-29,33.52,31.23,16.73
1998-01-30,32.93,33.53,20.15
1998-01-31,34.97,34.85,20.43
1998-02-01,35.12,30.20,23.47
1998-02-02,34.33,25.04,17.65
1998-02-03,34.62,27.01,19.43
1998-02-04,34.85,28.35,14.89
1998-02-05,33.46,26.13,13.21
1998-02-06,35.71,29.70,13.42
1998-02-07,34.63,28.16,19.75
1998-02-08,32.69,29.55,15.58
1998-02-09,33.68,30.02,20.69
1998-02-10,33.82,30.62,25.23
1998-02-11,34.38,31.82,27.25
1998-02-12,33.96,29.29,26.86
1998-02-13,33.65,29.93,25.17
1998-02-14,33.67,32.92,28.83
1998-02-15,33.10,31.09,24.74
1998-02-16,35.28,26.71,19.36
1998-02-17,35.71,28.36,20.37
1998-02-18,32.95,28.04,23.26
1998-02-19,32.80,26.45,20.22
1998-02-20,34.15,27.75,22.29
1998-02-21,34.65,28.48,22.42
1998-02-22,35.85,24.14,23.18
1998-02-23,35.80,22.99,15.36
1998-02-24,35.27,26.47,16.61
1998-02-25,35.71,30.14,15.33
1998-02-26,34.77,28.91,17.14
1998-02-27,35.61,32.52,20.81
1998-02-28,33.67,33.91,22.73
1998-03-01,33.19,29.13,23.00
1998-03-02,33.57,27.38,15.12
1998-03-03,33.00,28.41,15.76
1998-03-04,33.95,24.22,12.17
1998-03-05,32.08,22.44,12.23
1998-03-06,32.44,22.48,11.07
1998-03-07,31.08,26.77,12.75
1998-03-08,31.50,29.66,13.81
1998-03-09,31.17,28.42,14.13
1998-03-10,31.57,23.68,21.95
1998-03-11,31.35,26.25,21.72
1998-03-12,32.45,25.61,22.38
1998-03-13,33.15,28.65,19.91
1998-03-14,32.66,25.84,21.07
1998-03-15,31.12,27.93,20.38
1998-03-16,32.11,25.29,22.22
1998-03-17,34.83,24.51,19.33
1998-03-18,36.08,27.44,12.67
1998-03-19,35.47,27.20,14.06
1998-03-20,33.22,26.73,17.39
1998-03-21,33.70,28.31,15.57
1998-03-22,33.17,27.26,12.10
1998-03-23,32.20,27.77,12.18
1998-03-24,31.93,31.38,17.83
1998-03-25,33.05,30.31,21.29
1998-03-26,33.35,24.67,12.43
1998-03-27,32.44,24.97,11.72
1998-03-28,30.91,25.85,15.93
1998-03-29,31.14,29.32,16.87
1998-03-30,31.49,29.47,16.89
1998-03-31,34.38,29.25,23.11
1998-04-01,34.24,30.73,22.08
1998-04-02,34.41,30.70,23.03
1998-04-03,34.41,25.97,19.84
1998-04-04,31.57,22.26,14.86
1998-04-05,30.38,23.41,13.42
1998-04-06,31.86,20.73,11.24
1998-04-07,32.59,24.14,18.65
1998-04-08,34.86,22.09,12.70
1998-04-09,33.89,16.73,10.62
1998-04-10,33.76,16.22,11.21
1998-04-11,32.98,20.16,10.26
1998-04-12,30.93,19.69,13.23
1998-04-13,30.99,17.37,15.65
1998-04-14,29.00,15.24,15.81
1998-04-15,28.40,17.65,14.94
1998-04-16,31.27,22.49,16.26
1998-04-17,32.29,25.51,16.80
1998-04-18,30.09,24.09,13.07
1998-04-19,32.02,20.56,13.35
1998-04-20,31.50,20.04,12.10
1998-04-21,29.52,19.26,9.06
1998-04-22,30.97,19.71,7.13
1998-04-23,32.69,21.17,7.44
1998-04-24,31.08,20.79,11.10
1998-04-25,29.09,21.22,12.58
1998-04-26,28.98,14.97,13.43
1998-04-27,30.50,19.68,13.59
1998-04-28,32.74,22.64,13.01
1998-04-29,33.10,20.92,12.18
1998-04-30,31.00,21.02,13.82
1998-05-01,31.19,20.49,10.90
1998-05-02,28.25,20.98,11.13
1998-05-03,27.57,21.26,11.58
1998-05-04,29.65,20.62,10.48
1998-05-05,31.57,20.48,9.91
1998-05-06,32.22,21.54,13.91
1998-05-07,31.07,21.51,8.62
1998-05-08,30.00,24.48,11.66
1998-05-09,31.32,23.32,11.44
1998-05-10,28.85,15.58,9.66
1998-05-11,28.15,15.82,8.99
1998-05-12,27.48,16.29,12.15
1998-05-13,28.10,15.11,12.17
1998-05-14,32.55,18.07,12.31
1998-05-15,33.26,22.26,15.46
1998-05-16,31.09,26.03,16.87
1998-05-17,32.74,25.73,17.31
1998-05-18,34.14,25.41,13.89
1998-05-19,32.85,23.00,14.83
1998-05-20,31.23,21.81,13.40
1998-05-21,31.86,20.28,12.10
1998-05-22,29.07,19.99,10.86
1998-05-23,33.56,17.76,10.21
1998-05-24,31.82,17.09,10.93
1998-05-25,30.27,15.79,10.51
1998-05-26,29.80,18.71,11.64
1998-05-27,28.63,12.91,8.39
1998-05-28,27.75,15.40,6.97
1998-05-29,27.09,17.05,7.83
1998-05-30,27.34,18.66,8.43
1998-05-31,26.66,17.94,7.24
1998-06-01,31.02,20.77,10.94
1998-06-02,30.36,20.47,12.84
1998-06-03,31.59,20.81,13.13
1998-06-04,32.19,19.47,13.57
1998-06-05,31.09,11.98,6.08
1998-06-06,27.04,15.19,7.40
1998-06-07,27.21,17.02,6.56
1998-06-08,30.00,17.46,9.83
1998-06-09,25.85,15.44,9.17
1998-06-10,28.70,13.14,6.57
1998-06-11,30.14,15.05,8.04
1998-06-12,31.33,16.23,7.36
1998-06-13,27.45,14.84,7.64
1998-06-14,26.35,14.62,8.02
1998-06-15,21.81,11.05,6.09
1998-06-16,30.47,13.94,5.50
1998-06-17,25.32,16.93,4.36
1998-06-18,28.32,18.42,5.51
1998-06-19,27.43,17.98,3.91
1998-06-20,25.89,17.05,4.28
1998-06-21,28.16,17.26,6.05
1998-06-22,28.34,17.37,4.63
1998-06-23,27.54,17.95,7.00
1998-06-24,28.42,20.31,9.66
1998-06-25,28.52,20.98,8.84
1998-06-26,30.79,20.56,10.01
1998-06-27,32.13,19.73,7.79
1998-06-28,29.69,15.36,5.50
1998-06-29,28.32,13.40,4.72
1998-06-30,26.19,15.00,4.05
1998-07-01,30.30,14.85,0.96
1998-07-02,28.71,17.52,4.32
1998-07-03,28.35,15.60,4.04
1998-07-04,27.76,17.98,2.23
1998-07-05,29.24,14.28,4.95
1998-07-06,28.72,15.35,3.66
1998-07-07,27.33,14.18,3.42
1998-07-08,26.52,16.57,4.59
1998-07-09,26.00,19.00,6.35
1998-07-10,28.22,18.53,8.38
1998-07-11,27.04,17.63,6.29
1998-07-12,29.76,17.71,7.21
1998-07-13,29.65,16.24,5.54
1998-07-14,30.72,14.53,4.68
1998-07-15,27.43,13.68,4.85
1998-07-16,25.15,10.80,2.54
1998-07-17,26.75,13.71,1.51
1998-07-18,30.52,18.08,4.39
1998-07-19,27.16,15.57,6.42
1998-07-20,30.95,17.71,6.64
1998-07-21,30.95,16.32,7.17
1998-07-22,27.79,15.95,8.22
1998-07-23,24.72,13.34,7.83
1998-07-24,26.52,15.05,7.42
1998-07-25,27.88,19.93,8.80
1998-07-26,29.00,16.41,3.16
1998-07-27,28.75,14.30,3.16
1998-07-28,27.23,18.03,4.91
1998-07-29,26.36,21.26,9.27
1998-07-30,28.75,16.48,7.40
1998-07-31,28.72,19.31,8.40
1998-08-01,29.77,20.08,5.00
1998-08-02,28.88,18.04,6.85
1998-08-03,29.60,16.40,8.22
1998-08-04,29.11,19.06,10.19
1998-08-05,28.84,18.87,5.35
1998-08-06,26.86,16.34,5.91
1998-08-07,28.21,16.37,3.80
1998-08-08,26.65,15.83,3.57
1998-08-09,26.92,14.80,5.00
1998-08-10,27.29,13.78,7.64
1998-08-11,28.52,16.61,3.35
1998-08-12,27.74,13.01,2.53
1998-08-13,20.05,17.73,1.56
1998-08-14,26.31,17.34,2.31
1998-08-15,27.72,16.75,4.36
1998-08-16,27.69,14.32,3.04
1998-08-17,27.89,17.51,2.89
1998-08-18,29.94,14.90,0.28
1998-08-19,27.47,15.55,2.17
1998-08-20,28.25,18.12,4.64
1998-08-21,28.15,19.73,6.45
1998-08-22,26.89,17.49,5.80
1998-08-23,28.56,16.18,2.36
1998-08-24,23.46,12.57,5.16
1998-08-25,29.21,18.07,9.36
1998-08-26,30.74,21.07,10.61
1998-08-27,28.60,21.68,5.16
1998-08-28,30.84,21.61,7.29
1998-08-29,32.00,26.00,11.00
1998-08-30,33.70,22.48,12.57
1998-08-31,31.41,16.96,6.41
1998-09-01,25.46,14.47,9.80
1998-09-02,26.14,16.49,6.30
1998-09-03,27.52,16.43,6.11
1998-09-04,27.95,17.55,12.18
1998-09-05,25.41,19.91,13.67
1998-09-06,24.99,14.72,6.41
1998-09-07,26.50,17.36,1.62
1998-09-08,30.81,16.80,4.86
1998-09-09,29.75,22.22,4.56
1998-09-10,29.35,12.85,3.21
1998-09-11,30.03,11.57,3.82
1998-09-12,30.67,16.25,3.00
1998-09-13,30.87,21.98,7.88
1998-09-14,34.00,23.51,11.21
1998-09-15,32.35,25.57,11.89
1998-09-16,29.29,19.51,10.68
1998-09-17,31.84,15.32,7.58
1998-09-18,27.98,18.68,4.99
1998-09-19,29.15,19.26,7.57
1998-09-20,31.50,25.14,9.43
1998-09-21,30.79,23.75,6.38
1998-09-22,28.06,14.89,8.45
1998-09-23,27.88,19.90,9.01
1998-09-24,30.44,21.64,9.62
1998-09-25,29.05,15.16,7.65
1998-09-26,28.92,12.01,9.35
1998-09-27,28.67,17.24,4.71
1998-09-28,28.02,19.83,6.68
1998-09-29,28.43,24.13,9.89
1998-09-30,32.01,23.32,10.79
1998-10-01,34.56,27.25,16.90
1998-10-02,32.62,27.82,14.40
1998-10-03,30.66,21.02,6.81
1998-10-04,30.91,22.77,6.80
1998-10-05,29.33,24.50,10.41
1998-10-06,30.12,23.90,14.00
1998-10-07,33.39,25.29,12.57
1998-10-08,32.60,26.42,12.35
1998-10-09,30.63,20.21,14.22
1998-10-10,31.97,23.36,9.42
1998-10-11,33.80,24.93,8.68
1998-10-12,28.84,20.93,11.76
1998-10-13,28.57,24.00,15.00
1998-10-14,27.03,27.67,16.35
1998-10-15,29.06,25.16,13.92
1998-10-16,31.61,26.54,12.47
1998-10-17,30.89,29.63,13.56
1998-10-18,32.21,26.97,13.70
1998-10-19,33.27,25.51,12.15
1998-10-20,32.08,27.61,12.66
1998-10-21,32.93,25.99,15.39
1998-10-22,28.46,21.41,8.40
1998-10-23,28.21,28.64,17.07
1998-10-24,30.01,22.70,14.94
1998-10-25,30.86,24.41,11.93
1998-10-26,30.97,26.23,9.71
1998-10-27,31.09,28.69,10.98
1998-10-28,31.55,29.14,12.11
1998-10-29,33.04,28.42,16.27
1998-10-30,33.57,28.96,20.62
1998-10-31,34.17,27.70,21.56
1998-11-01,33.06,27.70,17.51
1998-11-02,32.03,27.99,19.46
1998-11-03,32.48,26.21,10.47
1998-11-04,32.01,26.46,12.88
1998-11-05,31.90,23.07,13.83
1998-11-06,33.52,22.41,12.80
1998-11-07,32.74,23.28,9.02
1998-11-08,31.60,25.21,11.26
1998-11-09,29.68,25.64,14.43
1998-11-10,30.89,23.29,11.94
1998-11-11,32.84,25.30,13.13
1998-11-12,32.52,28.32,13.48
1998-11-13,31.03,26.16,8.56
1998-11-14,31.26,27.43,10.75
1998-11-15,31.62,23.26,7.96
1998-11-16,30.64,22.32,12.37
1998-11-17,32.40,31.51,23.17
1998-11-18,32.15,28.14,21.95
1998-11-19,31.21,27.67,18.58
1998-11-20,28.39,29.95,21.55
1998-11-21,31.43,29.18,12.19
1998-11-22,31.11,28.55,14.27
1998-11-23,30.45,25.61,10.59
1998-11-24,29.13,22.80,10.91
1998-11-25,30.52,27.42,11.09
1998-11-26,31.43,28.13,9.19
1998-11-27,32.05,25.66,8.83
1998-11-28,31.96,27.74,11.62
1998-11-29,30.07,28.58,15.19
1998-11-30,29.09,27.40,14.89
1998-12-01,30.17,27.72,14.77
1998-12-02,31.40,28.89,17.69
1998-12-03,29.82,27.51,18.54
1998-12-04,31.03,31.42,16.88
1998-12-05,30.89,32.21,22.04
1998-12-06,28.21,27.80,13.56
1998-12-07,29.82,28.00,13.11
1998-12-08,31.12,27.40,12.21
1998-12-09,31.41,31.80,21.68
1998-12-10,33.01,29.75,18.10
1998-12-11,33.12,28.13,14.91
1998-12-12,33.11,23.74,14.73
1998-12-13,33.88,29.37,14.82
1998-12-14,33.01,29.01,15.92
1998-12-15,31.52,26.64,11.83
1998-12-16,31.58,29.52,18.17
1998-12-17,29.86,28.89,19.88
1998-12-18,30.39,28.64,12.98
1998-12-19,32.95,26.39,13.66
1998-12-20,31.74,23.59,13.35
1998-12-21,30.64,29.40,19.49
1998-12-22,29.57,33.86,18.73
1998-12-23,31.16,29.50,18.61
1998-12-24,30.64,29.57,20.65
1998-12-25,31.63,30.63,19.59
1998-12-26,30.62,32.60,12.25
1998-12-27,30.49,30.67,11.79
1998-12-28,30.49,30.13,14.63
1998-12-29,29.44,31.12,16.59
1998-12-30,31.28,29.06,16.09
1998-12-31,32.05,29.65,20.25
1999-01-01,32.54,30.69,18.35
1999-01-02,32.60,29.66,19.11
1999-01-03,32.22,28.18,11.49
1999-01-04,31.87,27.09,12.45
1999-01-05,31.35,27.60,16.28
1999-01-06,29.98,30.07,19.71
1999-01-07,31.54,27.20,11.36
1999-01-08,32.23,29.02,13.31
1999-01-09,31.66,31.50,23.81
1999-01-10,31.78,27.84,24.61
1999-01-11,32.06,26.25,15.56
1999-01-12,30.18,28.55,20.38
1999-01-13,30.48,30.69,27.04
1999-01-14,29.41,29.37,29.58
1999-01-15,28.69,26.90,24.32
1999-01-16,28.98,25.07,20.47
1999-01-17,28.48,23.57,17.60
1999-01-18,29.02,29.46,22.26
1999-01-19,29.00,28.43,24.96
1999-01-20,30.36,26.46,22.60
1999-01-21,31.28,29.57,26.95
1999-01-22,31.19,28.41,26.98
1999-01-23,30.74,26.61,20.92
1999-01-24,30.98,32.37,23.70
1999-01-25,30.48,30.88,22.69
1999-01-26,29.40,28.38,21.52
1999-01-27,30.35,29.60,25.75
1999-01-28,30.82,30.41,28.63
1999-01-29,32.46,28.41,25.81
1999-01-30,33.98,29.06,15.82
1999-01-31,33.02,29.09,14.15
1999-02-01,34.30,26.80,12.11
1999-02-02,33.98,29.55,10.44
1999-02-03,31.48,30.04,11.31
1999-02-04,32.03,30.08,19.11
1999-02-05,30.73,29.62,17.48
1999-02-06,30.70,27.08,13.01
1999-02-07,31.72,30.90,18.85
1999-02-08,29.56,30.61,21.94
1999-02-09,32.82,29.64,21.77
1999-02-10,32.94,30.20,26.66
1999-02-11,31.83,28.28,25.68
1999-02-12,32.38,27.20,15.08
1999-02-13,33.15,30.86,17.96
1999-02-14,32.00,29.88,17.65
1999-02-15,32.58,28.47,15.92
1999-02-16,31.17,30.82,19.87
1999-02-17,29.98,29.95,20.21
1999-02-18,29.19,29.76,24.46
1999-02-19,29.04,29.40,21.38
1999-02-20,30.94,29.52,25.93
1999-02-21,30.40,29.34,25.00
1999-02-22,30.84,30.55,22.94
1999-02-23,31.09,30.16,15.33
1999-02-24,31.48,30.75,18.64
1999-02-25,30.60,27.83,13.48
1999-02-26,31.27,32.47,20.83
1999-02-27,29.96,31.55,23.10
1999-02-28,29.54,25.61,14.53
1999-03-01,29.03,24.79,8.85
1999-03-02,29.31,27.37,12.97
1999-03-03,30.22,27.05,15.38
1999-03-04,30.40,25.99,12.70
1999-03-05,31.35,25.12,13.90
1999-03-06,29.46,15.80,13.88
1999-03-07,29.86,22.21,9.62
1999-03-08,29.38,25.93,11.64
1999-03-09,30.39,28.13,21.84
1999-03-10,30.64,28.84,23.12
1999-03-11,28.35,28.34,22.55
1999-03-12,30.55,26.93,22.43
1999-03-13,31.03,22.53,20.90
1999-03-14,32.92,27.17,14.62
1999-03-15,32.27,24.36,12.91
1999-03-16,29.94,25.32,10.95
1999-03-17,29.40,26.22,17.62
1999-03-18,29.77,24.50,16.05
1999-03-19,30.36,26.94,16.44
1999-03-20,31.14,27.06,14.07
1999-03-21,30.42,27.71,17.94
1999-03-22,30.75,28.14,18.60
1999-03-23,31.90,25.98,12.73
1999-03-24,33.02,25.77,15.57
1999-03-25,33.26,27.80,17.53
1999-03-26,32.43,24.83,18.66
1999-03-27,31.78,21.55,13.22
1999-03-28,30.27,24.94,10.50
1999-03-29,30.79,26.37,11.22
1999-03-30,31.02,25.34,14.67
1999-03-31,31.67,24.76,16.77
1999-04-01,29.81,21.91,13.47
1999-04-02,31.68,22.09,15.37
1999-04-03,32.17,21.90,18.36
1999-04-04,30.20,24.16,10.89
1999-04-05,30.82,26.62,9.77
1999-04-06,32.46,26.65,13.00
1999-04-07,33.24,25.49,16.48
1999-04-08,31.75,23.74,14.62
1999-04-09,29.01,21.89,15.52
1999-04-10,29.31,23.88,13.59
1999-04-11,27.99,25.31,13.38
1999-04-12,27.08,25.34,14.29
1999-04-13,27.59,24.34,10.83
1999-04-14,29.48,21.48,6.50
1999-04-15,31.07,22.17,6.92
1999-04-16,30.90,26.83,13.23
1999-04-17,30.80,27.75,17.54
1999-04-18,32.05,23.96,17.68
1999-04-19,31.60,23.97,12.71
1999-04-20,30.55,22.12,7.39
1999-04-21,31.09,23.40,7.82
1999-04-22,30.21,23.85,9.37
1999-04-23,28.18,26.80,12.53
1999-04-24,28.61,22.39,10.59
1999-04-25,27.69,14.75,9.81
1999-04-26,28.72,19.70,9.94
1999-04-27,26.87,24.81,14.21
1999-04-28,26.58,25.86,13.10
1999-04-29,28.93,24.46,12.06
1999-04-30,27.76,22.20,10.31
1999-05-01,29.76,22.93,8.91
1999-05-02,28.59,20.84,7.27
1999-05-03,28.26,16.98,6.33
1999-05-04,26.54,18.66,4.29
1999-05-05,26.25,19.44,6.97
1999-05-06,27.53,21.68,9.26
1999-05-07,25.34,24.93,10.60
1999-05-08,28.28,21.80,13.26
1999-05-09,29.09,21.84,13.58
1999-05-10,27.84,20.68,8.60
1999-05-11,28.90,22.53,13.03
1999-05-12,29.60,22.29,12.25
1999-05-13,31.53,20.38,11.82
1999-05-14,30.93,21.54,8.85
1999-05-15,30.10,22.25,9.13
1999-05-16,28.70,19.25,9.06
1999-05-17,27.98,20.41,9.04
1999-05-18,26.65,23.55,8.37
1999-05-19,28.23,23.26,10.68
1999-05-20,28.87,20.10,10.28
1999-05-21,29.85,18.94,8.90
1999-05-22,29.68,18.67,9.11
1999-05-23,28.38,15.79,8.89
1999-05-24,26.85,15.94,8.25
1999-05-25,21.60,13.57,4.10
1999-05-26,26.57,12.55,3.14
1999-05-27,27.65,11.47,4.62
1999-05-28,30.53,14.77,6.22
1999-05-29,29.91,21.04,7.57
1999-05-30,29.19,24.74,11.36
1999-05-31,27.74,22.75,7.74
1999-06-01,29.99,19.18,5.14
1999-06-02,29.64,18.85,4.86
1999-06-03,30.92,19.44,6.28
1999-06-04,26.37,19.19,5.36
1999-06-05,30.02,17.36,7.75
1999-06-06,28.73,18.70,8.40
1999-06-07,27.08,15.40,5.79
1999-06-08,23.52,13.43,4.57
1999-06-09,26.60,15.39,4.03
1999-06-10,27.98,17.71,2.39
1999-06-11,28.45,14.92,5.81
1999-06-12,29.92,19.50,7.48
1999-06-13,31.77,17.31,6.77
1999-06-14,29.14,15.12,4.62
1999-06-15,27.09,15.95,4.40
1999-06-16,26.55,15.01,3.09
1999-06-17,27.05,13.34,1.77
1999-06-18,25.67,16.58,5.38
1999-06-19,30.46,18.39,4.82
1999-06-20,27.97,17.53,4.83
1999-06-21,26.27,13.40,4.52
1999-06-22,27.50,11.71,2.43
1999-06-23,25.85,11.86,5.62
1999-06-24,27.60,10.92,2.65
1999-06-25,26.15,13.07,3.25
1999-06-26,29.03,18.11,3.79
1999-06-27,24.66,15.06,4.54
1999-06-28,28.07,8.61,1.78
1999-06-29,30.11,13.76,4.95
1999-06-30,25.90,13.66,2.30
1999-07-01,23.89,10.49,3.02
1999-07-02,23.68,12.29,5.26
1999-07-03,21.92,13.27,5.99
1999-07-04,22.89,14.40,7.90
1999-07-05,22.62,16.78,5.15
1999-07-06,25.38,18.13,4.86
1999-07-07,27.93,18.23,6.32
1999-07-08,29.45,17.79,7.47
1999-07-09,28.17,15.16,3.50
1999-07-10,26.34,14.45,2.93
1999-07-11,24.77,9.39,2.94
1999-07-12,25.09,11.71,3.62
1999-07-13,24.48,11.47,3.85
1999-07-14,27.99,9.19,2.93
1999-07-15,26.65,10.69,4.08
1999-07-16,29.67,13.76,6.04
1999-07-17,24.76,14.93,5.56
1999-07-18,26.21,13.51,4.22
1999-07-19,25.65,13.10,3.86
1999-07-20,27.22,14.44,2.04
1999-07-21,27.38,15.84,3.98
1999-07-22,26.66,17.42,0.99
1999-07-23,27.59,18.11,3.95
1999-07-24,29.15,20.38,5.46
1999-07-25,29.41,20.51,4.65
1999-07-26,29.43,20.62,4.87
1999-07-27,33.00,22.29,8.26
1999-07-28,30.24,14.84,2.82
1999-07-29,29.06,10.76,2.01
1999-07-30,25.89,21.36,7.08
1999-07-31,28.80,22.45,7.14
1999-08-01,28.93,20.30,6.78
1999-08-02,30.08,20.14,11.77
1999-08-03,30.37,18.77,8.00
1999-08-04,28.95,19.72,3.26
1999-08-05,26.95,13.41,3.30
1999-08-06,28.34,12.25,1.74
1999-08-07,31.00,18.31,1.85
1999-08-08,29.19,19.88,3.12
1999-08-09,31.01,21.32,4.20
1999-08-10,29.47,21.98,4.47
1999-08-11,28.93,17.36,1.93
1999-08-12,28.77,16.99,2.38
1999-08-13,30.50,14.96,2.91
1999-08-14,29.72,20.81,5.93
1999-08-15,29.70,16.44,5.55
1999-08-16,31.68,17.25,5.35
1999-08-17,31.06,18.85,4.47
1999-08-18,27.20,19.29,6.60
1999-08-19,29.92,13.67,4.71
1999-08-20,26.74,12.22,4.36
1999-08-21,28.54,14.00,7.25
1999-08-22,26.65,16.21,8.23
1999-08-23,25.70,9.85,7.66
1999-08-24,26.95,13.26,7.68
1999-08-25,28.88,19.94,5.60
1999-08-26,28.12,19.48,10.97
1999-08-27,31.05,16.08,4.18
1999-08-28,31.92,18.39,7.36
1999-08-29,29.13,13.56,4.38
1999-08-30,31.02,9.61,4.28
1999-08-31,30.36,15.50,3.75
1999-09-01,28.78,12.69,3.04
1999-09-02,30.29,14.93,5.71
1999-09-03,31.00,16.09,5.78
1999-09-04,34.08,14.79,8.14
1999-09-05,33.50,11.05,3.54
1999-09-06,29.47,9.91,1.61
1999-09-07,27.56,7.43,1.77
1999-09-08,26.11,11.67,1.74
1999-09-09,27.82,17.11,2.44
1999-09-10,29.24,13.91,2.72
1999-09-11,28.63,19.47,5.08
1999-09-12,27.42,12.18,4.35
1999-09-13,26.47,13.56,2.14
1999-09-14,28.00,17.58,2.37
1999-09-15,30.08,21.09,2.81
1999-09-16,30.41,23.02,5.27
1999-09-17,29.82,23.22,4.60
1999-09-18,31.90,22.92,10.86
1999-09-19,30.84,23.73,10.78
1999-09-20,31.24,24.74,15.91
1999-09-21,32.01,22.86,14.63
1999-09-22,32.07,21.01,9.68
1999-09-23,32.80,19.83,10.39
1999-09-24,31.10,18.54,9.07
1999-09-25,31.51,18.09,12.03
1999-09-26,30.80,18.30,15.49
1999-09-27,31.78,17.10,11.08
1999-09-28,30.83,18.48,6.61
1999-09-29,30.64,24.18,12.51
1999-09-30,28.60,17.88,7.58
1999-10-01,27.25,12.24,12.27
1999-10-02,28.59,22.04,9.38
1999-10-03,30.02,20.91,10.39
1999-10-04,33.04,16.95,11.20
1999-10-05,32.68,16.04,10.31
1999-10-06,29.75,19.19,12.37
1999-10-07,32.13,24.20,16.47
1999-10-08,31.78,21.82,16.96
1999-10-09,29.89,17.72,15.21
1999-10-10,30.63,21.36,9.85
1999-10-11,28.33,17.23,10.01
1999-10-12,28.73,18.78,6.78
1999-10-13,30.37,20.31,10.53
1999-10-14,30.05,15.04,9.61
1999-10-15,30.17,19.39,7.42
1999-10-16,32.09,21.05,6.83
1999-10-17,30.15,24.18,9.59
1999-10-18,28.42,24.64,18.56
1999-10-19,29.90,22.66,11.95
1999-10-20,28.38,25.52,14.88
1999-10-21,28.19,27.96,21.87
1999-10-22,30.53,22.61,22.93
1999-10-23,32.75,22.21,24.15
1999-10-24,35.50,25.68,18.76
1999-10-25,33.70,24.85,16.04
1999-10-26,31.60,20.32,6.92
1999-10-27,31.21,17.64,7.78
1999-10-28,31.66,21.08,12.17
1999-10-29,32.09,22.98,17.11
1999-10-30,33.38,21.71,22.33
1999-10-31,28.34,13.08,15.31
1999-11-01,31.60,20.57,8.86
1999-11-02,29.95,22.68,11.25
1999-11-03,25.52,20.57,14.12
1999-11-04,30.69,24.93,10.44
1999-11-05,30.58,27.20,9.35
1999-11-06,32.39,23.08,8.82
1999-11-07,33.53,23.91,10.03
1999-11-08,32.60,25.96,17.17
1999-11-09,32.97,26.56,22.04
1999-11-10,32.79,26.96,16.66
1999-11-11,34.42,26.56,12.88
1999-11-12,35.27,27.91,14.32
1999-11-13,33.98,29.87,18.73
1999-11-14,33.68,25.42,9.27
1999-11-15,34.28,25.31,10.43
1999-11-16,33.80,27.11,18.06
1999-11-17,33.45,23.82,16.76
1999-11-18,31.86,25.55,11.75
1999-11-19,31.28,26.61,14.64
1999-11-20,28.90,25.89,18.82
1999-11-21,30.52,23.77,15.59
1999-11-22,32.54,28.87,19.23
1999-11-23,31.78,25.66,15.19
1999-11-24,31.28,24.40,12.23
1999-11-25,30.48,27.62,14.83
1999-11-26,28.63,28.94,16.12
1999-11-27,31.60,27.84,14.94
1999-11-28,32.26,27.87,15.55
1999-11-29,31.29,26.78,15.57
1999-11-30,29.47,21.64,15.30
1999-12-01,32.17,23.06,16.27
1999-12-02,31.50,30.31,17.83
1999-12-03,30.75,30.91,16.98
1999-12-04,31.95,27.25,9.03
1999-12-05,31.05,25.78,12.09
1999-12-06,31.28,25.74,14.66
1999-12-07,29.91,26.90,12.43
1999-12-08,30.36,29.98,15.95
1999-12-09,32.16,27.91,21.09
1999-12-10,32.71,23.71,23.42
1999-12-11,31.46,30.14,26.01
1999-12-12,31.30,28.79,20.81
1999-12-13,30.16,30.89,15.11
1999-12-14,30.84,29.58,13.50
1999-12-15,31.59,30.23,12.32
1999-12-16,31.80,27.85,16.33
1999-12-17,34.28,26.38,11.87
1999-12-18,33.65,26.50,14.04
1999-12-19,31.82,28.12,16.50
1999-12-20,30.75,28.91,16.52
1999-12-21,29.23,30.18,16.05
1999-12-22,28.26,30.49,21.02
1999-12-23,31.32,27.00,13.77
1999-12-24,31.43,29.45,14.41
1999-12-25,31.52,31.69,18.82
1999-12-26,30.40,32.06,16.52
1999-12-27,28.20,30.51,20.21
1999-12-28,28.50,28.09,17.48
1999-12-29,30.66,29.79,12.00
1999-12-30,30.77,30.68,16.00
1999-12-31,30.26,31.14,21.99
2000-01-01,29.36,28.95,20.50
2000-01-02,29.38,29.45,21.56
2000-01-03,30.06,28.34,17.27
2000-01-04,30.59,31.00,14.14
2000-01-05,30.01,30.20,16.05
2000-01-06,30.14,29.92,13.75
2000-01-07,31.52,29.58,13.93
2000-01-08,31.93,29.61,15.22
2000-01-09,32.06,30.68,15.96
2000-01-10,30.60,31.74,18.23
2000-01-11,29.46,30.93,19.48
2000-01-12,29.43,30.98,14.18
2000-01-13,29.67,29.02,18.97
2000-01-14,31.06,28.14,17.36
2000-01-15,31.21,26.41,16.43
2000-01-16,31.37,27.30,14.16
2000-01-17,29.42,29.56,19.71
2000-01-18,30.54,32.81,19.29
2000-01-19,29.85,34.72,18.57
2000-01-20,30.27,32.74,13.44
2000-01-21,30.64,31.39,13.45
2000-01-22,31.62,30.84,14.35
2000-01-23,31.43,30.92,13.71
2000-01-24,33.03,32.61,20.49
2000-01-25,32.51,32.12,21.55
2000-01-26,30.68,33.13,24.47
2000-01-27,29.27,31.41,22.33
2000-01-28,29.23,29.10,15.13
2000-01-29,31.25,29.36,14.88
2000-01-30,31.74,29.91,13.38
2000-01-31,31.90,31.03,18.44
2000-02-01,30.58,27.83,12.34
2000-02-02,31.73,28.98,15.06
2000-02-03,32.88,30.91,16.46
2000-02-04,32.92,28.37,10.33
2000-02-05,33.12,28.33,11.26
2000-02-06,33.06,31.26,16.72
2000-02-07,33.07,29.12,19.01
2000-02-08,32.23,29.54,13.22
2000-02-09,32.00,30.24,12.09
2000-02-10,31.63,30.68,12.78
2000-02-11,31.89,29.22,11.33
2000-02-12,32.68,20.26,11.85
2000-02-13,32.24,27.27,18.98
2000-02-14,31.72,30.20,24.17
2000-02-15,31.37,26.92,23.08
2000-02-16,31.49,28.86,18.38
2000-02-17,31.09,28.57,12.88
2000-02-18,31.34,29.42,22.43
2000-02-19,31.34,28.68,24.29
2000-02-20,31.15,29.31,25.64
2000-02-21,32.11,28.79,24.52
2000-02-22,32.09,27.47,18.62
2000-02-23,30.75,29.04,19.41
2000-02-24,30.31,29.09,15.48
2000-02-25,31.03,27.54,12.84
2000-02-26,31.41,20.82,9.91
2000-02-27,30.82,23.84,9.21
2000-02-28,31.23,30.40,11.15
2000-02-29,31.69,27.80,15.89
2000-03-01,30.45,27.46,16.11
2000-03-02,30.60,27.14,15.40
2000-03-03,31.78,28.49,14.58
2000-03-04,30.32,28.67,18.83
2000-03-05,30.59,31.21,19.20
2000-03-06,31.63,29.38,24.41
2000-03-07,30.91,28.54,24.84
2000-03-08,29.40,27.15,23.01
2000-03-09,30.99,26.30,15.88
2000-03-10,33.14,28.43,18.10
2000-03-11,32.19,28.14,15.73
2000-03-12,31.86,24.89,11.64
2000-03-13,31.51,26.29,10.86
2000-03-14,32.69,28.21,11.32
2000-03-15,33.65,27.05,10.96
2000-03-16,34.14,26.84,10.39
2000-03-17,32.49,28.93,14.01
2000-03-18,31.97,28.91,17.50
2000-03-19,32.74,24.93,10.30
2000-03-20,32.74,23.21,8.58
2000-03-21,32.34,31.42,14.13
2000-03-22,31.28,28.64,9.80
2000-03-23,30.61,24.14,9.87
2000-03-24,30.03,30.99,15.67
2000-03-25,30.17,26.66,10.57
2000-03-26,31.51,24.86,8.02
2000-03-27,31.98,25.17,7.86
2000-03-28,30.06,30.79,15.21
2000-03-29,29.88,27.28,14.45
2000-03-30,31.90,26.14,10.95
2000-03-31,33.05,28.89,19.55
2000-04-01,31.46,28.36,19.95
2000-04-02,30.38,23.64,20.70
2000-04-03,29.92,23.09,14.42
2000-04-04,28.70,25.58,10.20
2000-04-05,27.28,25.29,13.24
2000-04-06,27.55,23.16,14.94
2000-04-07,29.32,23.40,8.72
2000-04-08,30.22,24.19,8.99
2000-04-09,29.97,23.34,8.07
2000-04-10,30.29,27.26,10.73
2000-04-11,29.40,30.41,16.63
2000-04-12,27.35,27.19,15.95
2000-04-13,27.45,15.20,13.45
2000-04-14,29.68,17.56,13.82
2000-04-15,30.36,20.20,15.21
2000-04-16,29.12,19.76,14.36
2000-04-17,29.79,19.48,15.87
2000-04-18,29.26,22.46,12.65
2000-04-19,29.28,22.59,11.72
2000-04-20,28.80,22.69,11.84
2000-04-21,29.37,23.24,11.11
2000-04-22,29.65,26.25,9.39
2000-04-23,28.85,26.82,12.14
2000-04-24,28.98,21.37,10.76
2000-04-25,30.17,17.50,8.10
2000-04-26,31.80,20.76,9.39
2000-04-27,30.44,20.74,8.82
2000-04-28,30.50,24.33,10.45
2000-04-29,30.03,23.75,7.23
2000-04-30,28.95,23.32,7.21
2000-05-01,28.39,13.52,6.61
2000-05-02,26.75,16.11,5.21
2000-05-03,28.60,13.75,9.12
2000-05-04,29.52,16.68,10.20
2000-05-05,29.55,20.11,8.29
2000-05-06,29.19,24.56,10.44
2000-05-07,28.92,21.39,11.68
2000-05-08,25.41,21.82,10.92
2000-05-09,30.35,22.67,13.37
2000-05-10,30.21,19.83,13.56
2000-05-11,28.72,19.57,8.57
2000-05-12,27.22,19.93,11.16
2000-05-13,25.43,16.95,11.60
2000-05-14,23.51,13.48,11.62
2000-05-15,25.92,14.48,11.58
2000-05-16,28.51,19.68,12.39
2000-05-17,27.46,22.73,10.96
2000-05-18,27.96,16.70,11.76
2000-05-19,25.51,16.14,7.95
2000-05-20,26.91,16.41,6.12
2000-05-21,27.29,20.27,5.90
2000-05-22,31.92,22.62,10.90
2000-05-23,30.96,20.00,11.62
2000-05-24,28.77,11.52,6.22
2000-05-25,29.98,16.02,7.32
2000-05-26,27.65,18.97,9.82
2000-05-27,26.51,19.41,8.59
2000-05-28,27.04,17.42,8.16
2000-05-29,27.09,18.04,7.83
2000-05-30,25.42,17.47,7.38
2000-05-31,27.95,19.38,8.66
2000-06-01,22.64,20.07,7.08
2000-06-02,27.78,17.75,5.65
2000-06-03,31.80,20.29,4.87
2000-06-04,31.81,18.39,6.64
2000-06-05,31.23,16.05,4.23
2000-06-06,26.14,15.69,7.01
2000-06-07,28.68,17.51,4.69
2000-06-08,27.38,17.06,6.16
2000-06-09,29.21,15.01,6.22
2000-06-10,31.21,19.13,7.14
2000-06-11,31.80,17.22,6.26
2000-06-12,31.29,12.05,4.93
2000-06-13,29.81,11.59,4.96
2000-06-14,30.02,9.10,4.74
2000-06-15,26.85,11.91,5.89
2000-06-16,26.50,12.18,4.42
2000-06-17,26.77,11.54,3.41
2000-06-18,25.47,12.00,3.88
2000-06-19,26.62,11.54,4.45
2000-06-20,28.63,13.34,4.50
2000-06-21,28.63,14.81,5.63
2000-06-22,27.20,16.33,5.34
2000-06-23,27.20,12.64,5.09
2000-06-24,25.63,10.05,3.75
2000-06-25,25.59,11.74,2.37
2000-06-26,29.13,12.88,1.86
2000-06-27,27.59,8.13,3.87
2000-06-28,27.52,7.88,2.47
2000-06-29,28.70,10.04,2.47
2000-06-30,26.69,12.38,3.85
2000-07-01,26.52,10.24,1.44
2000-07-02,31.31,13.32,2.38
2000-07-03,30.28,16.88,2.03
2000-07-04,30.02,18.83,4.43
2000-07-05,30.20,18.35,4.51
2000-07-06,30.34,13.40,2.18
2000-07-07,30.45,10.35,2.42
2000-07-08,28.37,9.56,3.75
2000-07-09,23.58,9.00,1.55
2000-07-10,24.12,9.93,1.39
2000-07-11,28.93,11.38,0.19
2000-07-12,30.30,13.89,1.56
2000-07-13,31.49,17.43,3.91
2000-07-14,30.17,15.90,2.29
2000-07-15,32.17,17.00,5.97
2000-07-16,30.16,18.90,8.18
2000-07-17,28.64,17.41,3.44
2000-07-18,26.23,16.30,4.86
2000-07-19,27.46,18.55,1.57
2000-07-20,29.02,12.66,1.81
2000-07-21,26.72,9.23,1.70
2000-07-22,25.05,13.05,0.76
2000-07-23,29.32,16.86,2.33
2000-07-24,32.16,17.48,3.58
2000-07-25,33.03,20.68,7.67
2000-07-26,29.73,20.63,2.79
2000-07-27,31.58,19.47,5.68
2000-07-28,31.26,19.91,6.61
2000-07-29,31.95,17.99,6.68
2000-07-30,30.68,18.98,4.65
2000-07-31,29.73,18.18,4.51
2000-08-01,27.88,15.63,2.90
2000-08-02,30.53,17.56,4.36
2000-08-03,31.20,20.01,5.08
2000-08-04,29.23,15.59,3.94
2000-08-05,27.70,15.50,2.96
2000-08-06,27.25,19.03,2.43
2000-08-07,28.27,19.43,3.85
2000-08-08,29.24,19.57,4.51
2000-08-09,33.71,21.04,6.72
2000-08-10,31.05,19.28,7.63
2000-08-11,30.90,15.64,8.03
2000-08-12,32.40,14.61,6.78
2000-08-13,28.34,14.64,4.49
2000-08-14,31.25,12.34,5.26
2000-08-15,33.91,17.34,5.62
2000-08-16,32.95,19.16,5.34
2000-08-17,32.10,20.60,6.82
2000-08-18,30.52,22.49,9.21
2000-08-19,30.40,20.10,7.93
2000-08-20,32.65,19.63,8.81
2000-08-21,31.48,15.84,7.74
2000-08-22,33.13,15.39,8.16
2000-08-23,32.70,13.48,8.57
2000-08-24,29.73,12.80,6.21
2000-08-25,30.34,15.77,4.20
2000-08-26,28.44,14.75,1.85
2000-08-27,28.44,14.12,2.15
2000-08-28,28.57,14.36,3.33
2000-08-29,27.87,19.26,0.91
2000-08-30,26.03,11.88,3.57
2000-08-31,28.70,19.98,3.59
2000-09-01,28.23,19.36,3.76
2000-09-02,29.68,20.70,8.72
2000-09-03,31.36,20.85,8.70
2000-09-04,29.42,19.20,9.80
2000-09-05,29.59,18.68,9.62
2000-09-06,29.22,17.41,2.90
2000-09-07,30.36,15.22,3.35
2000-09-08,30.30,12.33,0.22
2000-09-09,31.92,12.03,1.58
2000-09-10,28.82,7.22,0.81
2000-09-11,30.39,9.95,1.15
2000-09-12,29.41,10.48,4.66
2000-09-13,27.07,11.39,1.71
2000-09-14,28.46,13.06,4.42
2000-09-15,27.08,17.82,6.24
2000-09-16,30.08,18.34,3.23
2000-09-17,28.54,14.96,4.65
2000-09-18,32.36,17.85,6.15
2000-09-19,26.44,15.66,8.00
2000-09-20,30.55,11.45,4.14
2000-09-21,32.83,19.83,4.61
2000-09-22,29.73,21.10,3.48
2000-09-23,29.31,16.59,5.40
2000-09-24,30.85,21.36,8.78
2000-09-25,30.98,23.68,10.44
2000-09-26,32.74,26.14,13.77
2000-09-27,33.41,23.18,15.11
2000-09-28,34.39,19.95,7.61
2000-09-29,34.29,22.77,9.27
2000-09-30,31.11,23.84,15.08
2000-10-01,30.18,21.77,15.19
2000-10-02,29.38,16.21,7.50
2000-10-03,28.63,20.70,6.12
2000-10-04,29.96,22.91,8.89
2000-10-05,31.08,25.57,10.98
2000-10-06,31.55,23.76,10.14
2000-10-07,31.03,25.19,11.46
2000-10-08,31.72,17.72,5.08
2000-10-09,32.59,22.08,6.99
2000-10-10,32.50,22.95,5.57
2000-10-11,31.59,22.69,3.56
2000-10-12,33.61,21.99,4.72
2000-10-13,33.09,23.97,5.78
2000-10-14,34.83,22.82,13.58
2000-10-15,34.70,17.27,15.85
2000-10-16,36.38,27.06,15.06
2000-10-17,37.72,26.88,13.23
2000-10-18,35.75,25.04,16.23
2000-10-19,34.84,28.05,12.96
2000-10-20,30.39,26.80,14.98
2000-10-21,28.86,19.83,6.64
2000-10-22,32.71,21.57,13.07
2000-10-23,32.21,19.23,15.82
2000-10-24,30.08,16.15,18.48
2000-10-25,30.57,16.02,17.00
2000-10-26,32.01,24.52,10.81
2000-10-27,33.95,29.53,16.58
2000-10-28,33.51,27.65,17.84
2000-10-29,33.81,26.20,18.66
2000-10-30,31.39,20.57,18.18
2000-10-31,29.70,18.28,8.49
2000-11-01,30.95,21.94,11.85
2000-11-02,31.99,23.99,14.07
2000-11-03,32.44,21.65,9.25
2000-11-04,31.45,20.36,11.11
2000-11-05,30.63,21.75,8.69
2000-11-06,31.35,20.95,10.86
2000-11-07,30.88,18.40,10.15
2000-11-08,32.76,16.29,9.46
2000-11-09,32.30,21.51,10.88
2000-11-10,32.03,21.07,7.49
2000-11-11,30.48,21.04,2.43
2000-11-12,28.98,20.43,6.95
2000-11-13,31.61,21.21,8.64
2000-11-14,28.55,25.48,14.70
2000-11-15,30.09,26.88,15.30
2000-11-16,32.90,28.44,16.51
2000-11-17,31.96,30.28,16.33
2000-11-18,32.31,27.92,10.30
2000-11-19,32.28,26.76,10.47
2000-11-20,34.18,28.91,11.50
2000-11-21,32.30,27.39,11.46
2000-11-22,31.52,28.86,13.17
2000-11-23,31.17,26.75,11.45
2000-11-24,32.77,29.02,16.25
2000-11-25,33.38,30.99,9.81
2000-11-26,32.55,28.89,11.36
2000-11-27,31.01,27.90,12.88
2000-11-28,30.79,28.08,15.64
2000-11-29,32.85,29.61,19.78
2000-11-30,33.67,30.14,19.11
2000-12-01,34.66,30.46,14.01
2000-12-02,32.19,29.42,12.79
2000-12-03,31.59,26.96,15.43
2000-12-04,30.65,29.15,13.90
2000-12-05,30.00,32.46,17.84
2000-12-06,32.16,28.36,13.40
2000-12-07,33.89,28.60,13.79
2000-12-08,31.98,30.50,12.15
2000-12-09,33.80,32.48,18.04
2000-12-10,30.91,28.65,13.37
2000-12-11,34.78,29.42,10.17
2000-12-12,33.01,29.78,11.15
2000-12-13,32.80,26.43,10.71
2000-12-14,30.61,23.95,9.63
2000-12-15,31.16,27.56,10.50
2000-12-16,32.46,32.27,15.13
2000-12-17,31.45,31.14,17.13
2000-12-18,31.04,30.23,20.16
2000-12-19,31.09,29.03,23.62
2000-12-20,28.88,27.91,21.05
2000-12-21,33.17,26.77,13.12
2000-12-22,31.48,27.45,12.67
2000-12-23,34.22,30.12,13.66
2000-12-24,34.65,31.02,11.14
2000-12-25,34.57,26.21,11.39
2000-12-26,33.52,24.55,10.32
2000-12-27,30.56,27.83,9.32
2000-12-28,30.46,26.41,11.63
2000-12-29,31.00,29.85,13.97
2000-12-30,33.11,30.11,20.42
2000-12-31,33.43,28.85,19.71
2001-01-01,32.60,29.05,22.61
2001-01-02,31.51,28.79,20.68
2001-01-03,32.26,28.80,19.28
2001-01-04,31.70,30.20,15.27
2001-01-05,30.10,29.46,14.53
2001-01-06,29.31,27.11,15.30
2001-01-07,29.58,24.32,12.18
2001-01-08,32.15,26.11,12.11
2001-01-09,31.96,21.82,7.94
2001-01-10,31.44,28.62,10.57
2001-01-11,32.08,30.55,17.38
2001-01-12,31.82,28.16,16.64
2001-01-13,33.17,29.78,14.96
2001-01-14,33.11,31.77,21.22
2001-01-15,33.81,29.92,21.67
2001-01-16,33.14,29.14,16.71
2001-01-17,32.29,28.02,13.82
2001-01-18,32.78,29.00,14.84
2001-01-19,32.05,31.59,22.79
2001-01-20,30.34,27.75,19.26
2001-01-21,31.07,27.68,15.09
2001-01-22,31.29,29.05,13.97
2001-01-23,31.16,28.55,17.58
2001-01-24,31.30,29.59,21.90
2001-01-25,31.34,30.28,19.74
2001-01-26,31.35,29.41,21.23
2001-01-27,30.20,27.15,14.67
2001-01-28,31.18,28.85,17.48
2001-01-29,31.09,27.27,12.26
2001-01-30,31.58,26.32,10.95
2001-01-31,31.03,28.23,12.31
2001-02-01,29.79,29.57,11.12
2001-02-02,30.41,29.48,11.94
2001-02-03,31.00,28.94,20.15
2001-02-04,31.53,30.36,23.79
2001-02-05,31.75,31.80,14.72
2001-02-06,31.82,31.30,15.28
2001-02-07,32.12,31.32,18.77
2001-02-08,31.84,31.02,18.25
2001-02-09,32.24,28.08,11.63
2001-02-10,32.40,30.11,13.28
2001-02-11,31.37,30.11,15.51
2001-02-12,33.16,30.49,25.39
2001-02-13,33.56,30.00,17.64
2001-02-14,31.55,30.77,20.38
2001-02-15,31.53,30.93,21.45
2001-02-16,32.79,31.18,23.95
2001-02-17,32.30,30.91,20.34
2001-02-18,33.65,29.93,22.77
2001-02-19,31.84,29.54,23.35
2001-02-20,30.29,28.12,16.72
2001-02-21,31.52,28.97,16.00
2001-02-22,30.41,27.81,15.09
2001-02-23,31.10,27.25,15.95
2001-02-24,30.22,28.93,19.84
2001-02-25,29.72,29.74,20.83
2001-02-26,29.86,27.68,15.91
2001-02-27,29.73,27.79,18.00
2001-02-28,28.49,28.44,16.35
2001-03-01,29.98,28.71,14.51
2001-03-02,29.47,28.75,15.62
2001-03-03,31.14,29.23,17.35
2001-03-04,31.82,27.91,13.57
2001-03-05,32.51,28.05,11.07
2001-03-06,31.54,31.44,14.87
2001-03-07,29.16,28.58,14.04
2001-03-08,30.45,28.89,15.04
2001-03-09,28.90,26.02,12.57
2001-03-10,31.23,26.90,12.40
2001-03-11,30.70,28.47,12.52
2001-03-12,31.90,25.08,10.42
2001-03-13,31.17,29.44,16.76
2001-03-14,29.34,29.93,17.39
2001-03-15,29.88,29.66,21.91
2001-03-16,29.36,29.05,19.10
2001-03-17,31.00,28.38,13.34
2001-03-18,30.87,28.89,11.04
2001-03-19,30.93,27.89,14.04
2001-03-20,31.74,24.48,13.02
2001-03-21,31.40,17.95,16.60
2001-03-22,30.40,16.58,15.57
2001-03-23,32.04,22.85,18.16
2001-03-24,32.29,28.30,19.59
2001-03-25,32.10,27.80,16.86
2001-03-26,32.33,25.91,18.06
2001-03-27,32.44,27.61,15.68
2001-03-28,32.09,29.60,16.38
2001-03-29,33.46,28.45,22.44
2001-03-30,33.06,24.94,21.74
2001-03-31,34.39,24.95,16.38
2001-04-01,31.31,27.82,9.97
2001-04-02,31.23,27.20,17.23
2001-04-03,28.61,24.25,15.62
2001-04-04,29.30,21.36,16.87
2001-04-05,30.47,26.42,18.19
2001-04-06,30.27,27.18,21.71
2001-04-07,30.42,24.24,19.89
2001-04-08,33.27,27.03,18.66
2001-04-09,30.52,26.19,15.26
2001-04-10,32.07,21.42,9.88
2001-04-11,28.95,24.60,11.07
2001-04-12,30.86,26.57,13.07
2001-04-13,32.02,17.32,11.36
2001-04-14,31.76,22.68,8.72
2001-04-15,30.41,26.84,15.67
2001-04-16,29.40,25.72,16.53
2001-04-17,29.07,21.71,15.42
2001-04-18,29.32,23.39,9.29
2001-04-19,29.29,22.11,8.83
2001-04-20,29.47,23.54,6.42
2001-04-21,30.58,22.40,4.70
2001-04-22,28.29,12.52,5.09
2001-04-23,27.22,19.51,4.97
2001-04-24,27.44,23.42,9.54
2001-04-25,28.41,23.06,6.63
2001-04-26,29.26,21.64,4.95
2001-04-27,27.17,18.27,4.36
2001-04-28,28.63,12.10,6.70
2001-04-29,27.45,12.49,9.01
2001-04-30,29.18,16.80,5.41
2001-05-01,29.59,18.73,5.17
2001-05-02,29.83,23.27,8.92
2001-05-03,28.91,21.73,10.83
2001-05-04,27.95,25.60,14.14
2001-05-05,26.77,18.93,13.67
2001-05-06,30.68,18.54,10.71
2001-05-07,30.54,15.72,12.47
2001-05-08,29.45,16.35,8.47
2001-05-09,25.79,14.66,8.32
2001-05-10,27.07,14.71,10.57
2001-05-11,26.58,14.31,9.24
2001-05-12,29.52,16.75,10.02
2001-05-13,30.10,15.49,8.11
2001-05-14,27.93,15.05,8.48
2001-05-15,27.91,11.53,9.12
2001-05-16,31.05,17.73,7.37
2001-05-17,32.07,16.27,7.38
2001-05-18,29.30,17.98,4.58
2001-05-19,29.21,19.42,4.40
2001-05-20,28.59,14.98,6.60
2001-05-21,31.24,13.18,5.72
2001-05-22,28.92,18.45,8.08
2001-05-23,27.15,19.75,7.82
2001-05-24,26.45,17.27,7.57
2001-05-25,27.03,17.30,5.43
2001-05-26,28.77,18.87,4.90
2001-05-27,27.44,20.98,9.92
2001-05-28,28.61,18.11,8.43
2001-05-29,30.04,10.69,5.58
2001-05-30,30.27,10.49,3.85
2001-05-31,25.70,12.14,4.41
2001-06-01,27.25,14.72,2.90
2001-06-02,24.64,12.24,3.18
2001-06-03,26.69,14.91,2.05
2001-06-04,25.22,14.66,2.77
2001-06-05,26.45,14.97,2.35
2001-06-06,27.80,17.96,4.58
2001-06-07,28.38,21.02,5.93
2001-06-08,28.11,18.06,4.07
2001-06-09,30.38,20.28,7.33
2001-06-10,26.83,20.72,8.04
2001-06-11,26.40,14.35,5.03
2001-06-12,26.34,16.40,6.02
2001-06-13,25.52,13.45,3.90
2001-06-14,25.55,12.88,4.51
2001-06-15,25.63,11.45,6.60
2001-06-16,23.36,13.97,5.15
2001-06-17,23.01,14.15,4.49
2001-06-18,24.85,14.34,5.40
2001-06-19,27.66,14.84,4.59
2001-06-20,27.77,17.96,5.22
2001-06-21,27.73,18.52,5.85
2001-06-22,29.04,17.16,7.19
2001-06-23,29.96,10.40,6.64
2001-06-24,29.68,13.38,6.19
2001-06-25,32.69,16.90,3.98
2001-06-26,32.55,21.94,11.11
2001-06-27,30.69,19.79,6.88
2001-06-28,34.33,18.50,7.05
2001-06-29,29.12,13.23,2.96
2001-06-30,29.34,14.36,4.51
2001-07-01,28.60,17.09,3.02
2001-07-02,30.32,15.07,3.61
2001-07-03,26.60,14.49,4.78
2001-07-04,28.95,18.03,2.73
2001-07-05,28.50,21.96,7.50
2001-07-06,29.99,17.72,3.36
2001-07-07,31.82,16.20,2.74
2001-07-08,29.67,11.37,1.73
2001-07-09,28.30,9.62,-1.64
2001-07-10,25.03,10.25,-0.02
2001-07-11,28.63,12.57,0.93
2001-07-12,27.54,12.05,1.60
2001-07-13,27.08,11.06,0.69
2001-07-14,29.08,17.94,4.22
2001-07-15,29.87,19.27,5.72
2001-07-16,29.39,16.08,3.21
2001-07-17,29.48,8.76,3.11
2001-07-18,29.05,10.19,3.04
2001-07-19,30.07,10.49,2.20
2001-07-20,28.28,12.04,1.19
2001-07-21,25.01,13.56,1.90
2001-07-22,26.16,16.81,1.93
2001-07-23,26.57,15.84,2.09
2001-07-24,26.62,11.12,1.84
2001-07-25,25.17,10.41,0.57
2001-07-26,24.48,14.10,4.15
2001-07-27,29.30,18.38,5.08
2001-07-28,29.62,17.22,6.79
2001-07-29,29.07,8.96,2.59
2001-07-30,30.05,8.90,3.89
2001-07-31,28.82,13.56,3.61
2001-08-01,27.34,18.18,6.32
2001-08-02,26.55,18.01,5.62
2001-08-03,27.13,18.52,8.28
2001-08-04,27.45,12.38,4.99
2001-08-05,24.93,12.87,3.64
2001-08-06,28.57,17.03,5.22
2001-08-07,30.52,21.91,8.57
2001-08-08,32.59,20.98,6.74
2001-08-09,34.48,22.38,9.59
2001-08-10,31.35,23.77,10.71
2001-08-11,31.58,16.22,8.34
2001-08-12,28.05,15.88,6.04
2001-08-13,31.43,17.43,3.98
2001-08-14,27.18,11.36,3.79
2001-08-15,30.66,10.75,4.40
2001-08-16,30.80,10.35,6.21
2001-08-17,27.66,11.60,8.96
2001-08-18,30.60,13.85,2.71
2001-08-19,33.30,18.07,3.45
2001-08-20,33.58,25.07,14.81
2001-08-21,36.09,25.61,13.39
2001-08-22,34.87,25.33,14.39
2001-08-23,34.73,22.35,13.09
2001-08-24,35.76,19.11,10.85
2001-08-25,34.13,12.79,5.42
2001-08-26,30.61,10.25,2.83
2001-08-27,32.68,12.03,2.44
2001-08-28,33.26,12.29,1.50
2001-08-29,32.77,15.36,3.71
2001-08-30,31.96,14.94,4.71
2001-08-31,29.99,15.43,5.21
2001-09-01,29.10,12.34,5.35
2001-09-02,27.90,13.15,5.65
2001-09-03,28.44,13.32,7.38
2001-09-04,28.00,15.62,9.05
2001-09-05,32.10,16.07,8.59
2001-09-06,29.49,14.39,3.90
2001-09-07,29.51,18.73,3.73
2001-09-08,26.89,14.16,3.37
2001-09-09,27.36,18.65,4.79
2001-09-10,25.63,24.66,5.26
2001-09-11,24.11,19.26,15.52
2001-09-12,27.51,15.54,6.54
2001-09-13,29.55,18.50,10.55
2001-09-14,31.21,21.77,8.14
2001-09-15,31.40,24.12,13.03
2001-09-16,32.76,20.51,15.58
2001-09-17,33.77,18.79,8.59
2001-09-18,28.96,19.19,6.70
2001-09-19,28.86,20.85,4.65
2001-09-20,29.48,22.65,11.11
2001-09-21,34.73,22.81,10.22
2001-09-22,33.63,17.60,10.31
2001-09-23,33.58,16.20,9.71
2001-09-24,32.29,18.95,9.42
2001-09-25,31.81,19.22,12.43
2001-09-26,27.33,11.50,8.80
2001-09-27,28.33,13.91,5.81
2001-09-28,28.05,16.39,13.25
2001-09-29,30.06,12.18,12.51
2001-09-30,32.38,16.14,10.66
2001-10-01,32.83,23.87,16.43
2001-10-02,31.53,24.02,16.07
2001-10-03,31.18,17.50,14.22
2001-10-04,35.82,22.64,14.29
2001-10-05,28.86,22.17,15.42
2001-10-06,31.45,17.92,10.14
2001-10-07,33.37,16.30,7.90
2001-10-08,34.32,22.18,13.73
2001-10-09,34.88,25.11,7.60
2001-10-10,34.36,25.37,13.89
2001-10-11,32.26,21.98,11.95
2001-10-12,35.25,26.42,16.76
2001-10-13,35.38,26.08,15.63
2001-10-14,35.78,26.00,18.31
2001-10-15,34.77,27.49,18.36
2001-10-16,34.38,24.80,17.72
2001-10-17,32.93,22.73,11.32
2001-10-18,31.12,23.65,10.81
2001-10-19,30.91,18.88,4.84
2001-10-20,33.13,23.41,8.61
2001-10-21,29.59,26.14,11.32
2001-10-22,31.06,25.81,12.90
2001-10-23,32.26,25.43,15.66
2001-10-24,30.78,24.25,13.89
2001-10-25,30.84,21.57,11.10
2001-10-26,32.80,22.09,12.81
2001-10-27,30.92,16.43,14.51
2001-10-28,33.56,18.27,16.32
2001-10-29,34.73,25.65,15.18
2001-10-30,33.18,28.24,17.40
2001-10-31,30.15,25.99,17.88
2001-11-01,28.58,26.48,18.68
2001-11-02,30.22,25.20,17.04
2001-11-03,30.81,23.31,11.62
2001-11-04,30.18,20.62,11.30
2001-11-05,29.52,19.98,7.72
2001-11-06,31.73,19.67,10.58
2001-11-07,32.22,22.68,13.90
2001-11-08,32.94,20.84,15.71
2001-11-09,31.00,16.74,12.13
2001-11-10,31.60,23.67,8.04
2001-11-11,33.41,25.92,9.24
2001-11-12,31.22,23.69,12.02
2001-11-13,31.45,22.51,9.42
2001-11-14,30.86,22.42,8.93
2001-11-15,31.32,27.16,9.36
2001-11-16,34.01,28.64,13.61
2001-11-17,33.99,29.62,10.51
2001-11-18,35.22,29.29,12.07
2001-11-19,32.40,26.57,12.53
2001-11-20,32.41,23.71,9.35
2001-11-21,31.21,27.72,12.58
2001-11-22,28.38,25.39,10.11
2001-11-23,29.15,19.25,6.19
2001-11-24,29.59,27.10,11.02
2001-11-25,27.21,25.00,9.75
2001-11-26,29.99,26.93,11.88
2001-11-27,30.56,27.31,11.96
2001-11-28,30.12,27.86,13.08
2001-11-29,31.86,30.45,18.87
2001-11-30,32.26,29.98,17.31
2001-12-01,30.80,25.82,13.88
2001-12-02,27.06,22.19,16.64
2001-12-03,28.20,26.05,15.42
2001-12-04,31.98,27.59,11.39
2001-12-05,32.51,29.52,15.68
2001-12-06,32.65,28.40,12.74
2001-12-07,32.65,30.14,19.78
2001-12-08,31.19,30.30,22.27
2001-12-09,34.92,27.89,19.16
2001-12-10,35.69,28.26,13.59
2001-12-11,35.39,31.55,21.50
2001-12-12,33.31,30.03,22.99
2001-12-13,30.53,27.69,19.08
2001-12-14,32.63,30.88,22.05
2001-12-15,33.23,33.45,22.70
2001-12-16,34.86,34.61,21.54
2001-12-17,30.66,31.95,25.18
2001-12-18,29.90,28.32,18.36
2001-12-19,32.59,28.79,17.26
2001-12-20,35.56,28.63,13.66
2001-12-21,34.26,28.10,18.79
2001-12-22,32.20,32.84,19.06
2001-12-23,35.29,33.88,24.10
2001-12-24,36.65,29.96,23.38
2001-12-25,35.84,30.06,23.38
2001-12-26,34.53,30.76,18.56
2001-12-27,36.08,31.79,20.88
2001-12-28,34.13,30.79,20.60
2001-12-29,31.20,29.71,20.64
2001-12-30,33.08,29.75,22.12
2001-12-31,32.06,29.66,18.94
2002-01-01,30.74,28.90,17.01
2002-01-02,31.57,29.18,16.13
2002-01-03,31.55,29.03,16.39
2002-01-04,31.48,27.20,21.72
2002-01-05,30.82,31.74,20.69
2002-01-06,30.48,31.55,20.28
2002-01-07,31.14,28.47,14.40
2002-01-08,31.52,30.02,13.68
2002-01-09,30.44,32.26,19.13
2002-01-10,28.99,30.94,20.53
2002-01-11,29.09,31.49,22.26
2002-01-12,31.27,29.82,15.33
2002-01-13,30.90,28.84,12.00
2002-01-14,30.64,31.71,22.57
2002-01-15,30.35,30.08,25.89
2002-01-16,32.04,28.43,25.83
2002-01-17,32.27,30.29,24.85
2002-01-18,32.65,29.28,25.47
2002-01-19,33.26,29.30,18.59
2002-01-20,34.31,30.51,24.15
2002-01-21,33.30,31.24,21.86
2002-01-22,32.79,29.42,21.73
2002-01-23,32.37,29.84,21.24
2002-01-24,30.72,30.34,17.13
2002-01-25,30.62,27.96,14.29
2002-01-26,30.07,28.08,18.60
2002-01-27,31.50,31.64,15.10
2002-01-28,33.96,31.26,16.84
2002-01-29,33.56,30.50,19.22
2002-01-30,32.77,27.93,13.61
2002-01-31,34.72,31.65,16.49
2002-02-01,34.30,31.92,24.37
2002-02-02,33.54,31.47,27.11
2002-02-03,32.38,30.80,19.51
2002-02-04,30.01,30.77,25.27
2002-02-05,28.70,28.13,28.31
2002-02-06,29.54,28.37,26.43
2002-02-07,30.91,27.90,26.94
2002-02-08,32.98,27.68,17.34
2002-02-09,32.33,28.43,17.62
2002-02-10,32.24,27.08,15.51
2002-02-11,32.98,29.20,17.96
2002-02-12,32.47,29.68,20.61
2002-02-13,31.75,28.77,18.02
2002-02-14,30.51,28.95,18.31
2002-02-15,30.83,29.25,24.73
2002-02-16,30.06,28.14,26.01
2002-02-17,27.02,27.45,19.64
2002-02-18,30.03,29.79,23.15
2002-02-19,31.38,29.70,27.69
2002-02-20,30.98,29.35,29.62
2002-02-21,32.44,28.62,25.72
2002-02-22,34.11,30.63,19.04
2002-02-23,34.38,31.25,22.99
2002-02-24,33.60,30.47,22.49
2002-02-25,33.51,30.05,11.32
2002-02-26,33.02,29.13,12.51
2002-02-27,31.13,27.52,11.06
2002-02-28,31.43,27.47,12.77
2002-03-01,30.91,30.93,16.68
2002-03-02,30.59,29.16,16.61
2002-03-03,31.10,28.36,12.34
2002-03-04,31.13,30.43,16.19
2002-03-05,30.81,30.65,16.29
2002-03-06,29.70,29.27,15.20
2002-03-07,30.25,28.83,12.77
2002-03-08,29.12,28.10,9.73
2002-03-09,31.32,29.88,12.39
2002-03-10,33.65,27.52,12.67
2002-03-11,33.29,29.79,18.80
2002-03-12,32.83,30.67,18.23
2002-03-13,30.71,24.30,10.91
2002-03-14,29.71,22.84,11.55
2002-03-15,32.22,24.88,11.36
2002-03-16,33.25,24.18,11.35
2002-03-17,31.90,26.32,13.89
2002-03-18,32.01,24.87,15.09
2002-03-19,32.06,28.76,15.74
2002-03-20,31.35,30.51,20.95
2002-03-21,29.94,27.52,14.78
2002-03-22,30.39,27.98,13.67
2002-03-23,29.82,27.02,11.47
2002-03-24,29.30,27.14,10.06
2002-03-25,31.57,26.96,9.87
2002-03-26,33.46,27.78,13.10
2002-03-27,32.09,27.54,16.87
2002-03-28,30.53,23.48,14.41
2002-03-29,28.09,16.24,13.08
2002-03-30,29.02,24.39,14.40
2002-03-31,31.99,30.38,19.33
2002-04-01,33.58,24.47,15.57
2002-04-02,32.39,25.35,11.64
2002-04-03,31.95,25.84,14.31
2002-04-04,31.80,26.39,14.35
2002-04-05,30.82,26.14,17.90
2002-04-06,29.86,18.57,9.61
2002-04-07,28.79,23.87,9.53
2002-04-08,29.25,22.05,10.37
2002-04-09,29.27,20.40,12.95
2002-04-10,27.43,18.61,11.32
2002-04-11,27.75,18.79,8.99
2002-04-12,27.68,17.25,13.48
2002-04-13,28.05,20.59,15.49
2002-04-14,27.76,19.37,18.58
2002-04-15,26.54,15.47,19.17
2002-04-16,28.56,19.73,11.07
2002-04-17,29.13,23.24,8.09
2002-04-18,30.01,24.98,7.37
2002-04-19,29.25,20.78,7.32
2002-04-20,29.63,26.00,8.25
2002-04-21,28.13,22.13,9.69
2002-04-22,26.90,17.07,8.14
2002-04-23,25.34,21.39,6.61
2002-04-24,29.23,16.72,6.86
2002-04-25,28.02,20.29,7.05
2002-04-26,28.90,24.65,9.47
2002-04-27,28.82,24.60,12.76
2002-04-28,26.92,18.41,9.24
2002-04-29,29.75,18.38,6.84
2002-04-30,27.82,21.52,9.89
2002-05-01,29.01,21.60,6.17
2002-05-02,28.84,22.70,7.24
2002-05-03,28.22,23.03,8.00
2002-05-04,30.02,20.61,10.27
2002-05-05,34.93,23.89,15.24
2002-05-06,34.48,27.67,16.64
2002-05-07,35.33,24.20,15.96
2002-05-08,34.75,24.15,13.55
2002-05-09,32.21,25.23,13.14
2002-05-10,33.33,24.59,11.73
2002-05-11,33.58,23.18,8.94
2002-05-12,34.52,20.85,11.36
2002-05-13,27.86,17.93,9.48
2002-05-14,31.04,14.71,9.45
2002-05-15,34.91,14.91,7.21
2002-05-16,32.66,13.96,8.45
2002-05-17,30.02,15.85,7.84
2002-05-18,30.08,14.79,6.28
2002-05-19,27.70,12.11,6.22
2002-05-20,29.12,16.49,4.83
2002-05-21,31.09,17.80,8.78
2002-05-22,32.13,18.27,5.37
2002-05-23,31.56,20.24,10.20
2002-05-24,30.26,18.76,8.58
2002-05-25,29.54,12.75,8.89
2002-05-26,26.95,10.71,6.36
2002-05-27,29.69,10.01,2.44
2002-05-28,25.87,13.35,3.90
2002-05-29,25.82,14.88,4.44
2002-05-30,27.77,15.69,5.86
2002-05-31,28.96,12.07,3.54
2002-06-01,28.13,9.24,3.10
2002-06-02,30.80,13.39,4.25
2002-06-03,27.78,8.88,5.11
2002-06-04,26.04,7.22,4.21
2002-06-05,25.05,9.40,2.29
2002-06-06,23.34,11.56,1.20
2002-06-07,23.20,12.68,2.14
2002-06-08,23.06,14.80,3.00
2002-06-09,25.19,15.02,1.25
2002-06-10,26.03,16.93,2.14
2002-06-11,30.40,15.87,3.95
2002-06-12,26.42,15.41,4.88
2002-06-13,26.26,14.13,2.12
2002-06-14,27.80,15.44,4.00
2002-06-15,27.89,14.98,3.43
2002-06-16,24.87,14.16,6.31
2002-06-17,24.69,14.98,3.60
2002-06-18,28.23,16.59,4.14
2002-06-19,30.70,17.82,5.15
2002-06-20,30.68,19.27,3.97
2002-06-21,33.98,19.82,2.87
2002-06-22,30.70,20.43,3.50
2002-06-23,32.07,19.25,5.36
2002-06-24,32.60,18.68,6.41
2002-06-25,27.17,16.09,7.93
2002-06-26,27.96,12.31,5.07
2002-06-27,30.08,13.56,2.40
2002-06-28,29.27,8.96,0.76
2002-06-29,26.69,9.57,2.09
2002-06-30,24.36,8.87,2.57
2002-07-01,29.34,12.17,1.87
2002-07-02,26.45,12.86,2.43
2002-07-03,22.00,12.54,2.96
2002-07-04,21.34,15.02,6.71
2002-07-05,21.37,14.52,6.38
2002-07-06,29.69,13.66,4.68
2002-07-07,30.54,16.97,4.68
2002-07-08,31.97,17.17,5.46
2002-07-09,32.29,14.00,5.09
2002-07-10,28.53,16.71,3.96
2002-07-11,31.50,16.81,3.87
2002-07-12,33.96,19.00,6.07
2002-07-13,34.12,20.94,7.39
2002-07-14,33.22,20.48,5.64
2002-07-15,33.86,19.01,6.09
2002-07-16,33.09,19.15,8.48
2002-07-17,32.97,18.16,9.12
2002-07-18,33.06,19.07,8.03
2002-07-19,31.14,11.58,5.79
2002-07-20,30.47,11.78,4.36
2002-07-21,29.25,12.07,2.66
2002-07-22,29.22,9.74,2.84
2002-07-23,26.51,7.68,2.01
2002-07-24,25.32,12.29,1.10
2002-07-25,28.11,14.11,4.36
2002-07-26,28.90,12.84,2.37
2002-07-27,33.16,16.70,1.54
2002-07-28,29.00,20.40,9.62
2002-07-29,31.13,14.37,4.66
2002-07-30,31.90,11.55,8.50
2002-07-31,29.76,13.47,7.87
2002-08-01,30.01,14.55,8.20
2002-08-02,28.15,16.12,6.32
2002-08-03,28.37,12.80,3.16
2002-08-04,28.62,13.13,2.34
2002-08-05,33.39,9.20,0.76
2002-08-06,24.96,13.74,4.96
2002-08-07,30.09,12.09,4.75
2002-08-08,32.73,15.35,3.90
2002-08-09,33.43,20.48,4.32
2002-08-10,30.91,20.99,4.62
2002-08-11,31.02,20.73,4.37
2002-08-12,29.00,21.86,5.53
2002-08-13,31.19,21.59,6.38
2002-08-14,32.51,20.80,8.70
2002-08-15,34.15,20.01,10.25
2002-08-16,34.80,18.19,9.09
2002-08-17,32.92,14.44,6.82
2002-08-18,31.68,10.34,4.33
2002-08-19,30.16,11.60,4.81
2002-08-20,30.63,14.93,4.55
2002-08-21,33.12,19.03,5.46
2002-08-22,33.22,16.36,3.30
2002-08-23,33.45,13.27,4.06
2002-08-24,31.59,13.10,5.23
2002-08-25,30.91,16.34,6.68
2002-08-26,32.77,19.16,4.98
2002-08-27,28.09,11.35,8.32
2002-08-28,27.65,9.30,4.03
2002-08-29,30.31,13.68,4.46
2002-08-30,28.68,16.45,7.43
2002-08-31,31.90,19.03,10.03
2002-09-01,33.72,23.10,11.19
2002-09-02,32.24,23.16,7.51
2002-09-03,33.69,20.87,5.58
2002-09-04,32.75,14.82,5.68
2002-09-05,33.09,11.41,2.35
2002-09-06,32.81,16.50,3.96
2002-09-07,30.70,16.68,9.37
2002-09-08,31.85,17.44,5.54
2002-09-09,29.96,18.80,7.85
2002-09-10,29.75,13.68,4.33
2002-09-11,30.47,18.56,5.08
2002-09-12,31.14,19.38,6.59
2002-09-13,33.34,19.16,7.66
2002-09-14,32.25,13.26,3.52
2002-09-15,32.39,18.66,7.84
2002-09-16,31.62,13.57,3.16
2002-09-17,31.95,14.63,2.90
2002-09-18,30.19,12.12,4.56
2002-09-19,31.86,15.51,3.57
2002-09-20,32.46,21.00,4.23
2002-09-21,30.74,23.15,5.08
2002-09-22,31.32,20.99,8.32
2002-09-23,34.28,23.19,8.44
2002-09-24,29.98,23.53,8.44
2002-09-25,30.91,22.47,7.24
2002-09-26,32.28,24.14,12.55
2002-09-27,31.91,19.77,7.00
2002-09-28,32.17,22.47,8.98
2002-09-29,30.38,20.87,7.99
2002-09-30,31.61,23.22,6.72
2002-10-01,29.91,22.62,7.79
2002-10-02,30.91,20.41,7.76
2002-10-03,31.32,18.83,6.89
2002-10-04,33.16,19.23,5.58
2002-10-05,30.43,21.39,11.21
2002-10-06,33.20,15.90,4.06
2002-10-07,31.09,18.77,6.22
2002-10-08,31.69,20.30,7.98
2002-10-09,32.72,22.88,5.15
2002-10-10,33.32,23.14,7.64
2002-10-11,35.31,20.01,4.57
2002-10-12,33.99,27.45,5.15
2002-10-13,31.36,22.31,8.05
2002-10-14,34.73,19.50,10.15
2002-10-15,29.76,18.96,7.67
2002-10-16,32.13,25.77,11.53
2002-10-17,33.85,25.03,10.12
2002-10-18,34.02,18.65,4.89
2002-10-19,33.43,17.81,9.46
2002-10-20,33.77,15.45,6.92
2002-10-21,28.12,22.98,9.55
2002-10-22,32.18,26.30,15.04
2002-10-23,32.82,18.79,11.40
2002-10-24,32.38,21.93,7.75
2002-10-25,33.05,17.62,6.37
2002-10-26,32.48,17.19,7.47
2002-10-27,32.26,20.97,8.01
2002-10-28,30.33,21.02,10.29
2002-10-29,29.38,24.77,14.90
2002-10-30,28.21,27.07,14.72
2002-10-31,31.33,25.95,7.02
2002-11-01,32.47,21.98,7.68
2002-11-02,32.97,15.74,8.08
2002-11-03,31.57,22.45,9.71
2002-11-04,31.80,25.45,18.77
2002-11-05,31.61,26.17,20.60
2002-11-06,28.27,19.72,9.89
2002-11-07,28.71,21.75,8.22
2002-11-08,28.66,16.79,7.91
2002-11-09,28.11,19.21,10.85
2002-11-10,30.29,24.70,11.52
2002-11-11,31.31,27.06,11.53
2002-11-12,33.15,26.26,7.66
2002-11-13,31.47,25.75,7.63
2002-11-14,28.49,27.90,11.23
2002-11-15,29.17,29.59,12.70
2002-11-16,33.40,24.79,10.34
2002-11-17,34.25,21.40,8.73
2002-11-18,32.12,23.87,7.61
2002-11-19,29.86,21.34,7.63
2002-11-20,30.91,22.95,7.30
2002-11-21,32.47,30.44,14.70
2002-11-22,33.70,30.89,14.73
2002-11-23,34.31,30.76,12.46
2002-11-24,31.81,23.87,16.68
2002-11-25,32.32,28.20,12.63
2002-11-26,32.04,21.63,7.54
2002-11-27,32.48,25.47,11.37
2002-11-28,34.91,26.24,15.80
2002-11-29,34.12,25.52,13.71
2002-11-30,32.84,20.85,13.05
2002-12-01,31.21,25.92,16.86
2002-12-02,32.18,27.75,15.20
2002-12-03,31.02,24.40,21.00
2002-12-04,34.76,25.75,16.60
2002-12-05,33.81,25.57,10.47
2002-12-06,32.71,25.89,16.01
2002-12-07,32.26,26.56,18.32
2002-12-08,32.29,24.67,20.15
2002-12-09,31.44,24.82,18.92
2002-12-10,34.25,28.77,19.53
2002-12-11,35.85,31.86,18.56
2002-12-12,33.53,31.71,22.79
2002-12-13,32.45,28.32,21.15
2002-12-14,32.54,28.62,17.54
2002-12-15,31.14,26.01,13.23
2002-12-16,31.49,28.78,15.71
2002-12-17,32.63,28.45,16.71
2002-12-18,32.25,24.98,8.60
2002-12-19,32.85,27.67,10.69
2002-12-20,31.12,27.88,11.83
2002-12-21,29.05,26.29,12.20
2002-12-22,29.46,22.65,10.20
2002-12-23,31.66,26.16,10.02
2002-12-24,32.88,29.54,12.66
2002-12-25,33.85,32.32,11.78
2002-12-26,33.15,29.26,11.73
2002-12-27,31.90,28.60,12.68
2002-12-28,32.53,26.96,17.70
2002-12-29,31.87,29.29,18.33
2002-12-30,29.87,28.14,19.84
2002-12-31,29.96,30.26,18.75
2003-01-01,31.78,30.69,19.05
2003-01-02,32.54,27.95,17.28
2003-01-03,32.55,29.56,15.64
2003-01-04,32.39,29.48,15.62
2003-01-05,34.18,31.06,16.52
2003-01-06,33.10,31.76,23.38
2003-01-07,32.52,29.04,20.75
2003-01-08,30.34,30.00,17.39
2003-01-09,29.84,31.66,17.63
2003-01-10,32.75,30.98,16.45
2003-01-11,33.71,30.89,19.94
2003-01-12,33.64,32.55,18.96
2003-01-13,33.51,30.05,20.26
2003-01-14,33.15,30.20,20.47
2003-01-15,32.79,30.93,16.23
2003-01-16,32.78,28.87,12.16
2003-01-17,34.28,29.50,13.98
2003-01-18,33.04,28.82,15.87
2003-01-19,30.60,28.28,12.10
2003-01-20,28.73,24.70,10.28
2003-01-21,29.63,23.51,12.55
2003-01-22,31.36,22.64,11.40
2003-01-23,30.52,30.72,15.15
2003-01-24,29.86,32.70,17.47
2003-01-25,33.49,28.96,19.14
2003-01-26,33.64,30.60,17.45
2003-01-27,31.82,31.35,18.54
2003-01-28,30.16,32.37,19.22
2003-01-29,31.12,34.69,18.90
2003-01-30,33.17,34.03,15.59
2003-01-31,31.87,30.17,10.62
2003-02-01,30.68,31.17,14.50
2003-02-02,31.09,30.24,16.50
2003-02-03,31.04,29.80,17.70
2003-02-04,31.60,30.65,16.51
2003-02-05,32.11,30.73,15.03
2003-02-06,32.45,29.15,13.11
2003-02-07,33.04,29.57,17.68
2003-02-08,33.01,29.81,17.53
2003-02-09,32.76,29.98,19.91
2003-02-10,30.95,29.71,20.44
2003-02-11,31.73,28.98,17.88
2003-02-12,31.91,31.59,18.68
2003-02-13,33.05,32.32,25.29
2003-02-14,30.53,26.82,11.91
2003-02-15,30.30,29.36,15.23
2003-02-16,30.75,29.75,15.85
2003-02-17,32.38,30.33,13.53
2003-02-18,33.03,26.44,9.07
2003-02-19,30.04,25.53,10.28
2003-02-20,30.17,26.48,18.51
2003-02-21,31.63,30.52,25.15
2003-02-22,33.47,30.72,21.16
2003-02-23,33.53,32.99,22.13
2003-02-24,33.72,30.69,21.15
2003-02-25,31.27,27.99,14.86
2003-02-26,30.63,27.19,12.76
2003-02-27,29.66,27.50,13.77
2003-02-28,30.52,28.29,15.47
2003-03-01,30.42,27.30,16.08
2003-03-02,30.52,28.38,17.84
2003-03-03,30.47,30.32,20.87
2003-03-04,31.09,27.72,21.68
2003-03-05,33.17,23.05,22.47
2003-03-06,32.98,30.73,26.65
2003-03-07,34.35,27.58,24.14
2003-03-08,35.18,26.67,25.91
2003-03-09,35.05,27.79,20.65
2003-03-10,32.23,28.83,16.39
2003-03-11,32.33,27.39,19.90
2003-03-12,31.95,26.31,15.61
2003-03-13,31.07,27.02,16.96
2003-03-14,30.95,24.09,11.35
2003-03-15,32.65,28.26,16.59
2003-03-16,32.88,30.89,21.23
2003-03-17,29.57,28.12,21.49
2003-03-18,30.81,26.61,18.49
2003-03-19,30.89,24.89,11.68
2003-03-20,31.06,28.58,16.42
2003-03-21,30.48,27.43,20.36
2003-03-22,30.90,25.61,19.96
2003-03-23,29.56,23.56,17.25
2003-03-24,29.55,28.26,19.21
2003-03-25,30.36,29.27,18.02
2003-03-26,29.45,27.38,14.70
2003-03-27,29.29,24.19,13.98
2003-03-28,29.73,25.83,14.70
2003-03-29,30.47,25.52,15.40
2003-03-30,31.12,25.75,15.19
2003-03-31,34.08,28.54,20.42
2003-04-01,30.73,25.80,17.41
2003-04-02,31.92,21.61,17.10
2003-04-03,31.64,24.16,14.00
2003-04-04,30.73,25.23,14.67
2003-04-05,32.07,28.16,17.00
2003-04-06,34.79,28.07,11.45
2003-04-07,34.41,27.56,11.65
2003-04-08,32.86,25.54,8.21
2003-04-09,34.21,27.57,14.84
2003-04-10,35.23,29.32,18.10
2003-04-11,34.48,28.89,19.79
2003-04-12,35.16,28.23,20.34
2003-04-13,33.90,26.61,18.72
2003-04-14,32.94,23.05,10.75
2003-04-15,31.09,22.02,14.23
2003-04-16,28.34,19.12,12.31
2003-04-17,27.26,18.14,11.92
2003-04-18,27.18,20.27,9.98
2003-04-19,29.97,23.43,6.89
2003-04-20,29.64,23.60,9.24
2003-04-21,29.56,20.48,7.11
2003-04-22,31.04,21.95,8.23
2003-04-23,30.75,21.56,9.90
2003-04-24,31.84,21.87,10.45
2003-04-25,29.78,18.45,10.46
2003-04-26,28.22,19.63,9.89
2003-04-27,30.80,21.11,8.56
2003-04-28,29.75,20.82,10.67
2003-04-29,31.73,18.62,10.42
2003-04-30,30.90,20.88,8.74
2003-05-01,33.01,22.94,11.44
2003-05-02,31.69,27.35,15.73
2003-05-03,29.91,24.11,15.29
2003-05-04,32.22,22.60,12.43
2003-05-05,32.04,24.79,13.85
2003-05-06,30.29,25.82,15.52
2003-05-07,30.97,24.69,15.94
2003-05-08,32.80,20.58,12.38
2003-05-09,30.97,17.28,8.79
2003-05-10,27.32,18.98,8.30
2003-05-11,29.57,19.77,10.20
2003-05-12,31.21,20.25,11.92
2003-05-13,30.79,18.02,9.84
2003-05-14,29.97,17.03,7.48
2003-05-15,29.50,17.73,7.84
2003-05-16,30.87,17.38,7.88
2003-05-17,30.37,16.79,6.01
2003-05-18,30.72,16.95,7.32
2003-05-19,34.70,16.82,8.51
2003-05-20,35.40,11.86,5.91
2003-05-21,33.04,14.48,8.93
2003-05-22,32.44,15.29,8.41
2003-05-23,32.21,21.47,5.61
2003-05-24,31.59,22.17,6.74
2003-05-25,30.77,19.76,5.50
2003-05-26,31.69,20.86,6.22
2003-05-27,31.86,21.67,6.91
2003-05-28,30.58,22.46,10.15
2003-05-29,29.83,19.10,11.90
2003-05-30,31.05,18.65,7.41
2003-05-31,32.02,21.86,9.03
2003-06-01,29.18,18.41,7.87
2003-06-02,27.61,14.59,7.42
2003-06-03,26.00,18.59,7.50
2003-06-04,28.33,15.72,3.90
2003-06-05,28.95,12.47,3.75
2003-06-06,30.05,17.65,3.33
2003-06-07,33.34,20.79,5.89
2003-06-08,31.94,18.42,6.20
2003-06-09,30.59,14.22,7.36
2003-06-10,30.88,11.90,6.77
2003-06-11,26.12,14.20,7.82
2003-06-12,27.16,12.00,6.17
2003-06-13,26.65,13.79,7.69
2003-06-14,24.95,12.14,4.93
2003-06-15,26.86,14.29,4.28
2003-06-16,26.01,16.93,5.64
2003-06-17,28.14,13.94,5.26
2003-06-18,27.88,16.73,6.46
2003-06-19,26.37,20.50,6.90
2003-06-20,28.76,13.78,7.46
2003-06-21,30.53,20.98,8.53
2003-06-22,25.03,17.76,5.60
2003-06-23,30.01,18.35,4.29
2003-06-24,30.52,19.18,7.06
2003-06-25,29.31,19.31,6.12
2003-06-26,31.45,17.66,8.57
2003-06-27,31.31,15.02,6.91
2003-06-28,29.83,18.39,10.05
2003-06-29,26.74,16.75,7.52
2003-06-30,27.38,16.43,6.24
2003-07-01,28.27,21.86,7.81
2003-07-02,27.44,21.80,6.36
2003-07-03,29.77,16.52,6.14
2003-07-04,30.95,15.95,5.42
2003-07-05,29.58,11.47,4.29
2003-07-06,27.73,14.70,4.43
2003-07-07,27.61,9.88,2.80
2003-07-08,26.16,7.91,0.04
2003-07-09,27.00,13.37,0.43
2003-07-10,26.88,14.34,4.02
2003-07-11,28.05,17.71,5.28
2003-07-12,27.66,16.92,6.52
2003-07-13,27.76,17.22,4.45
2003-07-14,26.64,11.32,2.15
2003-07-15,28.80,14.32,2.85
2003-07-16,25.46,19.28,6.81
2003-07-17,26.17,16.21,2.77
2003-07-18,28.23,18.16,4.31
2003-07-19,25.77,19.48,5.38
2003-07-20,23.43,11.72,0.96
2003-07-21,30.86,14.21,2.04
2003-07-22,30.33,11.58,1.73
2003-07-23,26.71,13.74,0.60
2003-07-24,24.24,12.30,4.67
2003-07-25,24.32,14.81,6.42
2003-07-26,25.17,13.48,8.80
2003-07-27,30.02,13.62,6.76
2003-07-28,29.43,15.36,3.99
2003-07-29,32.87,20.64,9.61
2003-07-30,33.33,21.82,8.33
2003-07-31,33.66,17.55,4.55
2003-08-01,30.97,11.86,2.21
2003-08-02,25.32,17.91,5.18
2003-08-03,27.18,15.89,2.80
2003-08-04,26.77,7.04,3.18
2003-08-05,30.15,11.57,2.37
2003-08-06,28.97,15.89,3.42
2003-08-07,27.73,14.83,3.11
2003-08-08,32.20,18.87,7.88
2003-08-09,32.58,21.93,10.96
2003-08-10,33.89,21.86,10.77
2003-08-11,34.98,19.23,6.25
2003-08-12,32.93,18.36,6.04
2003-08-13,33.38,15.94,8.36
2003-08-14,30.62,19.74,7.43
2003-08-15,30.13,21.45,8.24
2003-08-16,30.04,23.48,14.18
2003-08-17,31.44,21.57,12.80
2003-08-18,30.57,17.64,7.85
2003-08-19,30.49,15.05,4.65
2003-08-20,27.79,13.23,3.61
2003-08-21,25.37,13.58,2.08
2003-08-22,24.77,13.49,4.44
2003-08-23,25.02,13.87,4.26
2003-08-24,30.46,17.80,2.40
2003-08-25,32.15,21.63,8.67
2003-08-26,33.56,23.55,9.24
2003-08-27,31.24,20.30,8.09
2003-08-28,33.86,19.43,8.71
2003-08-29,34.48,18.98,10.72
2003-08-30,33.11,17.62,7.25
2003-08-31,31.42,19.45,6.78
2003-09-01,31.54,23.57,10.61
2003-09-02,32.61,22.36,15.90
2003-09-03,33.76,20.04,10.37
2003-09-04,34.63,20.68,6.97
2003-09-05,32.70,14.35,4.92
2003-09-06,29.31,9.80,2.67
2003-09-07,27.70,11.05,2.11
2003-09-08,28.23,13.91,3.71
2003-09-09,27.50,16.60,7.31
2003-09-10,29.44,21.49,4.36
2003-09-11,30.10,22.91,4.64
2003-09-12,33.84,23.79,9.13
2003-09-13,36.05,25.84,10.20
2003-09-14,33.26,20.61,9.82
2003-09-15,35.02,23.55,12.68
2003-09-16,35.66,24.41,13.14
2003-09-17,31.11,20.37,7.12
2003-09-18,30.30,13.56,4.49
2003-09-19,30.30,20.18,5.44
2003-09-20,30.31,20.97,9.58
2003-09-21,31.20,21.14,5.62
2003-09-22,31.71,15.64,7.28
2003-09-23,32.20,20.25,6.11
2003-09-24,29.95,21.18,9.81
2003-09-25,30.67,18.93,8.63
2003-09-26,33.15,18.43,4.54
2003-09-27,31.61,14.45,4.10
2003-09-28,33.02,24.60,10.49
2003-09-29,32.41,25.03,10.77
2003-09-30,32.32,19.36,8.72
2003-10-01,32.87,24.09,7.36
2003-10-02,31.93,24.14,14.04
2003-10-03,33.13,22.98,10.28
2003-10-04,34.78,26.91,11.38
2003-10-05,36.68,29.54,13.54
2003-10-06,35.22,24.57,15.54
2003-10-07,34.49,18.22,7.15
2003-10-08,31.47,18.71,7.70
2003-10-09,30.06,22.68,9.52
2003-10-10,32.01,24.05,14.93
2003-10-11,29.99,27.49,10.93
2003-10-12,33.81,28.95,16.42
2003-10-13,35.02,30.67,22.06
2003-10-14,30.75,27.64,21.15
2003-10-15,32.30,21.93,7.36
2003-10-16,33.77,24.64,11.68
2003-10-17,31.33,21.77,8.44
2003-10-18,32.37,24.22,9.91
2003-10-19,33.06,25.35,8.94
2003-10-20,35.37,26.21,10.10
2003-10-21,32.86,23.40,9.76
2003-10-22,33.05,28.06,13.46
2003-10-23,32.30,22.35,5.49
2003-10-24,31.25,21.92,8.03
2003-10-25,33.81,17.04,4.46
2003-10-26,33.01,22.83,7.82
2003-10-27,31.90,27.10,12.38
2003-10-28,31.28,29.39,16.36
2003-10-29,30.60,28.58,12.11
2003-10-30,29.98,24.68,9.42
2003-10-31,31.27,27.17,11.49
2003-11-01,31.74,27.31,20.66
2003-11-02,29.77,23.22,23.03
2003-11-03,29.84,24.31,17.28
2003-11-04,32.64,26.31,16.27
2003-11-05,33.83,28.88,19.41
2003-11-06,31.42,25.72,11.77
2003-11-07,29.95,24.91,9.23
2003-11-08,29.96,23.94,8.35
2003-11-09,31.20,28.57,12.76
2003-11-10,29.87,26.59,16.37
2003-11-11,31.20,19.29,10.90
2003-11-12,33.21,27.01,13.10
2003-11-13,30.64,29.90,14.42
2003-11-14,31.86,24.62,10.03
2003-11-15,32.27,20.31,7.95
2003-11-16,32.34,16.81,6.38
2003-11-17,32.41,19.80,11.18
2003-11-18,32.81,29.44,11.55
2003-11-19,30.16,29.75,11.62
2003-11-20,31.56,29.23,14.79
2003-11-21,30.70,28.88,10.03
2003-11-22,31.81,26.67,10.90
2003-11-23,31.31,27.94,8.62
2003-11-24,31.53,25.36,9.99
2003-11-25,29.69,26.99,9.73
2003-11-26,32.82,25.42,10.12
2003-11-27,31.88,25.31,11.86
2003-11-28,32.01,27.47,12.57
2003-11-29,31.91,24.76,12.98
2003-11-30,31.28,28.37,12.11
2003-12-01,29.99,24.81,11.56
2003-12-02,29.75,25.50,9.34
2003-12-03,29.86,23.62,10.24
2003-12-04,28.52,24.50,9.31
2003-12-05,29.53,29.66,9.90
2003-12-06,30.25,29.88,11.74
2003-12-07,30.49,24.54,11.50
2003-12-08,32.91,25.34,10.96
2003-12-09,30.91,27.93,9.56
2003-12-10,31.77,23.24,7.98
2003-12-11,31.44,28.32,9.38
2003-12-12,31.65,27.34,13.44
2003-12-13,31.15,26.25,10.38
2003-12-14,31.23,23.84,9.07
2003-12-15,32.41,27.54,10.48
2003-12-16,33.10,32.77,14.59
2003-12-17,32.89,31.59,18.54
2003-12-18,31.33,29.89,18.61
2003-12-19,34.02,29.41,15.79
2003-12-20,32.76,29.28,17.47
2003-12-21,32.33,25.95,8.85
2003-12-22,31.38,29.89,12.00
2003-12-23,31.99,29.28,18.59
2003-12-24,32.80,28.95,18.89
2003-12-25,32.33,28.82,14.27
2003-12-26,30.60,25.33,10.11
2003-12-27,28.36,25.62,10.03
2003-12-28,28.82,29.80,14.69
2003-12-29,28.41,27.70,14.36
2003-12-30,28.37,28.46,15.27
2003-12-31,30.01,28.69,23.31
2004-01-01,32.59,29.79,24.57
2004-01-02,32.92,31.03,22.34
2004-01-03,30.71,30.42,18.54
2004-01-04,28.84,30.72,18.89
2004-01-05,29.42,29.97,16.89
2004-01-06,29.40,29.06,18.38
2004-01-07,32.20,29.80,23.31
2004-01-08,28.21,29.43,19.19
2004-01-09,30.84,29.95,13.84
2004-01-10,32.55,31.01,16.13
2004-01-11,31.44,30.98,24.01
2004-01-12,31.25,30.41,23.34
2004-01-13,31.19,30.59,22.43
2004-01-14,31.34,28.99,24.56
2004-01-15,29.68,26.14,28.25
2004-01-16,29.85,26.89,20.93
2004-01-17,31.05,29.02,20.05
2004-01-18,31.90,29.82,19.46
2004-01-19,31.57,30.23,22.41
2004-01-20,30.57,29.17,14.49
2004-01-21,28.48,30.19,19.58
2004-01-22,28.90,28.83,20.73
2004-01-23,28.62,28.00,18.20
2004-01-24,29.30,29.46,13.24
2004-01-25,30.20,29.47,17.66
2004-01-26,29.64,30.49,19.62
2004-01-27,29.72,30.87,19.94
2004-01-28,29.79,31.02,18.24
2004-01-29,30.02,30.83,18.26
2004-01-30,29.98,28.59,20.60
2004-01-31,31.03,30.35,22.86
2004-02-01,30.03,29.82,21.03
2004-02-02,29.82,29.12,15.65
2004-02-03,30.19,28.62,24.25
2004-02-04,30.71,30.62,26.62
2004-02-05,30.68,32.28,29.18
2004-02-06,27.50,29.41,28.82
2004-02-07,28.14,28.78,25.48
2004-02-08,31.17,29.25,18.87
2004-02-09,30.46,31.27,15.71
2004-02-10,30.65,29.92,26.37
2004-02-11,31.78,27.38,19.25
2004-02-12,32.03,29.92,18.26
2004-02-13,31.89,30.64,20.44
2004-02-14,31.72,30.19,20.33
2004-02-15,33.26,28.65,20.99
2004-02-16,32.12,26.95,12.80
2004-02-17,32.50,28.50,14.36
2004-02-18,31.71,30.38,17.36
2004-02-19,29.59,31.45,25.64
2004-02-20,29.42,27.53,26.57
2004-02-21,31.48,27.65,28.55
2004-02-22,33.34,29.07,28.50
2004-02-23,32.80,29.14,26.45
2004-02-24,31.17,28.29,21.16
2004-02-25,32.01,27.07,21.91
2004-02-26,30.65,27.25,24.77
2004-02-27,32.30,26.37,20.75
2004-02-28,31.25,26.53,14.08
2004-02-29,31.29,28.35,15.80
2004-03-01,29.68,21.31,11.95
2004-03-02,33.61,29.00,14.74
2004-03-03,33.96,33.26,20.28
2004-03-04,31.93,29.06,19.78
2004-03-05,30.94,26.44,12.78
2004-03-06,30.74,26.54,13.13
2004-03-07,29.33,28.60,17.13
2004-03-08,28.67,27.89,19.35
2004-03-09,30.67,27.42,21.01
2004-03-10,29.64,27.34,20.55
2004-03-11,32.14,25.78,22.07
2004-03-12,31.75,26.99,20.15
2004-03-13,30.79,25.19,18.68
2004-03-14,31.65,27.52,13.12
2004-03-15,33.46,29.50,18.09
2004-03-16,30.88,28.57,11.27
2004-03-17,32.20,29.09,14.40
2004-03-18,31.25,29.05,19.93
2004-03-19,30.98,29.65,18.44
2004-03-20,31.14,28.63,21.76
2004-03-21,30.81,27.65,22.24
2004-03-22,32.00,28.15,19.58
2004-03-23,32.62,28.83,14.84
2004-03-24,33.47,29.23,14.51
2004-03-25,32.40,28.48,15.27
2004-03-26,33.33,28.12,17.20
2004-03-27,31.43,29.00,19.94
2004-03-28,31.31,20.61,15.67
2004-03-29,31.67,24.76,15.63
2004-03-30,30.66,19.25,16.85
2004-03-31,32.52,20.56,15.71
2004-04-01,31.65,20.75,9.82
2004-04-02,30.52,26.56,9.19
2004-04-03,29.74,26.25,12.98
2004-04-04,31.79,25.99,14.97
2004-04-05,32.26,22.63,10.95
2004-04-06,30.45,23.80,9.15
2004-04-07,28.69,26.95,8.00
2004-04-08,31.39,27.97,15.56
2004-04-09,29.91,25.79,14.75
2004-04-10,30.29,26.60,15.64
2004-04-11,29.89,25.25,11.39
2004-04-12,28.92,21.68,10.07
2004-04-13,29.64,18.83,7.65
2004-04-14,30.50,18.71,8.39
2004-04-15,28.08,15.37,9.19
2004-04-16,28.19,21.25,10.40
2004-04-17,27.75,24.04,8.42
2004-04-18,28.54,24.35,7.40
2004-04-19,30.86,24.09,9.69
2004-04-20,30.12,16.96,6.50
2004-04-21,28.84,11.78,8.72
2004-04-22,27.77,16.59,10.73
2004-04-23,27.67,19.17,12.61
2004-04-24,30.36,17.95,13.25
2004-04-25,30.36,18.95,12.86
2004-04-26,27.91,22.40,13.30
2004-04-27,27.61,19.74,11.43
2004-04-28,26.91,19.07,8.91
2004-04-29,28.14,19.08,7.19
2004-04-30,29.97,23.58,10.71
2004-05-01,28.82,22.49,6.78
2004-05-02,30.34,20.01,10.44
2004-05-03,31.14,20.29,10.95
2004-05-04,32.83,23.38,12.21
2004-05-05,33.23,21.64,15.37
2004-05-06,34.73,21.34,18.61
2004-05-07,34.38,22.41,15.36
2004-05-08,32.71,23.40,12.88
2004-05-09,34.38,19.21,10.19
2004-05-10,33.62,19.65,12.06
2004-05-11,32.45,16.16,8.20
2004-05-12,30.65,17.30,9.88
2004-05-13,34.11,19.65,10.84
2004-05-14,30.64,22.01,11.11
2004-05-15,31.59,20.36,11.67
2004-05-16,32.04,19.30,10.49
2004-05-17,33.30,18.62,7.98
2004-05-18,33.02,17.85,11.42
2004-05-19,32.68,18.93,11.05
2004-05-20,33.37,13.19,11.44
2004-05-21,31.36,12.60,9.79
2004-05-22,26.40,15.15,10.05
2004-05-23,26.01,16.00,11.29
2004-05-24,28.48,16.69,12.33
2004-05-25,30.44,17.69,7.95
2004-05-26,30.32,21.11,10.66
2004-05-27,30.13,18.66,11.08
2004-05-28,28.74,15.87,7.55
2004-05-29,26.87,18.18,9.34
2004-05-30,26.99,17.71,11.88
2004-05-31,27.10,16.14,9.69
2004-06-01,28.56,18.09,11.36
2004-06-02,29.81,19.71,13.94
2004-06-03,27.49,20.62,7.67
2004-06-04,27.41,17.41,6.68
2004-06-05,28.61,14.31,3.99
2004-06-06,25.45,16.19,5.24
2004-06-07,28.29,17.59,4.89
2004-06-08,30.45,14.89,6.73
2004-06-09,29.91,8.43,5.52
2004-06-10,28.69,10.42,5.76
2004-06-11,31.35,11.22,5.01
2004-06-12,31.53,16.54,8.57
2004-06-13,32.10,14.70,3.06
2004-06-14,32.98,18.77,6.83
2004-06-15,29.27,18.34,7.17
2004-06-16,32.15,14.44,7.50
2004-06-17,33.14,17.18,8.77
2004-06-18,30.67,17.00,5.36
2004-06-19,28.98,13.87,4.57
2004-06-20,26.47,12.32,5.33
2004-06-21,28.55,13.03,6.12
2004-06-22,27.55,11.21,3.80
2004-06-23,30.42,17.34,6.33
2004-06-24,31.02,14.43,6.30
2004-06-25,28.19,15.45,7.10
2004-06-26,28.28,15.86,5.37
2004-06-27,30.87,17.41,7.84
2004-06-28,32.14,17.38,7.21
2004-06-29,31.55,14.29,2.88
2004-06-30,26.95,14.31,2.52
2004-07-01,22.70,17.53,6.22
2004-07-02,23.06,16.49,0.79
2004-07-03,28.70,17.73,2.60
2004-07-04,29.18,20.17,4.74
2004-07-05,29.19,22.41,6.71
2004-07-06,26.19,19.40,5.63
2004-07-07,27.11,16.27,1.77
2004-07-08,29.05,17.24,0.47
2004-07-09,27.45,10.51,1.59
2004-07-10,28.80,18.00,3.96
2004-07-11,28.90,13.21,2.27
2004-07-12,29.33,12.22,2.72
2004-07-13,26.07,8.35,2.46
2004-07-14,24.77,11.13,0.52
2004-07-15,25.14,11.95,2.73
2004-07-16,28.84,13.91,2.15
2004-07-17,26.60,16.46,3.98
2004-07-18,31.43,18.03,5.13
2004-07-19,30.67,14.66,5.05
2004-07-20,24.23,15.10,3.98
2004-07-21,26.59,11.32,5.16
2004-07-22,25.93,10.74,3.38
2004-07-23,25.87,13.15,3.11
2004-07-24,28.75,15.61,5.66
2004-07-25,29.63,12.02,4.80
2004-07-26,27.85,14.88,4.10
2004-07-27,22.70,8.41,3.91
2004-07-28,26.07,12.96,4.68
2004-07-29,28.32,14.63,7.65
2004-07-30,30.57,18.96,10.84
2004-07-31,30.68,18.20,9.50
2004-08-01,30.45,14.51,6.90
2004-08-02,25.61,8.02,5.32
2004-08-03,24.17,9.55,4.74
2004-08-04,26.12,9.55,6.11
2004-08-05,25.50,12.35,4.83
2004-08-06,27.54,13.47,8.06
2004-08-07,28.30,19.98,7.98
2004-08-08,29.71,18.63,10.83
2004-08-09,28.20,15.85,11.87
2004-08-10,30.85,16.97,11.15
2004-08-11,32.70,14.89,8.08
2004-08-12,31.26,19.44,8.68
2004-08-13,27.48,16.40,3.28
2004-08-14,28.20,11.90,4.94
2004-08-15,23.74,10.44,4.09
2004-08-16,27.67,11.36,5.33
2004-08-17,27.91,12.81,7.35
2004-08-18,29.41,13.52,7.05
2004-08-19,26.11,11.24,7.18
2004-08-20,27.42,13.50,6.47
2004-08-21,29.64,17.97,7.63
2004-08-22,23.69,17.57,7.46
2004-08-23,25.72,20.96,4.21
2004-08-24,22.21,22.94,7.30
2004-08-25,25.66,21.74,10.23
2004-08-26,26.64,18.56,9.18
2004-08-27,29.79,19.68,6.20
2004-08-28,32.36,22.80,7.28
2004-08-29,28.45,23.03,8.55
2004-08-30,29.68,24.03,10.77
2004-08-31,30.82,21.06,9.47
2004-09-01,32.87,22.99,8.55
2004-09-02,32.80,24.14,14.01
2004-09-03,28.63,20.60,13.26
2004-09-04,32.84,13.40,5.79
2004-09-05,29.00,15.46,1.72
2004-09-06,27.57,11.20,1.74
2004-09-07,29.08,12.59,2.92
2004-09-08,29.25,14.10,3.87
2004-09-09,29.59,17.92,7.44
2004-09-10,28.51,17.53,10.28
2004-09-11,31.24,21.66,12.25
2004-09-12,31.14,27.49,19.12
2004-09-13,32.22,23.41,8.52
2004-09-14,32.10,22.84,8.94
2004-09-15,31.24,24.73,13.56
2004-09-16,32.22,25.09,15.96
2004-09-17,33.13,18.64,5.56
2004-09-18,31.49,15.21,2.73
2004-09-19,31.66,18.56,4.23
2004-09-20,29.65,20.13,7.49
2004-09-21,29.27,16.95,4.62
2004-09-22,29.14,21.44,5.41
2004-09-23,30.72,23.62,5.22
2004-09-24,28.40,26.09,9.48
2004-09-25,30.66,23.70,7.47
2004-09-26,32.05,21.86,12.89
2004-09-27,33.57,21.53,8.53
2004-09-28,32.58,23.88,10.80
2004-09-29,31.12,19.73,10.62
2004-09-30,32.57,24.59,7.17
2004-10-01,34.13,26.89,12.59
2004-10-02,34.94,25.88,18.19
2004-10-03,33.99,25.65,17.32
2004-10-04,33.74,25.68,19.28
2004-10-05,34.26,21.40,17.11
2004-10-06,32.16,19.42,11.14
2004-10-07,28.32,13.74,9.85
2004-10-08,31.71,19.45,6.80
2004-10-09,31.55,17.95,6.71
2004-10-10,31.31,17.91,7.17
2004-10-11,29.45,12.54,8.57
2004-10-12,30.49,18.82,10.52
2004-10-13,34.66,22.70,11.09
2004-10-14,33.38,18.89,9.59
2004-10-15,32.86,16.71,7.72
2004-10-16,34.72,20.31,8.60
2004-10-17,33.67,18.79,6.33
2004-10-18,32.79,24.50,8.19
2004-10-19,33.33,25.74,15.64
2004-10-20,30.19,23.24,12.55
2004-10-21,31.45,19.16,7.74
2004-10-22,31.93,20.35,5.43
2004-10-23,31.74,21.52,5.70
2004-10-24,27.85,19.20,7.49
2004-10-25,29.98,18.21,6.30
2004-10-26,31.82,21.98,9.44
2004-10-27,31.41,26.10,9.08
2004-10-28,33.42,25.20,11.06
2004-10-29,31.98,21.88,10.14
2004-10-30,31.40,23.50,8.11
2004-10-31,30.86,26.57,8.50
2004-11-01,29.73,26.90,8.24
2004-11-02,32.07,20.21,6.06
2004-11-03,30.67,20.86,7.53
2004-11-04,30.54,16.19,8.19
2004-11-05,32.95,25.04,12.29
2004-11-06,33.17,29.37,16.43
2004-11-07,30.65,24.80,14.94
2004-11-08,32.49,19.36,12.57
2004-11-09,33.28,23.26,14.28
2004-11-10,31.11,25.40,18.05
2004-11-11,28.30,20.57,13.36
2004-11-12,28.64,15.35,11.71
2004-11-13,31.33,16.53,8.98
2004-11-14,31.78,21.77,6.76
2004-11-15,32.20,21.34,8.44
2004-11-16,32.12,26.72,14.65
2004-11-17,31.48,29.68,16.69
2004-11-18,32.38,27.20,15.30
2004-11-19,32.21,27.60,15.88
2004-11-20,32.98,28.48,14.81
2004-11-21,33.28,25.14,14.39
2004-11-22,32.13,24.00,17.14
2004-11-23,29.71,20.13,15.42
2004-11-24,31.30,19.25,18.95
2004-11-25,32.00,21.13,16.32
2004-11-26,33.30,22.91,15.23
2004-11-27,32.43,28.89,16.86
2004-11-28,32.98,28.92,15.60
2004-11-29,32.59,29.92,19.34
2004-11-30,32.74,28.38,11.29
2004-12-01,31.42,26.62,11.30
2004-12-02,31.25,25.18,11.60
2004-12-03,32.14,24.21,10.83
2004-12-04,31.01,28.91,11.03
2004-12-05,30.68,28.89,13.77
2004-12-06,31.88,27.84,15.10
2004-12-07,33.16,30.52,17.31
2004-12-08,32.41,30.24,24.42
2004-12-09,30.31,30.56,21.34
2004-12-10,31.02,30.89,15.24
2004-12-11,31.46,29.25,14.10
2004-12-12,33.65,30.77,14.91
2004-12-13,34.18,28.91,17.73
2004-12-14,33.22,26.97,12.00
2004-12-15,31.23,24.65,10.23
2004-12-16,32.45,28.62,11.64
2004-12-17,31.73,26.86,12.42
2004-12-18,31.27,28.00,9.72
2004-12-19,31.20,28.77,14.25
2004-12-20,31.43,28.71,17.58
2004-12-21,30.25,29.55,18.36
2004-12-22,31.61,31.23,18.06
2004-12-23,33.44,25.73,12.26
2004-12-24,32.18,29.99,12.83
2004-12-25,31.14,31.45,23.08
2004-12-26,32.56,30.13,19.89
2004-12-27,32.60,28.34,18.81
2004-12-28,32.19,25.66,16.59
2004-12-29,29.86,31.01,13.05
2004-12-30,30.64,29.52,14.08
2004-12-31,32.62,29.58,18.26
2005-01-01,31.06,31.93,21.71
2005-01-02,29.81,32.27,17.09
2005-01-03,28.68,33.15,20.22
2005-01-04,28.33,30.02,19.24
2005-01-05,29.80,29.50,13.29
2005-01-06,31.25,31.54,14.58
2005-01-07,29.91,29.40,18.40
2005-01-08,30.11,31.18,12.55
2005-01-09,31.23,32.48,17.99
2005-01-10,31.02,30.31,17.82
2005-01-11,29.58,30.21,16.09
2005-01-12,30.56,29.80,14.54
2005-01-13,32.19,31.49,18.44
2005-01-14,32.44,27.06,12.13
2005-01-15,31.32,30.47,17.50
2005-01-16,28.91,31.21,21.00
2005-01-17,31.54,29.78,19.10
2005-01-18,31.42,30.34,19.28
2005-01-19,30.82,31.17,22.94
2005-01-20,29.39,28.50,22.51
2005-01-21,29.30,26.39,11.78
2005-01-22,31.14,30.50,12.99
2005-01-23,30.31,29.73,11.44
2005-01-24,29.69,30.50,13.36
2005-01-25,29.88,30.14,20.88
2005-01-26,30.56,27.24,19.12
2005-01-27,31.25,28.18,15.68
2005-01-28,29.27,28.88,12.23
2005-01-29,28.60,21.94,11.53
2005-01-30,29.00,20.67,12.18
2005-01-31,29.80,27.98,19.72
2005-02-01,31.44,31.43,23.25
2005-02-02,30.47,29.88,27.21
2005-02-03,32.47,28.67,26.77
2005-02-04,32.39,29.45,25.62
2005-02-05,33.77,27.71,25.27
2005-02-06,33.11,28.45,21.26
2005-02-07,33.45,29.14,15.76
2005-02-08,34.44,33.15,22.79
2005-02-09,33.65,34.29,27.47
2005-02-10,28.29,31.19,28.94
2005-02-11,30.92,27.26,27.73
2005-02-12,29.92,25.85,21.39
2005-02-13,31.53,26.28,20.35
2005-02-14,31.63,27.71,21.68
2005-02-15,31.07,29.14,21.62
2005-02-16,30.82,30.30,22.60
2005-02-17,30.73,27.85,22.80
2005-02-18,29.31,29.48,21.29
2005-02-19,28.20,29.01,21.12
2005-02-20,32.00,29.89,22.70
2005-02-21,32.77,30.88,22.72
2005-02-22,35.39,30.29,16.29
2005-02-23,32.67,30.61,19.89
2005-02-24,34.84,29.89,22.54
2005-02-25,34.66,33.55,21.21
2005-02-26,33.85,31.87,22.89
2005-02-27,33.80,28.52,21.06
2005-02-28,33.60,26.56,23.90
2005-03-01,32.02,26.53,22.41
2005-03-02,31.48,29.45,20.02
2005-03-03,29.43,30.07,21.25
2005-03-04,30.18,28.51,15.27
2005-03-05,29.43,29.19,17.20
2005-03-06,29.56,22.52,11.56
2005-03-07,29.96,18.60,10.30
2005-03-08,30.20,25.10,11.74
2005-03-09,31.16,30.19,13.71
2005-03-10,30.56,30.12,15.02
2005-03-11,31.64,20.64,19.62
2005-03-12,32.33,20.98,16.63
2005-03-13,33.67,29.70,20.36
2005-03-14,32.33,28.41,16.89
2005-03-15,30.84,25.23,13.24
2005-03-16,31.14,25.45,14.63
2005-03-17,29.61,23.17,13.28
2005-03-18,29.61,28.11,14.40
2005-03-19,31.12,28.32,10.38
2005-03-20,29.77,24.30,12.97
2005-03-21,30.31,24.94,16.46
2005-03-22,31.70,27.75,19.13
2005-03-23,32.73,30.60,19.58
2005-03-24,33.42,27.76,16.27
2005-03-25,32.03,25.77,18.25
2005-03-26,28.69,20.27,13.52
2005-03-27,29.44,25.46,14.70
2005-03-28,30.19,24.02,11.77
2005-03-29,31.09,24.25,16.67
2005-03-30,31.20,21.10,15.79
2005-03-31,30.19,20.44,12.26
2005-04-01,29.48,20.33,13.69
2005-04-02,29.63,23.64,15.21
2005-04-03,29.41,26.82,13.96
2005-04-04,30.03,25.54,10.78
2005-04-05,28.60,22.94,7.25
2005-04-06,30.32,21.78,6.69
2005-04-07,28.41,22.48,7.01
2005-04-08,28.91,24.15,9.29
2005-04-09,28.96,23.90,10.62
2005-04-10,27.06,22.84,7.51
2005-04-11,28.12,22.00,9.78
2005-04-12,27.95,21.39,14.42
2005-04-13,30.05,19.24,12.54
2005-04-14,31.96,22.45,11.31
2005-04-15,32.51,28.57,11.25
2005-04-16,29.18,25.33,13.47
2005-04-17,33.16,25.88,12.49
2005-04-18,31.65,25.49,11.14
2005-04-19,33.46,27.06,13.13
2005-04-20,33.11,27.32,14.04
2005-04-21,32.16,26.48,11.55
2005-04-22,32.30,25.43,11.21
2005-04-23,31.72,21.39,11.15
2005-04-24,27.33,22.84,8.73
2005-04-25,29.14,21.70,11.43
2005-04-26,31.08,20.26,14.94
2005-04-27,31.36,18.23,9.26
2005-04-28,29.20,19.16,10.54
2005-04-29,29.63,25.56,13.03
2005-04-30,29.33,26.41,13.68
2005-05-01,30.95,22.72,13.03
2005-05-02,30.09,21.22,12.40
2005-05-03,26.96,16.64,8.21
2005-05-04,27.18,13.15,5.27
2005-05-05,26.29,15.52,6.10
2005-05-06,28.39,17.67,8.57
2005-05-07,31.73,16.55,5.90
2005-05-08,31.20,19.65,7.12
2005-05-09,28.90,15.95,8.04
2005-05-10,28.22,13.13,4.97
2005-05-11,31.00,18.17,3.34
2005-05-12,29.65,17.37,6.47
2005-05-13,29.07,12.59,5.39
2005-05-14,29.09,13.77,5.34
2005-05-15,26.92,14.50,3.54
2005-05-16,28.18,15.48,2.56
2005-05-17,27.36,11.90,2.13
2005-05-18,27.93,9.38,2.36
2005-05-19,28.41,10.72,2.03
2005-05-20,28.04,13.70,3.76
2005-05-21,26.80,16.99,4.38
2005-05-22,27.47,14.29,4.04
2005-05-23,26.20,10.28,4.56
2005-05-24,25.08,14.79,4.73
2005-05-25,25.07,12.60,2.63
2005-05-26,26.40,13.32,5.18
2005-05-27,28.77,13.75,3.24
2005-05-28,27.18,14.62,5.81
2005-05-29,26.12,17.31,4.62
2005-05-30,28.14,20.08,6.18
2005-05-31,27.26,19.57,7.87
2005-06-01,27.85,18.45,5.13
2005-06-02,26.32,11.39,3.03
2005-06-03,26.95,13.00,2.08
2005-06-04,25.83,14.83,3.17
2005-06-05,26.35,14.76,4.83
2005-06-06,25.89,17.68,3.07
2005-06-07,25.47,12.34,2.44
2005-06-08,29.35,17.96,3.03
2005-06-09,30.68,16.10,0.94
2005-06-10,31.60,9.81,1.63
2005-06-11,31.22,13.49,0.11
2005-06-12,29.61,13.68,-0.59
2005-06-13,29.84,11.90,-0.05
2005-06-14,28.21,8.22,0.29
2005-06-15,28.66,12.15,-1.56
2005-06-16,29.29,14.96,0.68
2005-06-17,30.76,14.90,0.47
2005-06-18,27.18,13.10,0.71
2005-06-19,26.10,16.40,3.83
2005-06-20,29.58,17.36,3.54
2005-06-21,29.02,12.25,3.90
2005-06-22,30.77,19.25,5.65
2005-06-23,28.47,17.93,5.23
2005-06-24,26.70,17.37,4.67
2005-06-25,27.27,16.53,5.60
2005-06-26,28.89,14.55,5.31
2005-06-27,30.39,10.01,3.17
2005-06-28,26.93,13.84,3.11
2005-06-29,27.82,16.49,4.85
2005-06-30,27.31,16.09,5.48
2005-07-01,26.73,16.77,4.91
2005-07-02,28.18,11.72,3.94
2005-07-03,26.57,12.37,3.34
2005-07-04,27.61,14.62,3.71
2005-07-05,29.39,16.65,4.47
2005-07-06,28.92,18.13,4.77
2005-07-07,27.57,15.46,2.67
2005-07-08,29.41,17.09,5.16
2005-07-09,30.13,20.17,6.15
2005-07-10,28.66,20.09,5.58
2005-07-11,27.62,21.46,6.67
2005-07-12,27.25,15.34,4.33
2005-07-13,25.95,12.13,1.53
2005-07-14,22.40,7.41,3.74
2005-07-15,22.70,8.98,3.90
2005-07-16,23.38,11.29,1.63
2005-07-17,25.32,13.87,4.21
2005-07-18,27.94,17.30,6.74
2005-07-19,27.52,15.10,5.00
2005-07-20,25.10,12.21,3.45
2005-07-21,27.74,13.21,3.92
2005-07-22,27.63,16.21,8.19
2005-07-23,29.71,16.82,9.40
2005-07-24,32.81,18.05,9.06
2005-07-25,30.82,19.89,7.91
2005-07-26,31.72,20.09,6.11
2005-07-27,32.58,19.61,4.32
2005-07-28,33.32,17.99,7.27
2005-07-29,31.48,15.68,4.12
2005-07-30,31.57,12.79,3.52
2005-07-31,29.41,12.46,3.68
2005-08-01,28.29,13.65,2.71
2005-08-02,27.71,15.06,3.29
2005-08-03,26.92,16.05,2.84
2005-08-04,29.85,14.56,2.20
2005-08-05,28.61,12.79,2.27
2005-08-06,26.32,16.95,2.08
2005-08-07,30.80,21.33,3.58
2005-08-08,33.83,22.93,3.97
2005-08-09,33.71,23.26,5.45
2005-08-10,32.11,20.80,8.95
2005-08-11,31.43,23.27,6.63
2005-08-12,31.54,20.19,4.33
2005-08-13,27.92,14.72,3.99
2005-08-14,30.89,15.23,3.88
2005-08-15,31.07,18.09,1.89
2005-08-16,26.84,11.82,3.68
2005-08-17,28.60,18.02,1.71
2005-08-18,28.87,19.52,7.17
2005-08-19,30.92,21.62,9.02
2005-08-20,29.15,17.80,6.62
2005-08-21,27.77,14.41,4.69
2005-08-22,27.03,11.73,3.87
2005-08-23,30.33,13.73,5.99
2005-08-24,29.82,20.95,9.40
2005-08-25,30.09,18.88,3.96
2005-08-26,31.74,14.44,3.92
2005-08-27,29.14,11.08,3.08
2005-08-28,30.18,10.05,0.64
2005-08-29,29.49,12.07,1.47
2005-08-30,22.97,11.10,6.77
2005-08-31,22.59,14.43,6.71
2005-09-01,31.16,15.45,7.07
2005-09-02,29.58,15.89,4.70
2005-09-03,31.91,8.35,3.13
2005-09-04,29.44,15.89,3.93
2005-09-05,29.44,16.62,1.98
2005-09-06,31.35,21.81,6.20
2005-09-07,33.13,21.95,7.42
2005-09-08,33.28,20.54,7.72
2005-09-09,33.41,11.31,5.46
2005-09-10,28.81,10.36,4.83
2005-09-11,28.25,13.75,7.64
2005-09-12,28.47,15.83,9.26
2005-09-13,21.15,16.34,10.50
2005-09-14,28.79,13.51,8.70
2005-09-15,30.42,18.95,13.18
2005-09-16,30.71,21.93,14.30
2005-09-17,33.62,21.65,14.21
2005-09-18,35.63,23.06,10.28
2005-09-19,33.48,21.57,9.63
2005-09-20,33.42,20.13,11.13
2005-09-21,33.32,19.39,11.41
2005-09-22,31.73,18.45,8.87
2005-09-23,29.20,13.71,7.97
2005-09-24,27.73,18.45,8.34
2005-09-25,30.66,19.51,13.06
2005-09-26,31.01,22.66,14.81
2005-09-27,31.23,18.90,8.16
2005-09-28,30.09,14.19,4.73
2005-09-29,31.58,14.34,4.71
2005-09-30,29.97,20.93,6.61
2005-10-01,31.63,20.56,7.71
2005-10-02,29.01,12.82,9.24
2005-10-03,30.73,17.26,9.28
2005-10-04,29.18,17.95,11.69
2005-10-05,29.45,21.44,14.61
2005-10-06,27.91,18.59,11.01
2005-10-07,28.69,19.55,10.70
2005-10-08,30.31,25.75,16.82
2005-10-09,28.45,26.91,17.88
2005-10-10,30.83,25.04,11.69
2005-10-11,30.30,21.03,7.01
2005-10-12,30.19,21.07,6.87
2005-10-13,30.60,19.77,6.35
2005-10-14,31.30,22.36,14.52
2005-10-15,30.30,16.17,9.58
2005-10-16,29.12,21.52,7.99
2005-10-17,30.45,21.27,11.83
2005-10-18,31.31,26.29,15.21
2005-10-19,31.80,29.21,17.11
2005-10-20,33.25,23.23,8.80
2005-10-21,31.70,22.65,7.83
2005-10-22,32.00,23.90,10.32
2005-10-23,30.17,21.20,11.85
2005-10-24,31.11,13.36,9.56
2005-10-25,28.67,18.36,9.57
2005-10-26,28.78,18.38,6.75
2005-10-27,27.25,17.95,6.62
2005-10-28,29.62,15.36,8.00
2005-10-29,29.38,21.36,10.20
2005-10-30,31.61,24.77,10.74
2005-10-31,29.52,26.04,11.52
2005-11-01,30.74,26.13,14.74
2005-11-02,30.63,24.50,7.99
2005-11-03,31.00,23.46,7.43
2005-11-04,31.61,25.76,7.42
2005-11-05,29.16,25.48,14.40
2005-11-06,30.98,24.55,17.74
2005-11-07,31.34,27.25,18.84
2005-11-08,31.15,27.36,21.44
2005-11-09,31.65,25.84,16.24
2005-11-10,30.69,28.94,14.77
2005-11-11,32.52,29.33,18.77
2005-11-12,31.95,24.85,16.87
2005-11-13,33.39,24.88,14.87
2005-11-14,32.83,23.68,10.60
2005-11-15,31.42,26.47,11.27
2005-11-16,32.30,24.74,12.52
2005-11-17,30.23,23.67,9.39
2005-11-18,30.42,26.67,8.87
2005-11-19,27.95,28.61,10.69
2005-11-20,28.48,26.86,9.41
2005-11-21,30.65,26.98,10.62
2005-11-22,29.33,23.96,8.04
2005-11-23,29.57,14.96,5.35
2005-11-24,31.27,26.19,6.96
2005-11-25,29.66,28.85,13.24
2005-11-26,29.75,25.83,11.62
2005-11-27,32.17,22.51,9.61
2005-11-28,31.58,23.81,11.04
2005-11-29,29.05,22.64,10.19
2005-11-30,28.14,24.68,14.28
2005-12-01,28.98,27.74,19.83
2005-12-02,30.07,24.49,15.79
2005-12-03,32.16,24.66,9.72
2005-12-04,30.92,21.83,8.45
2005-12-05,29.88,21.80,8.27
2005-12-06,30.91,26.12,11.43
2005-12-07,32.47,24.62,8.60
2005-12-08,32.14,25.35,10.27
2005-12-09,32.42,29.99,14.38
2005-12-10,30.21,32.70,22.68
2005-12-11,30.20,29.10,19.87
2005-12-12,33.49,25.68,20.11
2005-12-13,31.05,28.46,14.74
2005-12-14,31.43,29.16,20.16
2005-12-15,30.84,27.08,18.24
2005-12-16,32.73,27.44,15.76
2005-12-17,32.06,29.69,15.65
2005-12-18,31.68,29.27,13.62
2005-12-19,31.37,29.17,15.12
2005-12-20,30.10,29.31,19.05
2005-12-21,30.21,25.43,17.74
2005-12-22,31.42,27.25,16.66
2005-12-23,31.76,29.00,18.81
2005-12-24,31.95,31.06,23.77
2005-12-25,31.88,29.52,23.45
2005-12-26,29.79,26.23,22.45
2005-12-27,30.42,25.17,15.56
2005-12-28,28.91,28.36,18.68
2005-12-29,30.36,26.46,19.17
2005-12-30,31.01,28.49,19.11
2005-12-31,29.86,27.80,18.74
2006-01-01,31.36,26.56,16.07
2006-01-02,31.36,30.16,19.99
2006-01-03,31.11,29.99,18.87
2006-01-04,30.33,28.73,14.40
2006-01-05,28.34,29.66,13.92
2006-01-06,29.01,30.98,14.31
2006-01-07,29.82,27.29,9.77
2006-01-08,30.55,30.87,14.44
2006-01-09,30.95,27.71,13.15
2006-01-10,30.89,28.38,15.06
2006-01-11,30.29,27.87,13.07
2006-01-12,30.22,30.18,15.10
2006-01-13,28.38,29.70,22.77
2006-01-14,25.14,27.55,13.91
2006-01-15,28.05,28.87,11.64
2006-01-16,29.19,31.16,22.00
2006-01-17,28.68,29.25,26.73
2006-01-18,30.60,27.53,19.41
2006-01-19,29.87,28.49,12.16
2006-01-20,30.90,29.02,20.77
2006-01-21,31.20,28.65,23.77
2006-01-22,32.10,28.38,18.94
2006-01-23,32.27,30.80,19.30
2006-01-24,32.50,30.20,16.32
2006-01-25,34.11,33.61,23.29
2006-01-26,34.63,32.09,23.82
2006-01-27,34.10,32.08,23.77
2006-01-28,33.64,30.59,24.07
2006-01-29,33.29,30.05,19.84
2006-01-30,31.40,30.56,25.71
2006-01-31,31.15,30.42,25.43
2006-02-01,30.30,29.91,22.75
2006-02-02,30.62,28.33,22.28
2006-02-03,30.46,28.94,21.47
2006-02-04,31.63,29.42,15.27
2006-02-05,30.92,31.29,15.47
2006-02-06,29.34,29.18,23.66
2006-02-07,29.56,29.01,13.81
2006-02-08,30.75,31.36,20.10
2006-02-09,30.55,31.84,23.94
2006-02-10,31.46,30.54,29.67
2006-02-11,31.66,30.58,23.72
2006-02-12,31.58,29.61,26.41
2006-02-13,30.46,30.95,29.96
2006-02-14,30.73,29.25,23.69
2006-02-15,32.13,30.11,20.91
2006-02-16,31.67,31.28,16.18
2006-02-17,31.77,31.10,21.61
2006-02-18,31.39,30.36,20.45
2006-02-19,32.42,30.35,22.55
2006-02-20,31.31,28.95,21.54
2006-02-21,30.37,27.64,18.16
2006-02-22,31.10,23.67,12.90
2006-02-23,29.89,28.75,19.88
2006-02-24,30.25,29.73,22.76
2006-02-25,31.17,28.40,17.66
2006-02-26,30.68,23.15,10.71
2006-02-27,31.74,26.97,9.93
2006-02-28,32.36,27.19,11.57
2006-03-01,33.03,26.40,16.18
2006-03-02,33.22,23.66,17.69
2006-03-03,32.85,30.77,18.04
2006-03-04,32.61,29.77,19.68
2006-03-05,33.00,27.70,16.03
2006-03-06,30.72,26.94,14.17
2006-03-07,30.05,25.12,10.31
2006-03-08,30.38,27.29,12.13
2006-03-09,29.80,28.98,16.31
2006-03-10,29.88,26.05,16.67
2006-03-11,29.65,28.73,14.22
2006-03-12,30.72,26.91,16.73
2006-03-13,29.38,25.73,12.07
2006-03-14,29.41,27.00,14.64
2006-03-15,30.03,22.86,12.34
2006-03-16,30.96,25.74,10.51
2006-03-17,30.74,27.21,9.71
2006-03-18,30.93,30.07,16.64
2006-03-19,31.24,28.25,13.56
2006-03-20,31.27,27.95,19.30
2006-03-21,31.79,26.61,14.62
2006-03-22,31.42,28.13,15.45
2006-03-23,30.62,25.88,9.05
2006-03-24,29.99,25.29,8.96
2006-03-25,30.85,28.95,16.95
2006-03-26,31.49,27.84,11.69
2006-03-27,31.62,27.45,13.10
2006-03-28,32.38,29.06,19.02
2006-03-29,31.82,26.02,15.43
2006-03-30,30.80,22.97,14.62
2006-03-31,31.44,25.68,16.88
2006-04-01,29.47,27.27,19.62
2006-04-02,30.77,24.26,22.36
2006-04-03,29.75,26.25,15.43
2006-04-04,30.30,26.02,10.93
2006-04-05,28.82,25.57,11.81
2006-04-06,29.36,25.53,15.98
2006-04-07,30.29,22.07,12.44
2006-04-08,30.06,27.11,15.31
2006-04-09,30.07,25.97,18.27
2006-04-10,29.12,24.84,14.96
2006-04-11,29.50,23.23,9.37
2006-04-12,28.90,18.80,9.38
2006-04-13,26.97,15.07,8.47
2006-04-14,27.24,19.37,6.72
2006-04-15,27.00,22.62,13.45
2006-04-16,27.65,26.96,15.27
2006-04-17,29.51,27.40,16.37
2006-04-18,30.61,18.59,7.51
2006-04-19,29.79,21.93,10.14
2006-04-20,29.73,20.08,7.66
2006-04-21,28.93,26.82,6.82
2006-04-22,29.75,27.25,11.85
2006-04-23,29.18,26.17,13.03
2006-04-24,28.71,23.79,10.48
2006-04-25,30.31,25.48,12.91
2006-04-26,28.62,27.73,12.25
2006-04-27,29.46,23.54,16.93
2006-04-28,28.89,22.75,10.01
2006-04-29,30.17,25.36,13.67
2006-04-30,28.31,27.34,15.07
2006-05-01,28.49,24.51,14.88
2006-05-02,30.30,22.70,16.31
2006-05-03,29.51,24.68,15.96
2006-05-04,29.06,19.46,13.37
2006-05-05,30.20,19.78,13.84
2006-05-06,31.30,22.16,13.35
2006-05-07,32.90,23.96,14.51
2006-05-08,32.43,25.12,14.82
2006-05-09,31.77,24.73,14.34
2006-05-10,31.96,24.54,14.63
2006-05-11,30.75,23.49,14.47
2006-05-12,30.35,20.05,14.61
2006-05-13,30.01,21.67,16.80
2006-05-14,30.32,19.97,11.96
2006-05-15,29.91,18.66,7.64
2006-05-16,27.36,17.99,7.87
2006-05-17,27.06,19.33,6.41
2006-05-18,28.71,18.99,4.95
2006-05-19,29.11,16.14,6.41
2006-05-20,28.48,15.04,5.26
2006-05-21,29.39,18.07,8.05
2006-05-22,31.88,21.67,6.97
2006-05-23,32.95,19.25,7.73
2006-05-24,32.39,16.77,9.30
2006-05-25,29.24,15.82,8.43
2006-05-26,26.25,16.09,7.68
2006-05-27,25.70,19.42,9.47
2006-05-28,26.87,18.48,9.90
2006-05-29,25.25,16.26,7.29
2006-05-30,29.70,17.68,8.05
2006-05-31,30.85,17.98,9.17
2006-06-01,32.06,15.43,7.63
2006-06-02,23.96,16.01,5.82
2006-06-03,26.16,16.43,4.67
2006-06-04,27.26,17.31,5.69
2006-06-05,23.36,12.36,5.80
2006-06-06,26.48,13.77,6.80
2006-06-07,26.75,12.06,7.00
2006-06-08,25.10,10.45,5.30
2006-06-09,25.72,14.58,3.02
2006-06-10,25.80,12.52,3.44
2006-06-11,27.27,16.61,4.66
2006-06-12,26.02,15.00,6.58
2006-06-13,29.43,17.11,5.45
2006-06-14,28.97,18.67,5.39
2006-06-15,28.75,18.80,8.96
2006-06-16,25.69,19.86,9.92
2006-06-17,26.15,14.45,5.73
2006-06-18,26.55,17.84,5.61
2006-06-19,26.30,15.01,3.51
2006-06-20,27.10,12.72,3.77
2006-06-21,30.36,17.91,4.71
2006-06-22,31.22,21.30,4.74
2006-06-23,30.79,17.97,7.44
2006-06-24,30.88,11.23,5.79
2006-06-25,31.57,18.03,5.98
2006-06-26,28.94,21.95,7.76
2006-06-27,30.97,18.88,9.36
2006-06-28,33.12,20.92,12.84
2006-06-29,31.49,14.55,8.19
2006-06-30,32.51,17.32,8.88
2006-07-01,36.89,21.99,8.60
2006-07-02,30.80,22.34,8.97
2006-07-03,28.57,22.28,7.35
2006-07-04,30.72,22.43,8.36
2006-07-05,31.28,19.06,12.28
2006-07-06,28.02,14.51,8.00
2006-07-07,30.00,12.56,5.52
2006-07-08,28.74,9.48,1.62
2006-07-09,29.05,11.08,0.85
2006-07-10,28.91,14.59,3.83
2006-07-11,31.67,12.11,2.68
2006-07-12,32.06,11.23,-0.04
2006-07-13,28.69,15.29,2.00
2006-07-14,31.91,18.23,2.22
2006-07-15,32.99,19.71,3.13
2006-07-16,31.71,19.99,5.17
2006-07-17,31.50,21.17,5.00
2006-07-18,28.68,23.59,5.53
2006-07-19,27.64,23.44,6.39
2006-07-20,27.48,19.25,4.46
2006-07-21,29.33,13.81,2.78
2006-07-22,29.27,9.84,0.44
2006-07-23,32.12,14.81,-0.21
2006-07-24,33.77,12.64,1.68
2006-07-25,31.26,10.60,2.96
2006-07-26,28.81,7.42,2.32
2006-07-27,30.04,11.90,1.57
2006-07-28,28.43,14.00,4.22
2006-07-29,27.84,14.09,2.92
2006-07-30,31.23,14.77,2.97
2006-07-31,32.42,16.23,4.84
2006-08-01,31.74,16.36,4.40
2006-08-02,31.89,14.84,3.91
2006-08-03,32.16,16.33,5.37
2006-08-04,30.06,15.80,3.33
2006-08-05,29.95,15.55,7.39
2006-08-06,27.38,12.70,1.61
2006-08-07,30.03,14.97,0.92
2006-08-08,28.30,11.62,0.98
2006-08-09,31.02,11.53,1.31
2006-08-10,28.58,11.21,0.85
2006-08-11,28.40,12.63,0.65
2006-08-12,32.69,15.18,0.74
2006-08-13,29.41,12.11,2.90
2006-08-14,32.02,14.61,2.04
2006-08-15,26.52,15.41,4.68
2006-08-16,32.58,16.19,3.89
2006-08-17,29.91,17.33,7.63
2006-08-18,31.31,21.25,9.75
2006-08-19,33.72,22.51,6.54
2006-08-20,34.06,22.42,8.81
2006-08-21,33.92,23.29,11.65
2006-08-22,33.88,23.33,11.37
2006-08-23,32.70,20.64,13.71
2006-08-24,28.71,19.90,13.26
2006-08-25,30.84,17.72,5.62
2006-08-26,32.57,17.24,5.35
2006-08-27,32.42,18.57,5.51
2006-08-28,31.36,23.02,10.66
2006-08-29,32.66,17.05,11.55
2006-08-30,30.82,13.14,4.19
2006-08-31,33.01,14.70,5.17
2006-09-01,32.05,14.88,4.79
2006-09-02,31.61,17.32,4.95
2006-09-03,30.39,18.32,7.18
2006-09-04,31.88,22.25,9.38
2006-09-05,33.15,21.39,10.76
2006-09-06,29.11,15.55,3.31
2006-09-07,28.94,16.35,5.28
2006-09-08,30.00,19.45,7.16
2006-09-09,33.56,22.20,4.17
2006-09-10,29.21,16.99,4.19
2006-09-11,29.80,13.13,4.67
2006-09-12,28.67,17.85,5.89
2006-09-13,29.33,14.61,4.21
2006-09-14,27.19,16.75,4.74
2006-09-15,27.89,20.77,7.68
2006-09-16,31.95,21.10,7.95
2006-09-17,31.52,24.29,10.15
2006-09-18,29.35,17.16,13.55
2006-09-19,31.68,18.36,8.91
2006-09-20,32.32,23.84,9.05
2006-09-21,31.26,15.62,6.00
2006-09-22,31.38,15.52,5.24
2006-09-23,33.52,23.74,10.68
2006-09-24,32.51,27.22,13.65
2006-09-25,30.09,23.72,11.12
2006-09-26,33.23,16.93,7.14
2006-09-27,30.39,23.76,14.70
2006-09-28,31.33,25.96,13.26
2006-09-29,31.08,25.31,11.29
2006-09-30,33.50,20.50,10.49
2006-10-01,32.22,20.69,7.24
2006-10-02,31.54,19.19,11.59
2006-10-03,30.83,16.27,9.19
2006-10-04,31.09,14.77,5.47
2006-10-05,34.25,24.28,8.89
2006-10-06,33.66,21.69,8.48
2006-10-07,34.79,27.53,8.74
2006-10-08,35.11,26.95,5.86
2006-10-09,34.56,27.10,11.67
2006-10-10,34.64,23.67,13.06
2006-10-11,35.97,24.09,9.78
2006-10-12,33.15,17.15,11.16
2006-10-13,33.86,12.29,7.84
2006-10-14,33.34,17.88,4.42
2006-10-15,32.53,24.93,6.97
2006-10-16,33.54,22.00,13.09
2006-10-17,31.97,19.46,16.01
2006-10-18,31.61,19.71,12.66
2006-10-19,31.75,23.47,12.69
2006-10-20,31.43,26.74,13.57
2006-10-21,30.70,27.14,16.26
2006-10-22,32.80,25.77,11.73
2006-10-23,32.02,25.18,10.76
2006-10-24,32.22,20.69,8.26
2006-10-25,32.73,28.41,12.62
2006-10-26,30.07,19.32,17.77
2006-10-27,31.42,17.12,7.96
2006-10-28,30.84,18.97,5.64
2006-10-29,32.80,22.50,8.71
2006-10-30,29.52,19.82,8.57
2006-10-31,27.64,20.98,7.61
2006-11-01,29.11,19.20,8.20
2006-11-02,29.68,19.68,9.30
2006-11-03,32.95,25.18,14.73
2006-11-04,32.54,24.67,12.17
2006-11-05,31.78,18.22,7.27
2006-11-06,31.12,27.43,10.45
2006-11-07,30.65,25.59,17.59
2006-11-08,30.86,24.46,18.94
2006-11-09,32.69,29.00,20.48
2006-11-10,33.69,30.14,23.75
2006-11-11,34.55,25.19,17.16
2006-11-12,32.73,23.82,8.50
2006-11-13,30.06,23.88,11.09
2006-11-14,29.71,24.09,7.88
2006-11-15,28.53,22.73,7.86
2006-11-16,28.42,21.55,9.47
2006-11-17,30.32,18.82,12.43
2006-11-18,29.94,25.08,14.12
2006-11-19,28.95,32.20,18.80
2006-11-20,31.39,26.11,11.55
2006-11-21,33.32,29.43,13.79
2006-11-22,31.79,28.91,15.97
2006-11-23,32.35,27.98,10.86
2006-11-24,33.65,28.22,10.69
2006-11-25,31.77,27.92,15.30
2006-11-26,31.93,25.23,17.46
2006-11-27,29.66,24.50,12.80
2006-11-28,30.62,28.38,12.24
2006-11-29,31.62,31.41,15.91
2006-11-30,31.60,26.37,13.71
2006-12-01,31.69,23.32,9.77
2006-12-02,32.28,27.08,14.01
2006-12-03,31.27,28.22,15.93
2006-12-04,31.96,27.30,16.13
2006-12-05,30.44,28.94,16.59
2006-12-06,29.50,30.00,16.28
2006-12-07,28.80,27.23,15.00
2006-12-08,29.62,27.00,13.63
2006-12-09,31.91,27.87,16.09
2006-12-10,31.84,28.98,18.96
2006-12-11,33.08,27.45,16.52
2006-12-12,31.13,28.02,15.87
2006-12-13,30.99,24.81,12.43
2006-12-14,31.08,27.94,15.47
2006-12-15,32.42,25.37,15.16
2006-12-16,31.20,25.07,12.17
2006-12-17,33.04,26.73,9.25
2006-12-18,31.97,27.71,12.47
2006-12-19,29.46,26.75,9.97
2006-12-20,29.21,27.62,10.49
2006-12-21,31.63,28.23,11.53
2006-12-22,32.28,28.87,9.71
2006-12-23,33.43,26.38,11.88
2006-12-24,33.48,24.55,13.63
2006-12-25,31.30,29.20,15.79
2006-12-26,30.99,30.35,10.04
2006-12-27,30.30,31.27,11.75
2006-12-28,31.76,32.73,13.82
2006-12-29,34.59,33.99,15.50
2006-12-30,33.46,33.89,22.92
2006-12-31,31.83,31.08,18.85
2007-01-01,31.36,29.31,12.04
2007-01-02,33.36,28.48,15.08
2007-01-03,32.47,29.75,17.25
2007-01-04,31.83,32.19,17.41
2007-01-05,32.11,31.73,20.89
2007-01-06,31.30,29.32,23.18
2007-01-07,31.89,29.48,22.29
2007-01-08,30.51,31.34,19.14
2007-01-09,30.89,29.57,16.08
2007-01-10,32.62,29.67,15.28
2007-01-11,32.64,31.35,16.39
2007-01-12,30.80,34.02,19.46
2007-01-13,30.79,30.97,22.56
2007-01-14,31.83,30.14,22.06
2007-01-15,32.64,29.86,24.65
2007-01-16,31.92,29.24,22.81
2007-01-17,32.62,30.03,20.43
2007-01-18,31.11,29.44,20.48
2007-01-19,31.61,26.89,20.21
2007-01-20,32.44,29.60,21.09
2007-01-21,31.29,28.11,17.23
2007-01-22,28.83,25.17,15.11
2007-01-23,30.68,29.15,13.98
2007-01-24,31.61,28.65,20.54
2007-01-25,31.05,27.91,18.59
2007-01-26,30.64,28.03,15.51
2007-01-27,30.09,29.89,18.68
2007-01-28,30.78,27.93,16.96
2007-01-29,30.28,28.58,15.18
2007-01-30,29.63,31.21,18.32
2007-01-31,31.27,31.73,21.20
2007-02-01,32.27,31.64,24.27
2007-02-02,33.31,28.66,24.75
2007-02-03,33.39,28.61,22.33
2007-02-04,32.43,30.28,22.57
2007-02-05,31.50,26.50,17.77
2007-02-06,31.41,27.30,11.70
2007-02-07,31.16,29.63,13.20
2007-02-08,32.32,29.95,19.04
2007-02-09,30.22,29.69,23.60
2007-02-10,29.79,30.32,27.50
2007-02-11,30.07,26.98,24.68
2007-02-12,31.38,28.93,20.54
2007-02-13,30.30,27.14,12.92
2007-02-14,31.39,26.80,12.18
2007-02-15,32.19,24.72,7.78
2007-02-16,30.55,14.86,12.49
2007-02-17,30.41,24.22,10.38
2007-02-18,31.21,27.30,12.52
2007-02-19,30.13,26.76,18.59
2007-02-20,30.40,23.87,21.18
2007-02-21,29.69,23.93,13.02
2007-02-22,30.51,28.25,12.30
2007-02-23,30.14,30.17,16.49
2007-02-24,31.30,31.71,17.21
2007-02-25,31.23,29.28,16.00
2007-02-26,30.98,26.99,18.27
2007-02-27,31.02,28.09,15.77
2007-02-28,32.52,24.95,11.09
2007-03-01,32.75,25.32,10.20
2007-03-02,32.63,29.81,16.84
2007-03-03,30.79,27.59,22.46
2007-03-04,34.24,31.55,17.22
2007-03-05,33.08,31.21,13.62
2007-03-06,32.54,28.23,21.15
2007-03-07,28.92,25.39,18.56
2007-03-08,31.30,25.17,13.04
2007-03-09,30.34,26.93,12.48
2007-03-10,31.24,30.26,15.32
2007-03-11,29.85,30.04,14.04
2007-03-12,31.01,30.53,16.19
2007-03-13,32.29,28.07,19.61
2007-03-14,30.06,27.23,19.89
2007-03-15,31.16,24.23,19.14
2007-03-16,30.61,28.82,19.26
2007-03-17,30.97,31.47,20.29
2007-03-18,30.71,30.12,21.09
2007-03-19,31.50,27.04,20.16
2007-03-20,32.02,27.14,17.41
2007-03-21,33.43,26.17,14.51
2007-03-22,33.61,22.65,14.22
2007-03-23,31.89,28.94,15.92
2007-03-24,31.61,28.77,16.80
2007-03-25,30.26,25.72,11.48
2007-03-26,30.07,20.81,14.05
2007-03-27,29.54,15.46,18.67
2007-03-28,29.09,18.48,22.79
2007-03-29,30.04,15.65,16.01
2007-03-30,30.27,21.95,19.82
2007-03-31,32.88,28.56,23.80
2007-04-01,31.34,23.23,19.62
2007-04-02,32.84,24.24,16.30
2007-04-03,31.88,24.31,17.94
2007-04-04,31.34,24.40,21.56
2007-04-05,32.16,24.03,21.92
2007-04-06,32.87,25.74,16.51
2007-04-07,32.20,28.66,13.63
2007-04-08,31.21,29.34,17.11
2007-04-09,29.75,21.74,7.58
2007-04-10,28.74,20.80,8.44
2007-04-11,30.75,20.23,6.73
2007-04-12,32.48,26.50,8.62
2007-04-13,32.83,25.37,9.51
2007-04-14,30.83,19.32,9.89
2007-04-15,31.77,26.01,13.69
2007-04-16,30.45,21.92,9.93
2007-04-17,29.18,24.98,11.73
2007-04-18,26.80,23.65,9.32
2007-04-19,26.79,21.02,7.83
2007-04-20,26.50,22.36,9.12
2007-04-21,26.76,21.78,11.48
2007-04-22,30.36,15.88,9.14
2007-04-23,29.78,16.02,8.50
2007-04-24,27.09,19.60,6.92
2007-04-25,26.55,19.78,6.94
2007-04-26,28.23,24.28,10.98
2007-04-27,28.34,27.44,14.93
2007-04-28,33.42,24.15,17.08
2007-04-29,32.90,21.43,15.49
2007-04-30,34.01,18.39,12.51
2007-05-01,33.15,16.31,10.49
2007-05-02,29.95,20.64,10.74
2007-05-03,30.39,18.89,9.23
2007-05-04,30.15,17.74,7.71
2007-05-05,28.06,17.48,7.55
2007-05-06,27.96,16.07,7.33
2007-05-07,26.99,18.16,9.29
2007-05-08,28.86,21.97,11.98
2007-05-09,30.22,22.09,11.56
2007-05-10,32.00,20.18,5.66
2007-05-11,34.06,20.81,9.58
2007-05-12,30.51,19.16,8.06
2007-05-13,29.55,17.70,6.97
2007-05-14,28.91,17.35,6.97
2007-05-15,27.78,12.75,5.78
2007-05-16,27.78,17.70,5.93
2007-05-17,26.31,18.84,7.94
2007-05-18,27.53,19.61,8.93
2007-05-19,26.85,19.25,9.56
2007-05-20,27.06,16.08,6.84
2007-05-21,26.40,14.42,6.35
2007-05-22,25.66,15.18,7.60
2007-05-23,29.12,19.74,11.64
2007-05-24,29.23,21.05,10.49
2007-05-25,28.04,17.46,8.06
2007-05-26,29.99,15.67,5.62
2007-05-27,29.32,15.19,3.76
2007-05-28,28.95,16.83,4.63
2007-05-29,27.39,11.59,4.44
2007-05-30,27.87,12.36,6.24
2007-05-31,26.04,10.63,4.24
2007-06-01,24.89,13.03,4.68
2007-06-02,25.05,16.73,4.67
2007-06-03,28.35,19.22,7.34
2007-06-04,30.63,18.41,6.04
2007-06-05,30.14,15.68,8.33
2007-06-06,28.39,14.65,3.02
2007-06-07,27.09,15.22,2.44
2007-06-08,26.28,13.02,3.57
2007-06-09,27.62,13.07,1.98
2007-06-10,28.44,12.32,-0.40
2007-06-11,30.25,10.09,-0.06
2007-06-12,32.94,9.62,1.92
2007-06-13,32.53,8.92,1.27
2007-06-14,32.34,7.21,0.77
2007-06-15,30.66,14.28,1.36
2007-06-16,25.38,10.95,0.87
2007-06-17,26.64,13.94,0.12
2007-06-18,25.54,13.60,0.23
2007-06-19,25.28,11.79,2.43
2007-06-20,23.95,8.36,0.82
2007-06-21,25.23,12.50,-0.31
2007-06-22,22.59,6.44,0.36
2007-06-23,22.77,10.14,0.01
2007-06-24,25.98,12.99,3.23
2007-06-25,27.32,14.55,6.05
2007-06-26,31.23,13.56,5.02
2007-06-27,29.46,16.57,4.96
2007-06-28,31.63,18.58,4.68
2007-06-29,29.27,20.23,7.11
2007-06-30,29.79,17.16,6.62
2007-07-01,30.25,17.37,6.76
2007-07-02,27.57,16.67,2.51
2007-07-03,27.55,16.15,2.77
2007-07-04,29.66,16.84,1.94
2007-07-05,28.14,12.19,1.27
2007-07-06,25.77,11.87,0.00
2007-07-07,27.21,12.21,0.07
2007-07-08,27.46,6.52,-1.62
2007-07-09,25.57,8.45,-0.79
2007-07-10,27.70,10.86,-1.79
2007-07-11,27.65,13.45,1.58
2007-07-12,28.85,10.18,0.01
2007-07-13,28.70,7.83,0.16
2007-07-14,28.37,13.44,2.55
2007-07-15,28.80,15.34,2.59
2007-07-16,28.36,10.14,0.78
2007-07-17,29.54,15.49,3.15
2007-07-18,28.51,16.73,3.84
2007-07-19,28.25,14.12,3.38
2007-07-20,29.06,13.70,1.07
2007-07-21,26.77,8.52,-0.24
2007-07-22,25.95,10.45,-1.40
2007-07-23,25.74,6.34,0.17
2007-07-24,26.89,11.02,-0.30
2007-07-25,30.67,13.99,1.61
2007-07-26,29.86,17.79,2.81
2007-07-27,31.43,17.20,4.84
2007-07-28,29.57,17.31,5.32
2007-07-29,29.20,15.09,6.29
2007-07-30,26.19,16.11,1.52
2007-07-31,28.30,13.23,2.33
2007-08-01,30.15,11.14,3.73
2007-08-02,27.01,10.60,3.60
2007-08-03,26.51,12.75,5.49
2007-08-04,31.46,14.36,1.88
2007-08-05,22.82,10.31,3.52
2007-08-06,25.79,12.55,-0.20
2007-08-07,26.56,16.35,-0.82
2007-08-08,23.75,6.62,1.57
2007-08-09,24.54,6.93,0.84
2007-08-10,29.06,14.18,0.46
2007-08-11,31.19,19.36,7.19
2007-08-12,26.34,11.44,2.72
2007-08-13,28.48,15.52,0.44
2007-08-14,23.80,10.20,1.41
2007-08-15,24.96,9.70,2.62
2007-08-16,26.05,11.29,4.74
2007-08-17,28.87,14.67,4.44
2007-08-18,27.96,15.47,4.60
2007-08-19,28.06,17.57,6.52
2007-08-20,30.05,20.43,3.55
2007-08-21,31.84,18.25,3.19
2007-08-22,31.57,16.44,3.80
2007-08-23,28.84,11.93,0.90
2007-08-24,25.26,10.45,2.90
2007-08-25,18.53,10.63,-0.54
2007-08-26,19.75,15.50,1.64
2007-08-27,23.74,19.09,0.97
2007-08-28,28.11,18.98,4.32
2007-08-29,29.15,19.39,8.71
2007-08-30,31.72,21.23,7.90
2007-08-31,31.05,22.25,7.71
2007-09-01,31.09,21.96,8.83
2007-09-02,31.77,20.80,5.97
2007-09-03,30.50,16.26,1.94
2007-09-04,29.46,16.50,2.67
2007-09-05,30.61,21.80,4.53
2007-09-06,31.89,24.01,6.58
2007-09-07,32.60,23.37,7.03
2007-09-08,30.36,16.16,7.07
2007-09-09,30.92,14.73,6.73
2007-09-10,31.54,16.90,4.16
2007-09-11,32.97,18.50,9.51
2007-09-12,31.34,18.55,9.96
2007-09-13,29.17,11.42,9.87
2007-09-14,28.26,16.95,7.86
2007-09-15,30.43,15.40,7.77
2007-09-16,28.36,17.12,6.50
2007-09-17,26.57,14.04,7.38
2007-09-18,32.06,19.88,6.00
2007-09-19,28.34,14.57,4.16
2007-09-20,32.76,14.54,4.25
2007-09-21,26.23,16.62,3.84
2007-09-22,24.79,17.60,4.62
2007-09-23,27.23,19.47,9.05
2007-09-24,25.24,22.93,12.98
2007-09-25,27.94,18.28,15.05
2007-09-26,29.94,18.28,6.25
2007-09-27,31.82,20.80,8.26
2007-09-28,34.42,24.96,13.71
2007-09-29,33.88,25.10,14.47
2007-09-30,27.53,20.51,8.28
2007-10-01,32.87,19.85,8.47
2007-10-02,27.41,23.56,10.95
2007-10-03,32.20,21.18,9.19
2007-10-04,29.84,18.92,6.77
2007-10-05,30.30,16.68,5.71
2007-10-06,29.87,22.03,6.93
2007-10-07,29.31,24.81,13.71
2007-10-08,30.93,19.12,14.04
2007-10-09,32.34,18.83,8.00
2007-10-10,29.56,19.55,11.79
2007-10-11,28.21,16.10,13.34
2007-10-12,27.16,21.05,7.87
2007-10-13,25.96,14.81,5.84
2007-10-14,27.48,16.93,12.68
2007-10-15,30.98,19.19,7.29
2007-10-16,30.21,25.96,5.69
2007-10-17,32.77,26.52,8.48
2007-10-18,32.33,27.61,13.23
2007-10-19,30.73,22.36,6.41
2007-10-20,30.96,23.52,8.54
2007-10-21,28.77,26.69,10.68
2007-10-22,30.65,26.80,13.34
2007-10-23,31.14,30.16,19.64
2007-10-24,30.69,21.21,11.08
2007-10-25,30.15,24.27,8.42
2007-10-26,28.96,25.56,8.19
2007-10-27,27.69,29.03,10.14
2007-10-28,28.23,22.09,8.16
2007-10-29,26.89,23.55,10.29
2007-10-30,29.76,21.87,8.32
2007-10-31,28.14,17.48,8.30
2007-11-01,28.02,23.20,7.09
2007-11-02,29.18,21.53,9.61
2007-11-03,28.10,25.62,9.55
2007-11-04,28.30,29.09,11.64
2007-11-05,32.32,27.73,10.99
2007-11-06,32.57,31.55,13.11
2007-11-07,32.27,29.89,12.54
2007-11-08,30.16,23.38,13.09
2007-11-09,29.08,16.32,7.11
2007-11-10,28.52,21.45,7.59
2007-11-11,30.30,25.53,7.41
2007-11-12,31.69,24.20,6.65
2007-11-13,31.69,23.41,8.67
2007-11-14,32.11,29.42,17.95
2007-11-15,31.30,26.20,17.15
2007-11-16,33.72,24.45,6.17
2007-11-17,33.45,25.18,10.23
2007-11-18,33.41,28.83,11.03
2007-11-19,32.77,33.53,16.96
2007-11-20,30.50,34.33,25.33
2007-11-21,28.77,28.98,18.65
2007-11-22,28.30,26.46,9.66
2007-11-23,30.96,28.98,18.82
2007-11-24,30.32,25.62,17.12
2007-11-25,31.25,25.57,15.11
2007-11-26,34.39,26.64,13.55
2007-11-27,34.30,27.57,16.95
2007-11-28,32.00,28.96,17.11
2007-11-29,31.26,27.82,14.98
2007-11-30,31.30,27.27,12.58
2007-12-01,30.91,28.41,11.05
2007-12-02,31.20,29.57,16.82
2007-12-03,31.68,25.82,9.55
2007-12-04,29.65,24.22,10.06
2007-12-05,29.95,26.47,12.33
2007-12-06,29.84,23.69,9.80
2007-12-07,27.24,26.22,12.96
2007-12-08,31.14,25.84,9.38
2007-12-09,34.03,24.62,6.96
2007-12-10,34.41,27.61,9.75
2007-12-11,31.70,32.23,16.68
2007-12-12,27.96,31.04,17.18
2007-12-13,28.10,23.63,9.71
2007-12-14,28.47,28.72,13.05
2007-12-15,29.88,28.66,20.42
2007-12-16,29.94,26.68,21.04
2007-12-17,32.07,26.00,18.11
2007-12-18,31.65,30.81,21.70
2007-12-19,31.51,30.45,20.57
2007-12-20,30.91,28.92,18.22
2007-12-21,32.02,29.09,20.76
2007-12-22,32.94,29.26,18.70
2007-12-23,34.00,31.85,18.90
2007-12-24,32.33,31.62,28.24
2007-12-25,30.77,25.38,26.31
2007-12-26,31.20,25.91,24.56
2007-12-27,31.49,27.25,18.96
2007-12-28,34.22,28.09,17.53
2007-12-29,34.10,28.41,12.52
2007-12-30,34.34,29.70,10.44
2007-12-31,32.27,32.62,16.09
2008-01-01,31.15,31.05,18.40
2008-01-02,30.54,30.34,16.31
2008-01-03,34.63,31.40,18.56
2008-01-04,32.31,32.35,22.20
2008-01-05,31.77,32.08,26.98
2008-01-06,31.45,30.78,22.34
2008-01-07,30.16,30.10,18.03
2008-01-08,30.43,30.23,15.58
2008-01-09,29.95,27.62,11.47
2008-01-10,30.70,25.64,9.38
2008-01-11,29.66,31.75,14.82
2008-01-12,25.77,29.16,15.85
2008-01-13,28.30,30.59,16.65
2008-01-14,29.91,31.56,20.54
2008-01-15,30.06,32.66,16.67
2008-01-16,30.07,32.09,19.68
2008-01-17,30.77,28.95,15.06
2008-01-18,33.30,28.98,18.73
2008-01-19,32.77,30.36,25.66
2008-01-20,31.41,29.57,18.55
2008-01-21,31.92,29.77,17.41
2008-01-22,33.19,29.35,25.74
2008-01-23,32.51,29.55,25.75
2008-01-24,32.20,28.82,25.37
2008-01-25,33.27,27.25,21.22
2008-01-26,32.88,28.06,22.58
2008-01-27,31.45,31.05,25.17
2008-01-28,31.00,29.72,29.27
2008-01-29,30.89,27.68,27.81
2008-01-30,30.98,27.34,26.25
2008-01-31,31.04,28.29,22.89
2008-02-01,30.38,29.77,20.69
2008-02-02,29.62,31.14,25.84
2008-02-03,30.19,29.75,30.94
2008-02-04,31.19,27.66,25.69
2008-02-05,30.32,29.76,25.70
2008-02-06,29.45,24.39,23.30
2008-02-07,30.14,28.39,26.47
2008-02-08,30.35,29.04,19.18
2008-02-09,30.39,29.57,16.04
2008-02-10,30.58,33.26,23.79
2008-02-11,33.31,31.72,27.14
2008-02-12,32.28,30.31,20.59
2008-02-13,32.88,29.54,17.86
2008-02-14,33.49,30.36,14.81
2008-02-15,32.55,30.87,18.49
2008-02-16,31.96,30.25,17.53
2008-02-17,32.87,29.98,17.51
2008-02-18,30.26,32.25,21.64
2008-02-19,30.15,32.52,22.84
2008-02-20,29.32,29.95,24.36
2008-02-21,29.45,28.70,22.35
2008-02-22,30.48,29.40,22.74
2008-02-23,30.82,28.66,23.92
2008-02-24,30.45,28.73,23.65
2008-02-25,30.06,28.19,25.04
2008-02-26,29.88,28.55,24.30
2008-02-27,30.81,28.36,23.13
2008-02-28,31.47,31.21,22.95
2008-02-29,31.96,29.82,18.71
2008-03-01,30.39,29.13,16.88
2008-03-02,32.52,30.01,22.99
2008-03-03,32.92,30.48,23.41
2008-03-04,31.79,29.41,21.14
2008-03-05,32.12,27.74,16.24
2008-03-06,32.25,25.09,24.64
2008-03-07,32.23,21.15,22.55
2008-03-08,33.47,25.14,12.82
2008-03-09,33.28,26.94,18.73
2008-03-10,32.09,26.52,22.62
2008-03-11,30.80,24.10,18.40
2008-03-12,30.14,28.72,20.91
2008-03-13,29.53,29.24,25.15
2008-03-14,29.01,26.28,21.47
2008-03-15,29.12,25.48,15.83
2008-03-16,29.70,25.48,14.11
2008-03-17,29.41,28.00,17.34
2008-03-18,29.16,28.21,20.44
2008-03-19,29.37,27.19,13.34
2008-03-20,29.50,29.05,15.61
2008-03-21,30.45,27.77,18.61
2008-03-22,30.74,28.62,22.10
2008-03-23,31.20,26.16,22.18
2008-03-24,31.29,26.62,18.70
2008-03-25,31.56,27.11,13.73
2008-03-26,29.89,28.07,12.71
2008-03-27,28.91,26.91,17.28
2008-03-28,29.14,26.30,22.02
2008-03-29,29.69,24.89,20.01
2008-03-30,28.86,25.31,13.78
2008-03-31,28.76,27.15,16.62
2008-04-01,28.82,25.75,17.75
2008-04-02,26.25,27.48,20.32
2008-04-03,27.81,26.44,20.34
2008-04-04,29.79,26.86,15.68
2008-04-05,29.59,27.23,12.60
2008-04-06,30.55,26.15,10.26
2008-04-07,30.81,22.72,10.96
2008-04-08,30.71,26.23,10.89
2008-04-09,30.20,26.43,10.98
2008-04-10,28.96,23.78,6.37
2008-04-11,27.93,18.49,7.03
2008-04-12,26.72,19.32,2.95
2008-04-13,27.39,18.93,7.22
2008-04-14,26.38,24.61,12.76
2008-04-15,26.55,21.37,9.65
2008-04-16,27.74,24.59,7.59
2008-04-17,31.16,28.53,13.81
2008-04-18,32.26,27.60,12.16
2008-04-19,32.45,28.88,17.36
2008-04-20,31.52,26.83,14.97
2008-04-21,30.60,22.29,10.67
2008-04-22,32.68,21.80,12.60
2008-04-23,31.85,22.84,11.93
2008-04-24,30.77,23.23,11.50
2008-04-25,29.43,17.73,12.55
2008-04-26,30.43,20.64,8.39
2008-04-27,30.22,16.76,8.18
2008-04-28,30.15,15.41,6.96
2008-04-29,28.39,19.51,12.46
2008-04-30,26.09,15.46,13.41
2008-05-01,29.94,18.04,12.51
2008-05-02,29.43,22.20,15.19
2008-05-03,30.48,23.67,16.01
2008-05-04,31.68,21.82,11.88
2008-05-05,32.10,21.71,11.17
2008-05-06,28.81,18.39,8.84
2008-05-07,28.77,17.63,9.00
2008-05-08,31.95,20.10,9.59
2008-05-09,33.48,18.84,10.16
2008-05-10,31.23,20.24,11.72
2008-05-11,31.36,20.68,11.65
2008-05-12,32.29,22.65,14.69
2008-05-13,32.11,22.38,14.10
2008-05-14,32.43,21.59,10.19
2008-05-15,33.19,22.45,8.64
2008-05-16,32.21,21.98,11.20
2008-05-17,29.79,15.06,7.79
2008-05-18,31.30,15.47,8.71
2008-05-19,31.30,14.74,5.80
2008-05-20,30.84,14.45,7.93
2008-05-21,28.12,14.55,8.73
2008-05-22,28.66,15.87,8.76
2008-05-23,25.30,17.39,9.10
2008-05-24,25.43,19.39,9.80
2008-05-25,25.95,15.23,5.07
2008-05-26,28.34,11.62,5.61
2008-05-27,28.33,9.00,4.86
2008-05-28,27.05,10.22,5.01
2008-05-29,27.57,13.18,4.20
2008-05-30,26.79,16.48,5.48
2008-05-31,32.52,16.58,6.99
2008-06-01,28.72,15.93,8.56
2008-06-02,31.41,17.34,7.60
2008-06-03,30.60,13.12,7.45
2008-06-04,27.23,11.62,6.23
2008-06-05,26.82,15.11,5.69
2008-06-06,25.14,18.07,8.12
2008-06-07,27.72,14.12,4.30
2008-06-08,26.79,11.93,3.02
2008-06-09,28.52,15.79,3.64
2008-06-10,24.93,15.78,5.12
2008-06-11,20.86,16.02,4.91
2008-06-12,27.68,16.59,4.54
2008-06-13,31.28,17.44,3.68
2008-06-14,28.28,17.98,4.47
2008-06-15,31.07,20.43,7.31
2008-06-16,29.67,20.38,6.36
2008-06-17,28.28,17.70,6.84
2008-06-18,25.11,9.47,6.04
2008-06-19,24.81,9.14,4.93
2008-06-20,25.89,12.07,5.19
2008-06-21,25.51,13.74,5.58
2008-06-22,26.70,13.50,5.23
2008-06-23,28.97,13.03,6.93
2008-06-24,31.42,13.58,7.32
2008-06-25,26.71,16.18,7.41
2008-06-26,22.47,16.63,5.25
2008-06-27,28.86,16.87,6.59
2008-06-28,29.00,19.43,7.98
2008-06-29,31.81,19.78,8.97
2008-06-30,30.70,18.57,6.55
2008-07-01,28.36,19.47,6.09
2008-07-02,29.27,18.79,6.69
2008-07-03,26.29,20.66,10.75
2008-07-04,25.89,15.08,5.34
2008-07-05,25.60,13.93,5.43
2008-07-06,23.14,14.19,5.30
2008-07-07,23.86,16.41,4.09
2008-07-08,26.66,18.76,4.98
2008-07-09,27.72,19.40,7.46
2008-07-10,28.75,15.84,3.71
2008-07-11,28.71,15.44,8.43
2008-07-12,27.31,9.57,4.96
2008-07-13,27.85,15.86,4.35
2008-07-14,24.30,19.27,4.20
2008-07-15,25.75,17.98,8.68
2008-07-16,27.46,15.53,4.43
2008-07-17,26.53,12.32,2.36
2008-07-18,24.69,13.63,3.85
2008-07-19,28.14,14.19,4.19
2008-07-20,30.40,10.48,3.76
2008-07-21,28.48,12.70,4.25
2008-07-22,29.73,13.02,5.95
2008-07-23,28.22,12.79,2.66
2008-07-24,28.74,15.92,6.43
2008-07-25,26.52,14.42,3.85
2008-07-26,27.42,16.07,5.59
2008-07-27,26.91,13.39,3.36
2008-07-28,25.87,15.09,4.64
2008-07-29,23.61,16.47,3.85
2008-07-30,26.98,13.69,1.52
2008-07-31,25.68,17.38,4.72
2008-08-01,28.62,11.12,2.98
2008-08-02,30.70,13.85,4.29
2008-08-03,29.82,17.62,5.16
2008-08-04,27.75,9.57,1.62
2008-08-05,28.44,16.53,0.30
2008-08-06,28.98,15.80,0.45
2008-08-07,29.15,18.27,2.84
2008-08-08,34.67,19.81,2.29
2008-08-09,34.54,20.35,4.83
2008-08-10,31.36,15.19,2.74
2008-08-11,28.59,11.73,1.13
2008-08-12,29.03,18.68,1.43
2008-08-13,29.58,17.17,5.12
2008-08-14,30.42,15.01,3.95
2008-08-15,33.12,11.01,3.16
2008-08-16,29.11,11.28,1.14
2008-08-17,26.49,15.16,1.56
2008-08-18,23.59,13.37,3.38
2008-08-19,22.46,11.92,2.52
2008-08-20,25.07,14.22,2.54
2008-08-21,25.40,15.86,2.79
2008-08-22,25.85,18.12,8.86
2008-08-23,28.82,15.45,5.35
2008-08-24,29.29,19.63,6.42
2008-08-25,29.09,19.54,3.56
2008-08-26,28.43,15.72,3.65
2008-08-27,26.09,12.36,4.39
2008-08-28,31.79,15.99,4.17
2008-08-29,31.91,20.36,4.91
2008-08-30,30.60,23.33,2.46
2008-08-31,29.75,19.85,1.50
2008-09-01,30.21,18.30,2.48
2008-09-02,29.96,12.06,1.63
2008-09-03,22.93,10.35,5.13
2008-09-04,21.91,11.96,6.61
2008-09-05,24.48,11.81,8.47
2008-09-06,27.63,16.97,5.84
2008-09-07,29.21,16.59,5.04
2008-09-08,32.21,17.73,6.55
2008-09-09,31.53,16.56,7.39
2008-09-10,30.08,15.42,5.86
2008-09-11,33.47,17.84,7.89
2008-09-12,33.78,20.81,10.70
2008-09-13,32.60,23.43,11.70
2008-09-14,33.04,22.62,13.26
2008-09-15,32.92,24.87,14.81
2008-09-16,32.99,24.80,11.75
2008-09-17,33.33,19.66,6.56
2008-09-18,29.44,14.22,10.57
2008-09-19,31.07,19.45,10.73
2008-09-20,33.94,24.08,15.05
2008-09-21,31.67,27.61,17.47
2008-09-22,31.02,21.00,12.81
2008-09-23,31.92,20.23,8.07
2008-09-24,31.70,24.61,15.92
2008-09-25,33.18,21.94,16.56
2008-09-26,33.54,15.77,8.32
2008-09-27,31.52,16.99,8.97
2008-09-28,29.12,17.99,14.60
2008-09-29,33.56,23.19,15.67
2008-09-30,31.20,15.55,9.22
2008-10-01,31.50,19.33,6.57
2008-10-02,28.67,19.71,6.29
2008-10-03,26.60,17.15,5.27
2008-10-04,30.57,21.39,7.45
2008-10-05,30.59,21.10,6.16
2008-10-06,31.56,26.68,12.25
2008-10-07,29.93,25.68,15.52
2008-10-08,31.77,23.11,17.09
2008-10-09,32.35,22.59,13.04
2008-10-10,31.73,19.90,10.82
2008-10-11,31.62,17.77,7.72
2008-10-12,31.38,16.98,11.12
2008-10-13,29.11,16.68,9.62
2008-10-14,28.65,18.57,12.03
2008-10-15,29.39,23.54,14.57
2008-10-16,30.22,25.27,15.59
2008-10-17,30.80,26.64,15.55
2008-10-18,31.05,26.66,13.62
2008-10-19,32.35,25.62,8.26
2008-10-20,32.89,20.76,8.62
2008-10-21,31.92,22.29,7.07
2008-10-22,30.63,23.39,8.97
2008-10-23,29.26,26.11,11.12
2008-10-24,29.71,25.31,16.24
2008-10-25,29.62,20.45,8.93
2008-10-26,30.35,25.68,12.92
2008-10-27,31.54,21.43,12.26
2008-10-28,29.32,18.48,7.82
2008-10-29,28.84,26.15,13.46
2008-10-30,30.94,24.96,16.13
2008-10-31,32.01,24.98,14.09
2008-11-01,29.34,23.23,13.53
2008-11-02,29.44,26.68,15.72
2008-11-03,32.49,24.76,14.32
2008-11-04,32.35,26.77,10.13
2008-11-05,31.59,25.03,8.20
2008-11-06,30.51,25.61,9.98
2008-11-07,28.80,22.14,7.01
2008-11-08,27.35,24.54,9.11
2008-11-09,28.24,26.36,11.10
2008-11-10,30.12,28.93,18.13
2008-11-11,32.45,30.06,18.36
2008-11-12,32.05,30.22,21.98
2008-11-13,30.30,26.41,16.83
2008-11-14,28.33,23.50,11.73
2008-11-15,29.73,24.10,19.34
2008-11-16,32.13,27.36,17.70
2008-11-17,34.30,28.95,20.33
2008-11-18,32.37,29.43,19.20
2008-11-19,32.02,29.90,19.73
2008-11-20,30.61,28.99,17.15
2008-11-21,31.28,26.84,12.65
2008-11-22,32.30,25.56,10.09
2008-11-23,32.18,27.52,11.60
2008-11-24,31.74,28.75,14.28
2008-11-25,32.12,25.97,20.00
2008-11-26,30.88,25.46,16.45
2008-11-27,29.50,25.48,12.01
2008-11-28,29.11,26.50,10.62
2008-11-29,31.03,27.77,15.47
2008-11-30,28.71,28.81,23.34
2008-12-01,30.70,27.89,28.29
2008-12-02,29.89,27.74,27.24
2008-12-03,32.40,25.55,20.82
2008-12-04,31.01,28.99,22.00
2008-12-05,31.92,29.43,25.20
2008-12-06,31.25,28.13,24.41
2008-12-07,31.53,27.66,20.38
2008-12-08,32.37,27.26,20.35
2008-12-09,31.87,30.07,21.40
2008-12-10,32.91,31.76,17.76
2008-12-11,31.30,28.96,21.65
2008-12-12,32.63,29.27,23.30
2008-12-13,32.78,30.57,25.56
2008-12-14,31.99,30.61,25.50
2008-12-15,29.74,27.14,17.97
2008-12-16,29.06,26.36,15.36
2008-12-17,30.40,28.01,18.52
2008-12-18,30.86,28.82,21.61
2008-12-19,29.91,29.09,17.49
2008-12-20,28.37,26.00,10.51
2008-12-21,28.43,28.69,10.61
2008-12-22,28.83,28.87,16.36
2008-12-23,29.34,30.51,19.50
2008-12-24,29.40,29.41,16.97
2008-12-25,30.65,29.63,23.21
2008-12-26,29.30,27.59,20.39
2008-12-27,29.60,25.91,12.95
2008-12-28,31.05,29.59,13.92
2008-12-29,31.05,32.53,21.92
2008-12-30,30.32,31.38,19.21
2008-12-31,29.80,31.04,22.66
2009-01-01,29.70,28.46,23.76
2009-01-02,30.55,31.97,21.53
2009-01-03,31.18,32.36,25.99
2009-01-04,32.04,30.30,21.31
2009-01-05,32.83,31.21,15.13
2009-01-06,32.44,29.16,14.44
2009-01-07,32.10,29.38,18.53
2009-01-08,31.33,30.75,22.61
2009-01-09,31.00,32.20,22.68
2009-01-10,30.18,31.95,20.75
2009-01-11,30.72,30.42,22.99
2009-01-12,29.12,31.01,20.19
2009-01-13,28.65,31.66,17.73
2009-01-14,29.53,29.09,13.82
2009-01-15,30.59,31.56,19.70
2009-01-16,30.52,32.10,11.57
2009-01-17,29.34,29.36,14.59
2009-01-18,29.71,30.98,16.81
2009-01-19,31.86,31.92,25.83
2009-01-20,32.68,31.17,27.04
2009-01-21,33.39,30.61,25.50
2009-01-22,33.33,30.95,25.69
2009-01-23,31.22,30.58,23.51
2009-01-24,30.71,27.65,11.75
2009-01-25,30.52,30.96,15.13
2009-01-26,29.86,31.02,17.78
2009-01-27,30.58,33.12,23.51
2009-01-28,31.38,33.17,25.82
2009-01-29,31.36,30.52,23.68
2009-01-30,30.82,30.54,15.22
2009-01-31,31.19,30.13,20.88
2009-02-01,31.67,30.00,17.18
2009-02-02,32.57,28.25,15.61
2009-02-03,32.96,30.78,17.77
2009-02-04,31.97,30.34,17.09
2009-02-05,31.06,28.95,11.87
2009-02-06,30.70,31.26,15.03
2009-02-07,31.19,28.17,16.15
2009-02-08,31.37,30.69,17.68
2009-02-09,31.41,27.83,23.57
2009-02-10,33.68,30.62,14.69
2009-02-11,33.49,33.56,15.97
2009-02-12,31.09,31.29,18.47
2009-02-13,29.27,30.72,17.05
2009-02-14,28.35,30.40,22.54
2009-02-15,28.49,27.54,15.74
2009-02-16,29.20,29.26,12.82
2009-02-17,29.92,30.91,19.57
2009-02-18,31.13,28.36,15.82
2009-02-19,31.12,27.93,12.14
2009-02-20,29.85,28.22,14.43
2009-02-21,30.73,24.11,17.50
2009-02-22,29.03,32.10,17.51
2009-02-23,29.25,31.47,21.48
2009-02-24,29.38,29.21,24.19
2009-02-25,30.00,29.17,22.14
2009-02-26,29.74,29.44,24.31
2009-02-27,30.75,28.28,27.45
2009-02-28,32.13,26.13,20.82
2009-03-01,33.71,27.32,12.95
2009-03-02,33.67,27.50,18.32
2009-03-03,32.41,22.11,18.32
2009-03-04,32.90,28.23,16.86
2009-03-05,32.12,30.35,16.48
2009-03-06,31.34,31.24,17.81
2009-03-07,31.78,30.84,20.04
2009-03-08,32.20,30.15,26.59
2009-03-09,31.63,30.80,30.01
2009-03-10,30.94,27.20,26.00
2009-03-11,30.53,28.27,19.64
2009-03-12,31.00,30.15,18.69
2009-03-13,31.61,30.19,17.07
2009-03-14,30.23,29.88,14.69
2009-03-15,30.49,32.68,22.06
2009-03-16,31.40,27.66,11.83
2009-03-17,30.55,30.10,20.03
2009-03-18,27.74,28.54,24.75
2009-03-19,29.51,25.96,18.53
2009-03-20,31.77,28.10,20.80
2009-03-21,30.75,28.04,18.20
2009-03-22,30.32,27.70,16.92
2009-03-23,31.10,27.12,20.94
2009-03-24,31.51,28.05,20.62
2009-03-25,32.10,27.17,18.17
2009-03-26,30.43,27.44,18.64
2009-03-27,32.92,27.78,16.08
2009-03-28,32.72,28.19,11.95
2009-03-29,32.16,27.68,11.04
2009-03-30,31.77,27.91,10.41
2009-03-31,31.34,30.08,15.71
2009-04-01,30.61,25.94,16.02
2009-04-02,30.87,25.43,10.77
2009-04-03,30.61,22.80,8.68
2009-04-04,31.00,25.32,9.13
2009-04-05,30.11,27.62,8.74
2009-04-06,30.16,28.73,13.41
2009-04-07,30.64,28.45,17.74
2009-04-08,26.93,26.67,18.16
2009-04-09,30.03,25.90,20.85
2009-04-10,30.14,24.74,20.34
2009-04-11,31.43,25.00,18.80
2009-04-12,30.82,24.45,14.15
2009-04-13,31.39,26.48,17.35
2009-04-14,29.29,27.93,19.23
2009-04-15,28.73,25.98,16.51
2009-04-16,28.96,27.14,15.46
2009-04-17,30.18,24.59,11.74
2009-04-18,29.22,27.92,14.84
2009-04-19,30.54,28.20,15.95
2009-04-20,31.20,27.28,13.99
2009-04-21,31.43,27.80,13.89
2009-04-22,29.65,25.87,10.13
2009-04-23,31.00,24.11,8.29
2009-04-24,30.97,24.68,11.79
2009-04-25,30.62,25.07,10.10
2009-04-26,30.88,27.10,15.50
2009-04-27,30.48,24.45,15.21
2009-04-28,30.16,23.79,17.36
2009-04-29,28.71,22.98,20.16
2009-04-30,31.01,23.31,17.33
2009-05-01,30.00,24.96,13.46
2009-05-02,31.59,22.66,12.93
2009-05-03,29.43,19.35,7.92
2009-05-04,27.34,21.15,6.01
2009-05-05,29.29,25.56,12.25
2009-05-06,30.38,21.79,11.23
2009-05-07,31.27,19.91,8.59
2009-05-08,32.30,23.04,8.73
2009-05-09,32.28,20.80,6.89
2009-05-10,31.75,20.40,3.75
2009-05-11,30.75,19.89,7.57
2009-05-12,28.92,20.67,5.41
2009-05-13,30.21,16.88,8.16
2009-05-14,29.57,19.41,7.65
2009-05-15,28.83,21.23,6.76
2009-05-16,30.26,20.64,7.50
2009-05-17,29.43,17.21,4.25
2009-05-18,29.70,21.55,7.67
2009-05-19,29.34,22.90,7.48
2009-05-20,32.65,22.01,9.21
2009-05-21,35.18,24.34,8.58
2009-05-22,32.02,23.85,10.96
2009-05-23,34.77,22.18,10.42
2009-05-24,31.96,19.23,8.55
2009-05-25,30.25,15.28,4.36
2009-05-26,28.10,16.30,5.12
2009-05-27,26.63,17.01,8.91
2009-05-28,24.91,16.89,8.86
2009-05-29,23.27,14.63,10.62
2009-05-30,26.28,14.77,6.74
2009-05-31,30.22,18.00,8.63
2009-06-01,30.95,21.18,9.72
2009-06-02,33.12,22.45,11.85
2009-06-03,31.78,19.38,7.76
2009-06-04,29.38,19.05,7.41
2009-06-05,30.41,22.23,10.75
2009-06-06,29.14,19.19,8.55
2009-06-07,30.47,17.29,9.70
2009-06-08,32.20,17.63,9.82
2009-06-09,30.36,19.34,6.07
2009-06-10,28.36,19.61,9.84
2009-06-11,28.35,20.94,10.77
2009-06-12,31.17,20.27,11.80
2009-06-13,30.70,17.54,7.17
2009-06-14,27.76,12.00,4.08
2009-06-15,28.17,14.89,4.07
2009-06-16,26.29,17.91,5.01
2009-06-17,29.16,13.37,3.88
2009-06-18,30.06,13.45,4.31
2009-06-19,29.08,11.53,2.14
2009-06-20,30.18,10.08,0.56
2009-06-21,29.63,12.37,0.14
2009-06-22,27.09,11.64,0.42
2009-06-23,25.61,14.27,2.55
2009-06-24,29.17,15.51,4.04
2009-06-25,31.32,13.96,5.54
2009-06-26,33.91,16.76,6.25
2009-06-27,31.36,17.42,5.20
2009-06-28,26.57,8.78,3.86
2009-06-29,29.86,12.99,4.39
2009-06-30,25.99,10.87,4.72
2009-07-01,25.31,13.66,2.59
2009-07-02,28.39,16.62,3.13
2009-07-03,28.66,16.55,7.46
2009-07-04,28.19,12.78,5.01
2009-07-05,28.13,14.20,3.47
2009-07-06,27.53,16.49,3.50
2009-07-07,28.11,15.47,2.51
2009-07-08,30.79,15.87,2.55
2009-07-09,31.04,16.43,2.59
2009-07-10,30.66,14.13,4.17
2009-07-11,31.55,18.51,4.62
2009-07-12,27.43,14.00,3.08
2009-07-13,26.68,17.55,4.47
2009-07-14,26.27,18.66,9.09
2009-07-15,29.04,14.73,5.89
2009-07-16,29.90,19.22,8.29
2009-07-17,29.02,16.88,9.07
2009-07-18,28.14,13.80,5.88
2009-07-19,25.89,11.96,6.74
2009-07-20,23.59,12.29,7.11
2009-07-21,20.86,9.92,1.19
2009-07-22,25.95,8.71,-0.10
2009-07-23,25.55,11.95,2.49
2009-07-24,27.44,15.52,1.51
2009-07-25,29.44,16.82,3.06
2009-07-26,31.25,16.81,2.59
2009-07-27,31.06,15.71,3.60
2009-07-28,33.35,16.89,4.16
2009-07-29,32.87,19.17,6.67
2009-07-30,30.92,18.22,5.50
2009-07-31,32.14,13.97,5.27
2009-08-01,29.74,15.85,5.24
2009-08-02,33.21,18.95,9.00
2009-08-03,29.19,19.30,3.54
2009-08-04,30.39,13.48,2.48
2009-08-05,30.50,11.71,2.94
2009-08-06,27.47,11.94,4.21
2009-08-07,25.42,14.17,3.69
2009-08-08,20.08,16.97,6.00
2009-08-09,26.85,16.75,3.32
2009-08-10,31.51,20.44,5.84
2009-08-11,32.81,22.65,7.43
2009-08-12,31.66,13.18,4.32
2009-08-13,32.62,16.86,4.78
2009-08-14,31.66,13.74,2.81
2009-08-15,29.20,8.31,1.02
2009-08-16,27.73,10.77,1.03
2009-08-17,29.08,12.35,1.11
2009-08-18,30.09,8.57,3.24
2009-08-19,30.63,13.84,1.43
2009-08-20,31.87,16.91,3.00
2009-08-21,26.93,13.32,2.03
2009-08-22,25.70,14.86,0.46
2009-08-23,27.86,17.16,2.33
2009-08-24,32.68,18.61,3.63
2009-08-25,31.42,20.77,6.27
2009-08-26,32.48,23.01,6.24
2009-08-27,33.20,24.25,12.41
2009-08-28,31.14,22.91,4.94
2009-08-29,30.88,19.56,3.81
2009-08-30,31.21,18.25,4.64
2009-08-31,31.01,14.66,5.87
2009-09-01,30.98,15.01,6.13
2009-09-02,31.58,11.69,5.81
2009-09-03,31.84,15.07,8.11
2009-09-04,35.80,19.54,4.03
2009-09-05,35.48,12.55,3.63
2009-09-06,33.64,12.70,3.23
2009-09-07,31.56,10.60,3.32
2009-09-08,29.86,13.12,4.02
2009-09-09,26.43,15.76,4.22
2009-09-10,28.29,19.19,10.56
2009-09-11,31.38,22.75,14.53
2009-09-12,31.69,24.27,10.78
2009-09-13,33.34,20.36,7.23
2009-09-14,31.44,17.30,7.33
2009-09-15,26.46,17.04,8.92
2009-09-16,25.75,20.05,13.61
2009-09-17,29.07,15.15,6.50
2009-09-18,30.45,19.73,8.07
2009-09-19,30.57,24.74,10.81
2009-09-20,31.23,23.24,7.38
2009-09-21,30.05,14.37,8.18
2009-09-22,31.15,17.71,9.36
2009-09-23,33.28,22.89,8.73
2009-09-24,34.71,22.97,10.05
2009-09-25,33.69,17.91,5.91
2009-09-26,32.93,12.35,6.25
2009-09-27,28.54,9.44,9.41
2009-09-28,30.34,15.21,14.43
2009-09-29,33.81,20.69,14.39
2009-09-30,31.70,19.30,14.56
2009-10-01,31.54,24.16,8.44
2009-10-02,32.51,24.11,8.10
2009-10-03,35.43,23.66,13.29
2009-10-04,31.64,18.32,8.52
2009-10-05,33.59,18.28,4.94
2009-10-06,33.33,25.40,12.35
2009-10-07,34.82,26.76,14.32
2009-10-08,32.16,26.97,15.55
2009-10-09,33.47,23.59,11.51
2009-10-10,30.79,13.96,5.18
2009-10-11,29.87,17.40,7.51
2009-10-12,30.73,24.02,6.44
2009-10-13,32.75,19.72,5.24
2009-10-14,32.37,19.26,10.68
2009-10-15,30.01,19.58,16.52
2009-10-16,32.35,21.31,10.76
2009-10-17,29.84,20.62,11.98
2009-10-18,30.78,18.79,9.54
2009-10-19,29.97,24.94,7.63
2009-10-20,30.20,19.47,10.60
2009-10-21,32.62,21.24,7.70
2009-10-22,30.12,23.59,7.34
2009-10-23,30.15,14.36,4.97
2009-10-24,32.21,20.55,3.27
2009-10-25,33.58,24.18,8.90
2009-10-26,32.83,27.72,12.33
2009-10-27,33.43,22.54,8.12
2009-10-28,33.16,29.88,11.59
2009-10-29,31.56,29.89,10.43
2009-10-30,32.67,29.26,10.88
2009-10-31,32.58,24.09,5.65
2009-11-01,31.24,20.37,8.68
2009-11-02,30.09,15.37,6.68
2009-11-03,30.47,18.46,6.64
2009-11-04,28.34,18.88,5.76
2009-11-05,29.27,21.06,2.63
2009-11-06,27.15,18.07,5.61
2009-11-07,28.78,19.00,4.75
2009-11-08,31.14,19.31,4.22
2009-11-09,33.03,19.14,4.95
2009-11-10,33.13,24.76,7.95
2009-11-11,31.93,25.84,11.04
2009-11-12,30.98,24.50,11.20
2009-11-13,32.06,23.50,9.21
2009-11-14,28.72,24.18,9.45
2009-11-15,30.18,29.59,12.25
2009-11-16,28.32,24.95,7.78
2009-11-17,32.62,18.89,8.98
2009-11-18,30.71,18.12,4.23
2009-11-19,32.57,22.29,6.29
2009-11-20,34.58,20.16,9.04
2009-11-21,34.47,24.78,9.20
2009-11-22,32.14,25.36,10.09
2009-11-23,31.85,27.91,12.16
2009-11-24,30.22,21.41,8.73
2009-11-25,31.64,23.19,8.39
2009-11-26,31.85,24.84,13.34
2009-11-27,30.70,27.10,11.45
2009-11-28,29.94,25.40,8.60
2009-11-29,29.97,19.60,8.12
2009-11-30,32.88,26.99,5.80
2009-12-01,32.90,25.46,6.63
2009-12-02,32.21,30.28,10.78
2009-12-03,31.50,31.97,17.49
2009-12-04,30.97,27.37,15.71
2009-12-05,30.43,25.33,12.80
2009-12-06,30.00,26.14,20.91
2009-12-07,32.05,24.11,19.22
2009-12-08,30.75,25.56,15.88
2009-12-09,29.25,29.86,12.27
2009-12-10,31.94,26.80,16.07
2009-12-11,32.09,28.93,19.62
2009-12-12,31.81,32.52,17.96
2009-12-13,30.09,29.43,12.31
2009-12-14,32.60,32.09,16.72
2009-12-15,31.79,32.13,19.55
2009-12-16,32.83,33.37,20.54
2009-12-17,32.63,31.27,16.15
2009-12-18,32.56,28.64,13.60
2009-12-19,32.40,28.35,13.23
2009-12-20,31.19,30.64,15.54
2009-12-21,29.80,30.56,13.26
2009-12-22,31.23,29.06,14.15
2009-12-23,32.54,28.20,9.32
2009-12-24,31.81,31.74,14.55
2009-12-25,28.57,29.81,12.61
2009-12-26,29.29,29.65,11.02
2009-12-27,30.03,28.49,10.89
2009-12-28,30.75,25.85,11.38
2009-12-29,30.53,27.06,9.57
2009-12-30,31.43,29.20,13.72
2009-12-31,31.83,28.08,10.60
2010-01-01,30.90,29.93,10.92
2010-01-02,28.90,32.49,21.16
2010-01-03,29.66,28.26,18.64
2010-01-04,29.71,29.22,14.71
2010-01-05,28.99,27.28,11.54
2010-01-06,28.13,28.70,13.47
2010-01-07,30.34,28.80,14.93
2010-01-08,31.36,30.36,11.56
2010-01-09,28.59,30.36,12.62
2010-01-10,29.73,29.51,17.43
2010-01-11,30.29,24.89,9.30
2010-01-12,30.48,28.48,10.29
2010-01-13,29.79,31.83,11.98
2010-01-14,30.48,30.95,20.92
2010-01-15,31.73,29.90,21.71
2010-01-16,33.16,30.50,14.91
2010-01-17,31.48,29.84,16.07
2010-01-18,31.62,25.64,15.44
2010-01-19,31.99,30.78,17.23
2010-01-20,32.39,33.30,19.50
2010-01-21,32.08,33.76,20.75
2010-01-22,31.90,31.86,21.00
2010-01-23,32.07,29.63,22.58
2010-01-24,32.33,30.66,22.19
2010-01-25,33.18,30.10,25.86
2010-01-26,33.69,29.76,20.43
2010-01-27,31.96,32.73,22.00
2010-01-28,31.48,31.02,15.28
2010-01-29,31.77,29.49,11.84
2010-01-30,31.62,29.02,16.18
2010-01-31,31.82,31.03,17.48
2010-02-01,33.42,31.14,15.30
2010-02-02,32.96,28.06,16.67
2010-02-03,31.19,25.74,10.26
2010-02-04,31.26,28.20,9.65
2010-02-05,30.18,27.29,12.95
2010-02-06,33.10,26.74,11.35
2010-02-07,31.47,27.51,12.55
2010-02-08,34.05,31.86,10.31
2010-02-09,30.23,30.42,12.30
2010-02-10,28.88,31.95,17.04
2010-02-11,30.48,29.86,20.51
2010-02-12,31.61,31.52,18.74
2010-02-13,31.37,32.31,16.15
2010-02-14,32.13,30.14,17.03
2010-02-15,31.63,30.98,18.05
2010-02-16,30.81,30.07,17.75
2010-02-17,30.02,28.43,11.06
2010-02-18,33.87,27.52,11.79
2010-02-19,32.12,28.63,13.47
2010-02-20,33.52,29.88,18.47
2010-02-21,28.36,28.60,15.93
2010-02-22,30.56,25.88,13.31
2010-02-23,30.60,29.17,17.63
2010-02-24,30.02,28.68,23.73
2010-02-25,29.74,24.08,22.77
2010-02-26,30.72,26.82,19.51
2010-02-27,31.21,30.49,26.85
2010-02-28,33.68,29.88,27.96
2010-03-01,33.17,27.95,25.01
2010-03-02,31.67,24.83,16.23
2010-03-03,32.49,27.83,21.84
2010-03-04,33.57,29.48,19.39
2010-03-05,33.69,31.68,20.23
2010-03-06,31.84,32.08,24.15
2010-03-07,30.79,25.96,16.81
2010-03-08,32.11,28.21,14.42
2010-03-09,31.22,31.16,20.04
2010-03-10,31.42,28.99,20.77
2010-03-11,32.08,27.51,21.03
2010-03-12,30.96,25.65,18.07
2010-03-13,31.92,27.25,10.23
2010-03-14,31.44,28.72,9.64
2010-03-15,31.66,31.09,18.31
2010-03-16,31.43,25.71,20.14
2010-03-17,30.68,24.81,13.85
2010-03-18,30.21,26.22,13.37
2010-03-19,31.09,27.89,18.69
2010-03-20,32.43,27.16,14.24
2010-03-21,29.21,24.42,12.30
2010-03-22,28.58,23.34,11.46
2010-03-23,30.66,27.07,12.45
2010-03-24,31.08,30.70,19.31
2010-03-25,31.20,30.09,18.94
2010-03-26,32.23,27.82,14.93
2010-03-27,31.34,28.69,21.12
2010-03-28,31.25,27.46,16.80
2010-03-29,30.89,29.39,18.91
2010-03-30,31.43,30.83,20.15
2010-03-31,29.55,26.36,14.05
2010-04-01,32.21,24.92,10.99
2010-04-02,31.67,25.51,10.30
2010-04-03,32.07,27.73,14.45
2010-04-04,32.53,29.24,16.27
2010-04-05,33.37,28.78,20.11
2010-04-06,31.93,23.95,15.25
2010-04-07,30.45,26.15,17.35
2010-04-08,30.72,28.09,18.34
2010-04-09,30.32,24.92,16.44
2010-04-10,30.70,23.53,11.96
2010-04-11,30.79,26.17,11.14
2010-04-12,29.98,24.35,8.77
2010-04-13,29.77,25.81,13.16
2010-04-14,34.06,27.00,16.43
2010-04-15,35.30,26.66,14.35
2010-04-16,31.21,18.01,11.61
2010-04-17,29.17,21.46,9.25
2010-04-18,32.45,17.46,8.91
2010-04-19,29.61,21.20,8.77
2010-04-20,29.87,19.27,6.28
2010-04-21,28.12,20.18,6.83
2010-04-22,27.84,21.15,10.11
2010-04-23,29.06,21.05,11.03
2010-04-24,28.93,17.08,8.98
2010-04-25,29.10,19.36,10.57
2010-04-26,29.39,19.98,7.41
2010-04-27,28.36,21.11,9.85
2010-04-28,27.57,21.95,8.54
2010-04-29,25.06,26.39,12.09
2010-04-30,27.21,25.26,14.74
2010-05-01,28.98,23.11,17.47
2010-05-02,29.74,18.92,10.29
2010-05-03,31.55,23.38,11.26
2010-05-04,30.09,23.86,10.23
2010-05-05,28.56,13.50,7.98
2010-05-06,28.15,19.40,5.62
2010-05-07,29.55,20.98,10.71
2010-05-08,31.07,24.06,14.38
2010-05-09,31.50,26.52,14.43
2010-05-10,33.36,26.60,15.79
2010-05-11,30.43,23.96,13.95
2010-05-12,29.56,23.10,10.51
2010-05-13,30.15,18.45,8.21
2010-05-14,28.02,12.60,6.59
2010-05-15,22.96,14.90,8.59
2010-05-16,21.42,15.66,9.94
2010-05-17,27.69,15.71,7.12
2010-05-18,30.68,18.40,5.69
2010-05-19,30.75,21.02,7.68
2010-05-20,31.09,20.99,9.33
2010-05-21,30.22,19.07,8.16
2010-05-22,24.75,11.49,6.11
2010-05-23,24.24,12.36,4.64
2010-05-24,27.84,17.88,5.18
2010-05-25,27.11,16.98,5.19
2010-05-26,29.26,15.92,3.11
2010-05-27,31.08,20.00,7.61
2010-05-28,24.55,14.00,6.21
2010-05-29,27.20,11.40,6.96
2010-05-30,30.46,18.23,8.14
2010-05-31,29.73,20.46,10.55
2010-06-01,31.23,17.26,7.49
2010-06-02,27.39,13.13,5.08
2010-06-03,26.74,14.58,3.27
2010-06-04,26.20,17.60,5.36
2010-06-05,29.71,19.73,6.60
2010-06-06,30.75,18.88,5.73
2010-06-07,31.95,19.40,5.97
2010-06-08,32.61,20.04,5.36
2010-06-09,33.42,15.91,6.74
2010-06-10,26.78,13.60,7.88
2010-06-11,27.00,13.50,6.33
2010-06-12,28.17,16.27,6.69
2010-06-13,26.79,15.46,8.88
2010-06-14,26.79,10.52,4.39
2010-06-15,23.35,13.00,3.50
2010-06-16,27.28,11.98,4.37
2010-06-17,27.02,13.46,3.91
2010-06-18,25.95,8.91,3.69
2010-06-19,26.68,12.01,3.03
2010-06-20,26.35,12.99,2.31
2010-06-21,26.23,12.41,3.31
2010-06-22,29.79,17.12,6.31
2010-06-23,26.96,9.65,4.32
2010-06-24,28.36,14.43,1.28
2010-06-25,27.23,15.21,5.36
2010-06-26,22.98,10.54,2.82
2010-06-27,20.09,12.01,2.77
2010-06-28,21.10,16.21,5.12
2010-06-29,27.64,14.05,4.43
2010-06-30,27.48,18.16,5.72
2010-07-01,28.09,16.34,3.29
2010-07-02,30.33,15.51,4.72
2010-07-03,28.60,16.13,5.84
2010-07-04,29.20,13.42,2.96
2010-07-05,28.51,12.75,3.72
2010-07-06,28.25,8.74,2.21
2010-07-07,25.55,12.27,0.57
2010-07-08,25.36,15.60,2.98
2010-07-09,26.62,17.34,2.91
2010-07-10,29.12,17.97,2.86
2010-07-11,28.39,9.83,0.59
2010-07-12,26.36,11.06,0.60
2010-07-13,25.64,14.12,3.39
2010-07-14,23.96,13.20,3.41
2010-07-15,24.20,10.78,3.19
2010-07-16,19.45,12.13,5.20
2010-07-17,19.68,11.53,6.76
2010-07-18,22.73,12.06,5.72
2010-07-19,28.79,13.59,1.52
2010-07-20,23.48,9.51,0.42
2010-07-21,23.24,8.19,-0.47
2010-07-22,24.07,12.62,1.13
2010-07-23,24.29,10.35,2.73
2010-07-24,23.64,9.88,5.51
2010-07-25,26.30,13.32,1.82
2010-07-26,25.09,17.02,4.47
2010-07-27,28.08,14.07,2.15
2010-07-28,27.99,16.12,2.15
2010-07-29,26.59,13.32,0.31
2010-07-30,26.14,10.29,0.61
2010-07-31,27.12,12.00,1.49
2010-08-01,28.21,9.95,2.78
2010-08-02,30.62,13.74,3.37
2010-08-03,28.98,15.99,4.07
2010-08-04,32.30,15.05,4.65
2010-08-05,27.12,15.48,2.58
2010-08-06,25.10,16.45,1.56
2010-08-07,26.72,15.55,3.72
2010-08-08,29.16,15.52,3.62
2010-08-09,27.02,20.54,7.22
2010-08-10,28.22,17.54,8.20
2010-08-11,23.48,13.23,4.96
2010-08-12,29.00,15.54,6.48
2010-08-13,29.26,17.69,4.58
2010-08-14,29.47,20.50,4.75
2010-08-15,28.53,15.31,2.25
2010-08-16,31.27,12.79,3.83
2010-08-17,27.16,15.11,2.44
2010-08-18,27.84,18.35,4.63
2010-08-19,27.93,21.35,10.88
2010-08-20,25.34,23.34,5.21
2010-08-21,30.66,21.48,6.07
2010-08-22,33.48,17.42,5.12
2010-08-23,31.36,13.84,4.26
2010-08-24,29.17,17.94,1.88
2010-08-25,28.43,18.31,4.11
2010-08-26,27.44,17.69,2.78
2010-08-27,28.09,18.33,2.69
2010-08-28,25.76,13.48,2.52
2010-08-29,26.68,20.80,6.42
2010-08-30,27.08,14.31,2.69
2010-08-31,23.45,10.88,3.62
2010-09-01,17.36,13.93,5.28
2010-09-02,20.19,11.18,8.18
2010-09-03,28.64,13.32,5.38
2010-09-04,29.22,19.36,5.47
2010-09-05,31.13,23.34,10.07
2010-09-06,33.25,23.54,10.77
2010-09-07,30.76,25.20,10.02
2010-09-08,33.42,22.94,8.47
2010-09-09,28.92,19.77,7.86
2010-09-10,30.29,16.21,5.92
2010-09-11,28.17,19.15,6.89
2010-09-12,25.48,11.06,6.45
2010-09-13,30.52,17.64,5.57
2010-09-14,34.12,20.02,4.66
2010-09-15,28.22,20.16,4.78
2010-09-16,27.09,20.34,5.85
2010-09-17,29.23,24.21,10.24
2010-09-18,30.32,22.74,3.74
2010-09-19,31.19,23.72,6.67
2010-09-20,31.48,18.85,3.71
2010-09-21,31.71,19.34,3.02
2010-09-22,31.00,18.79,7.02
2010-09-23,32.93,19.34,10.70
2010-09-24,29.59,21.00,9.60
2010-09-25,29.62,18.35,7.45
2010-09-26,30.01,17.96,11.15
2010-09-27,30.06,14.62,6.14
2010-09-28,25.99,19.81,7.39
2010-09-29,29.59,19.73,7.84
2010-09-30,28.77,17.53,5.87
2010-10-01,23.98,19.80,7.80
2010-10-02,25.89,24.52,10.99
2010-10-03,27.00,21.39,9.02
2010-10-04,30.88,18.41,9.46
2010-10-05,28.85,17.45,11.07
2010-10-06,26.32,18.43,7.58
2010-10-07,29.59,25.32,11.66
2010-10-08,30.18,25.21,14.81
2010-10-09,28.17,24.52,17.95
2010-10-10,29.68,26.05,21.56
2010-10-11,28.50,22.55,21.07
2010-10-12,28.94,20.68,15.33
2010-10-13,31.02,17.62,7.87
2010-10-14,31.07,17.78,7.83
2010-10-15,30.92,19.31,8.61
2010-10-16,29.25,23.88,14.67
2010-10-17,31.10,26.17,11.28
2010-10-18,30.98,26.03,10.02
2010-10-19,29.56,26.62,10.47
2010-10-20,28.43,22.06,7.04
2010-10-21,30.25,24.15,10.68
2010-10-22,31.18,20.30,12.62
2010-10-23,29.65,20.18,7.76
2010-10-24,29.86,24.73,13.71
2010-10-25,30.02,27.30,19.29
2010-10-26,30.68,23.55,16.62
2010-10-27,30.82,17.77,8.71
2010-10-28,28.18,17.25,4.57
2010-10-29,28.14,14.98,4.89
2010-10-30,28.77,24.74,3.37
2010-10-31,32.27,29.61,12.38
2010-11-01,33.16,31.86,19.80
2010-11-02,31.11,28.58,17.77
2010-11-03,30.64,19.72,8.64
2010-11-04,30.48,23.31,11.53
2010-11-05,30.77,27.47,8.95
2010-11-06,28.40,29.57,10.00
2010-11-07,29.88,14.38,8.07
2010-11-08,30.31,12.53,6.88
2010-11-09,30.56,24.72,15.33
2010-11-10,32.26,29.02,19.23
2010-11-11,31.22,25.89,12.57
2010-11-12,29.89,25.90,14.86
2010-11-13,30.11,26.23,13.42
2010-11-14,28.27,25.77,16.50
2010-11-15,29.72,27.61,16.37
2010-11-16,28.50,25.86,17.15
2010-11-17,30.31,24.33,13.38
2010-11-18,30.39,21.71,9.95
2010-11-19,30.25,22.41,8.63
2010-11-20,31.08,23.01,9.17
2010-11-21,31.12,25.30,8.35
2010-11-22,30.63,26.08,15.64
2010-11-23,30.52,27.82,15.80
2010-11-24,31.06,27.94,15.25
2010-11-25,29.50,27.68,14.42
2010-11-26,29.60,27.47,11.33
2010-11-27,31.27,24.75,14.74
2010-11-28,30.30,25.07,14.79
2010-11-29,31.74,26.06,10.31
2010-11-30,31.85,26.64,11.56
2010-12-01,31.69,24.34,7.09
2010-12-02,31.31,23.48,9.16
2010-12-03,29.00,23.41,11.46
2010-12-04,28.89,27.47,12.62
2010-12-05,28.96,27.82,18.80
2010-12-06,32.00,24.82,16.57
2010-12-07,31.13,25.79,10.51
2010-12-08,30.43,27.81,12.67
2010-12-09,30.76,24.57,7.69
2010-12-10,31.37,23.14,6.14
2010-12-11,30.58,19.52,7.60
2010-12-12,28.14,22.01,5.96
2010-12-13,27.34,28.35,15.25
2010-12-14,28.12,26.77,18.76
2010-12-15,30.56,25.67,17.51
2010-12-16,30.01,26.26,13.91
2010-12-17,29.35,24.24,9.23
2010-12-18,30.39,26.04,10.45
2010-12-19,29.86,26.52,8.87
2010-12-20,31.06,32.13,17.93
2010-12-21,28.91,30.45,19.30
2010-12-22,28.57,26.76,21.74
2010-12-23,30.13,24.04,14.11
2010-12-24,30.81,28.56,12.12
2010-12-25,30.98,29.62,16.92
2010-12-26,31.64,28.89,18.85
2010-12-27,30.75,29.09,19.07
2010-12-28,31.59,29.25,23.84
2010-12-29,31.31,28.03,23.54
2010-12-30,32.14,28.18,19.25
2010-12-31,32.13,28.45,22.67
2011-01-01,33.23,30.17,25.20
2011-01-02,32.10,25.75,16.45
2011-01-03,31.84,27.26,15.73
2011-01-04,30.38,23.88,15.51
2011-01-05,28.93,31.25,21.43
2011-01-06,28.84,29.62,21.24
2011-01-07,29.06,28.52,18.03
2011-01-08,31.02,30.88,19.58
2011-01-09,31.05,30.16,27.14
2011-01-10,31.62,30.25,22.98
2011-01-11,30.77,31.12,18.09
2011-01-12,30.64,31.52,18.49
2011-01-13,31.36,29.20,12.65
2011-01-14,33.49,30.86,17.84
2011-01-15,33.33,28.30,11.80
2011-01-16,31.34,27.51,11.07
2011-01-17,31.02,31.25,12.23
2011-01-18,29.75,29.98,9.61
2011-01-19,30.67,29.22,12.20
2011-01-20,29.55,30.85,16.99
2011-01-21,29.55,30.75,17.78
2011-01-22,30.73,32.35,18.83
2011-01-23,30.20,31.78,28.85
2011-01-24,31.17,31.12,21.50
2011-01-25,30.81,30.97,21.49
2011-01-26,31.68,31.45,21.38
2011-01-27,30.27,31.73,13.94
2011-01-28,30.25,32.96,19.03
2011-01-29,28.26,30.18,21.29
2011-01-30,28.75,29.51,14.38
2011-01-31,28.74,30.47,13.85
2011-02-01,29.08,32.33,17.82
2011-02-02,31.25,29.72,13.70
2011-02-03,32.02,29.68,11.32
2011-02-04,30.99,30.75,14.80
2011-02-05,31.11,31.68,19.39
2011-02-06,28.34,29.09,22.13
2011-02-07,30.46,29.34,22.20
2011-02-08,28.27,28.95,29.81
2011-02-09,30.96,28.49,30.25
2011-02-10,31.19,26.31,29.86
2011-02-11,30.91,24.49,20.24
2011-02-12,33.00,24.95,13.15
2011-02-13,31.56,30.27,13.96
2011-02-14,30.36,32.15,24.66
2011-02-15,30.14,28.39,19.45
2011-02-16,31.86,26.80,16.83
2011-02-17,30.98,29.21,17.81
2011-02-18,28.53,30.02,23.70
2011-02-19,28.76,28.35,26.90
2011-02-20,28.45,27.91,24.55
2011-02-21,31.56,28.79,21.45
2011-02-22,30.74,28.56,17.10
2011-02-23,30.91,27.31,18.90
2011-02-24,31.73,26.86,21.27
2011-02-25,31.57,28.93,21.53
2011-02-26,31.53,30.70,22.42
2011-02-27,31.84,30.46,23.65
2011-02-28,33.44,30.57,24.74
2011-03-01,32.34,30.46,20.90
2011-03-02,31.32,28.95,13.26
2011-03-03,31.35,29.68,22.45
2011-03-04,31.08,29.77,26.42
2011-03-05,30.67,27.48,25.84
2011-03-06,30.56,25.37,19.42
2011-03-07,29.83,27.76,20.44
2011-03-08,29.64,29.18,22.19
2011-03-09,31.37,27.25,17.09
2011-03-10,32.92,26.73,15.77
2011-03-11,31.66,22.59,11.08
2011-03-12,31.31,20.16,10.51
2011-03-13,30.09,27.89,13.40
2011-03-14,30.84,19.84,10.76
2011-03-15,31.88,16.55,11.62
2011-03-16,30.73,26.50,12.43
2011-03-17,30.13,26.59,10.52
2011-03-18,29.45,29.91,16.89
2011-03-19,30.58,27.27,18.22
2011-03-20,31.48,27.46,15.79
2011-03-21,30.40,27.26,13.43
2011-03-22,28.93,25.59,11.25
2011-03-23,29.31,25.28,13.58
2011-03-24,27.97,25.93,17.29
2011-03-25,30.26,22.48,9.09
2011-03-26,29.92,24.63,9.51
2011-03-27,30.03,23.92,10.81
2011-03-28,32.56,27.83,17.34
2011-03-29,32.69,28.78,14.71
2011-03-30,31.45,29.05,11.74
2011-03-31,31.24,28.02,14.22
2011-04-01,30.26,27.75,12.31
2011-04-02,30.18,27.78,14.95
2011-04-03,28.49,26.64,12.38
2011-04-04,29.38,27.69,10.26
2011-04-05,29.96,29.54,17.55
2011-04-06,29.87,24.45,15.62
2011-04-07,30.11,26.00,15.24
2011-04-08,30.29,28.51,22.15
2011-04-09,30.48,24.16,20.96
2011-04-10,29.61,21.89,15.47
2011-04-11,28.86,24.75,14.27
2011-04-12,26.67,18.58,9.21
2011-04-13,29.15,14.83,7.94
2011-04-14,29.77,19.95,7.00
2011-04-15,29.16,22.91,7.60
2011-04-16,26.98,22.50,6.55
2011-04-17,29.20,25.34,7.86
2011-04-18,29.29,25.97,11.39
2011-04-19,30.20,21.65,10.65
2011-04-20,29.40,22.88,11.14
2011-04-21,27.92,19.71,7.66
2011-04-22,27.99,11.55,5.48
2011-04-23,26.52,23.48,6.55
2011-04-24,27.26,24.62,9.09
2011-04-25,29.13,26.52,14.49
2011-04-26,31.12,23.48,14.05
2011-04-27,30.75,23.00,9.04
2011-04-28,30.55,16.16,11.29
2011-04-29,30.03,21.07,13.36
2011-04-30,29.75,21.55,14.73
2011-05-01,29.74,22.91,13.05
2011-05-02,30.69,24.73,12.91
2011-05-03,33.21,23.02,9.94
2011-05-04,30.18,26.75,9.89
2011-05-05,28.74,24.19,9.76
2011-05-06,30.68,23.01,13.98
2011-05-07,32.03,18.59,8.66
2011-05-08,32.13,24.36,12.57
2011-05-09,34.17,22.64,11.53
2011-05-10,26.46,20.36,6.97
2011-05-11,35.58,22.64,11.08
2011-05-12,33.23,23.73,13.87
2011-05-13,31.96,24.21,14.12
2011-05-14,31.53,23.12,15.65
2011-05-15,30.20,20.71,12.94
2011-05-16,28.45,18.99,9.08
2011-05-17,27.53,20.10,10.99
2011-05-18,28.80,20.84,7.49
2011-05-19,27.71,15.16,4.54
2011-05-20,29.59,16.34,5.38
2011-05-21,31.79,14.78,2.66
2011-05-22,28.41,16.64,4.58
2011-05-23,25.74,17.78,7.84
2011-05-24,27.85,14.37,6.71
2011-05-25,30.24,20.91,6.99
2011-05-26,30.85,22.58,9.63
2011-05-27,29.54,20.92,7.23
2011-05-28,25.47,19.00,8.58
2011-05-29,31.25,20.91,9.36
2011-05-30,27.61,19.50,9.16
2011-05-31,26.99,22.69,12.17
2011-06-01,26.49,18.70,10.61
2011-06-02,28.85,16.17,10.20
2011-06-03,30.13,20.78,11.18
2011-06-04,28.74,17.70,9.07
2011-06-05,29.34,13.76,9.15
2011-06-06,29.47,13.51,7.43
2011-06-07,28.27,11.91,6.13
2011-06-08,27.76,14.51,4.88
2011-06-09,31.42,18.30,6.54
2011-06-10,29.56,20.50,7.07
2011-06-11,29.05,19.83,6.22
2011-06-12,28.79,17.90,4.45
2011-06-13,27.80,22.05,6.27
2011-06-14,28.09,15.91,6.24
2011-06-15,27.66,14.13,3.37
2011-06-16,28.16,13.53,5.00
2011-06-17,28.66,15.58,8.15
2011-06-18,26.95,8.89,3.96
2011-06-19,29.18,11.28,4.58
2011-06-20,27.14,10.97,8.09
2011-06-21,25.71,11.18,7.45
2011-06-22,25.15,13.86,5.65
2011-06-23,26.35,15.65,3.12
2011-06-24,25.27,14.75,2.98
2011-06-25,25.47,14.92,3.73
2011-06-26,24.51,16.79,7.51
2011-06-27,24.70,15.14,6.44
2011-06-28,21.52,14.68,4.52
2011-06-29,24.11,9.36,1.60
2011-06-30,25.79,11.80,-0.36
2011-07-01,26.09,11.61,1.34
2011-07-02,26.52,10.08,1.97
2011-07-03,24.95,13.72,4.75
2011-07-04,27.19,14.49,5.73
2011-07-05,26.72,13.12,6.91
2011-07-06,26.14,14.09,5.49
2011-07-07,24.21,18.33,7.84
2011-07-08,22.20,17.89,10.07
2011-07-09,27.84,15.43,3.64
2011-07-10,31.58,18.39,4.40
2011-07-11,30.94,14.45,4.53
2011-07-12,30.35,15.93,4.94
2011-07-13,24.84,16.89,5.20
2011-07-14,23.64,12.96,1.49
2011-07-15,22.39,10.21,0.63
2011-07-16,25.07,10.76,-0.33
2011-07-17,27.58,11.60,1.06
2011-07-18,30.70,10.38,1.93
2011-07-19,27.35,14.61,3.29
2011-07-20,25.39,14.17,0.73
2011-07-21,29.15,16.70,2.71
2011-07-22,30.35,19.64,6.99
2011-07-23,31.56,19.91,8.22
2011-07-24,30.10,16.35,4.92
2011-07-25,28.31,12.88,2.01
2011-07-26,29.44,18.28,5.72
2011-07-27,26.13,15.91,2.20
2011-07-28,28.54,13.48,1.39
2011-07-29,26.59,11.26,3.25
2011-07-30,23.35,7.46,2.27
2011-07-31,21.33,11.62,4.55
2011-08-01,25.96,11.92,1.20
2011-08-02,27.07,9.84,1.34
2011-08-03,30.35,14.04,4.75
2011-08-04,28.04,12.74,0.99
2011-08-05,30.07,10.38,2.23
2011-08-06,31.62,11.65,3.19
2011-08-07,30.01,13.95,4.10
2011-08-08,33.09,18.77,6.08
2011-08-09,30.84,20.23,5.14
2011-08-10,26.55,19.20,5.29
2011-08-11,25.21,18.51,4.58
2011-08-12,25.97,15.63,3.75
2011-08-13,25.91,16.28,4.03
2011-08-14,24.39,16.73,4.40
2011-08-15,27.07,10.21,2.94
2011-08-16,26.95,9.43,0.81
2011-08-17,27.86,9.45,0.55
2011-08-18,27.71,6.56,3.58
2011-08-19,25.60,12.70,5.72
2011-08-20,24.48,15.97,7.17
2011-08-21,23.16,17.13,6.30
2011-08-22,26.08,16.86,5.74
2011-08-23,26.72,18.11,2.21
2011-08-24,27.40,12.65,4.01
2011-08-25,31.79,16.35,4.29
2011-08-26,30.03,14.24,7.57
2011-08-27,29.80,13.01,3.60
2011-08-28,28.95,11.11,2.23
2011-08-29,29.33,11.01,2.55
2011-08-30,32.41,17.81,4.05
2011-08-31,30.86,22.79,8.89
2011-09-01,30.58,21.44,6.22
2011-09-02,28.48,16.98,5.05
2011-09-03,27.01,13.93,2.90
2011-09-04,26.56,13.28,1.59
2011-09-05,27.91,17.58,3.59
2011-09-06,28.52,18.32,4.30
2011-09-07,27.20,16.37,4.91
2011-09-08,28.49,18.47,2.12
2011-09-09,28.34,18.05,3.73
2011-09-10,31.00,20.50,5.28
2011-09-11,29.33,24.34,3.33
2011-09-12,32.35,24.93,6.85
2011-09-13,32.65,24.82,12.33
2011-09-14,32.02,21.32,12.22
2011-09-15,33.87,22.41,8.98
2011-09-16,33.13,17.07,3.87
2011-09-17,32.52,21.57,11.26
2011-09-18,30.77,21.69,14.29
2011-09-19,32.05,22.38,12.09
2011-09-20,32.59,26.36,13.44
2011-09-21,31.85,23.30,11.86
2011-09-22,32.56,19.14,11.38
2011-09-23,33.98,24.92,12.06
2011-09-24,31.81,26.07,9.21
2011-09-25,33.98,24.40,10.02
2011-09-26,33.95,28.40,14.20
2011-09-27,31.20,27.49,8.69
2011-09-28,32.09,21.79,7.41
2011-09-29,31.97,23.82,7.44
2011-09-30,31.89,23.12,9.68
2011-10-01,33.63,22.38,7.43
2011-10-02,32.00,27.22,13.53
2011-10-03,33.15,20.66,13.91
2011-10-04,33.92,21.35,9.08
2011-10-05,31.81,23.30,10.66
2011-10-06,29.22,18.52,7.38
2011-10-07,29.89,14.80,9.06
2011-10-08,31.57,14.32,11.66
2011-10-09,28.98,23.09,9.95
2011-10-10,33.33,18.42,6.84
2011-10-11,28.42,16.24,8.25
2011-10-12,27.09,15.69,5.29
2011-10-13,27.57,16.27,13.25
2011-10-14,27.05,17.48,8.03
2011-10-15,25.88,21.33,7.02
2011-10-16,27.46,23.36,8.47
2011-10-17,29.85,22.26,10.39
2011-10-18,29.89,23.51,12.97
2011-10-19,30.68,27.86,13.46
2011-10-20,31.09,27.00,11.81
2011-10-21,30.64,24.34,8.33
2011-10-22,31.44,25.08,14.10
2011-10-23,31.71,23.75,13.30
2011-10-24,31.81,21.02,10.19
2011-10-25,30.63,26.18,15.46
2011-10-26,28.43,25.49,19.01
2011-10-27,28.83,22.39,12.17
2011-10-28,29.24,22.59,8.35
2011-10-29,29.69,24.74,13.04
2011-10-30,31.76,28.00,20.06
2011-10-31,32.16,26.82,22.15
2011-11-01,34.21,23.09,13.50
2011-11-02,32.16,27.48,12.54
2011-11-03,32.11,25.73,14.18
2011-11-04,32.63,26.70,12.78
2011-11-05,34.76,29.84,16.27
2011-11-06,32.69,30.29,16.41
2011-11-07,31.63,24.78,12.28
2011-11-08,27.71,17.09,7.79
2011-11-09,30.09,21.89,7.79
2011-11-10,29.78,29.53,9.10
2011-11-11,30.57,29.94,16.33
2011-11-12,29.27,23.72,18.14
2011-11-13,30.56,21.99,16.18
2011-11-14,30.22,29.87,19.72
2011-11-15,30.10,27.24,21.23
2011-11-16,31.09,23.30,22.38
2011-11-17,30.86,24.93,14.37
2011-11-18,29.01,22.73,10.24
2011-11-19,30.45,22.39,10.91
2011-11-20,30.36,20.18,9.25
2011-11-21,33.19,28.87,8.30
2011-11-22,31.86,30.42,13.12
2011-11-23,32.01,26.39,10.94
2011-11-24,30.93,28.44,8.57
2011-11-25,29.34,30.23,10.87
2011-11-26,28.75,28.00,17.23
2011-11-27,28.76,25.54,11.15
2011-11-28,31.77,31.07,13.68
2011-11-29,31.55,33.00,13.47
2011-11-30,30.36,32.41,21.22
2011-12-01,31.85,28.81,22.48
2011-12-02,29.57,26.04,13.51
2011-12-03,30.84,25.75,11.87
2011-12-04,30.15,25.88,15.06
2011-12-05,27.29,28.04,17.45
2011-12-06,27.91,26.72,21.95
2011-12-07,30.15,26.73,20.09
2011-12-08,31.02,29.76,21.36
2011-12-09,29.80,29.75,19.29
2011-12-10,27.75,27.41,14.02
2011-12-11,29.85,28.83,11.34
2011-12-12,29.59,29.93,21.86
2011-12-13,29.23,29.43,25.07
2011-12-14,28.56,27.48,27.06
2011-12-15,28.84,26.00,28.25
2011-12-16,27.62,25.87,23.55
2011-12-17,29.99,28.02,19.96
2011-12-18,31.25,30.22,16.81
2011-12-19,31.32,29.68,14.20
2011-12-20,31.44,30.07,13.01
2011-12-21,32.19,26.89,10.33
2011-12-22,32.68,28.84,9.26
2011-12-23,30.45,29.53,17.00
2011-12-24,31.43,31.14,24.01
2011-12-25,32.39,31.76,24.36
2011-12-26,30.03,30.78,22.27
2011-12-27,32.71,31.54,27.48
2011-12-28,31.63,30.92,24.55
2011-12-29,30.09,31.16,19.79
2011-12-30,29.81,30.59,23.33
2011-12-31,29.87,29.46,23.19
2012-01-01,33.75,31.80,24.34
2012-01-02,32.23,32.60,24.48
2012-01-03,32.26,31.75,24.99
2012-01-04,31.32,30.47,28.05
2012-01-05,29.84,29.71,27.59
2012-01-06,30.07,26.69,30.17
2012-01-07,29.46,28.72,21.56
2012-01-08,29.86,28.81,15.54
2012-01-09,30.71,27.02,13.26
2012-01-10,31.89,28.55,13.00
2012-01-11,30.53,30.88,15.40
2012-01-12,31.84,32.90,23.82
2012-01-13,32.02,30.57,29.34
2012-01-14,33.44,28.75,25.00
2012-01-15,33.72,29.78,22.34
2012-01-16,31.54,28.69,24.30
2012-01-17,29.81,31.34,21.54
2012-01-18,29.49,31.39,24.41
2012-01-19,29.66,30.30,23.03
2012-01-20,30.14,28.00,21.41
2012-01-21,29.98,26.59,20.55
2012-01-22,31.08,27.92,20.84
2012-01-23,30.38,24.76,15.29
2012-01-24,29.91,30.61,18.36
2012-01-25,28.92,31.18,24.46
2012-01-26,28.46,29.97,22.58
2012-01-27,28.32,29.14,20.01
2012-01-28,29.84,29.65,15.93
2012-01-29,27.88,29.61,12.62
2012-01-30,31.46,28.89,10.30
2012-01-31,31.49,29.84,12.00
2012-02-01,30.96,30.50,15.56
2012-02-02,30.92,31.34,20.66
2012-02-03,30.62,30.71,18.44
2012-02-04,26.89,30.12,16.06
2012-02-05,26.49,30.97,16.64
2012-02-06,29.71,30.92,19.12
2012-02-07,28.81,29.82,13.21
2012-02-08,30.05,31.48,19.41
2012-02-09,31.06,32.91,24.71
2012-02-10,30.45,32.16,24.85
2012-02-11,30.74,30.31,22.85
2012-02-12,29.09,29.64,18.18
2012-02-13,30.63,29.60,19.00
2012-02-14,31.02,30.49,19.05
2012-02-15,29.32,29.49,18.34
2012-02-16,27.04,29.83,18.16
2012-02-17,26.65,28.71,15.57
2012-02-18,27.51,28.00,15.18
2012-02-19,28.81,29.62,15.28
2012-02-20,28.29,28.37,14.71
2012-02-21,31.57,31.22,16.63
2012-02-22,30.85,31.59,17.53
2012-02-23,30.86,28.30,20.05
2012-02-24,32.21,28.14,14.51
2012-02-25,30.59,26.48,13.59
2012-02-26,29.90,31.08,14.55
2012-02-27,29.94,30.26,14.80
2012-02-28,30.93,25.59,12.13
2012-02-29,30.45,24.76,13.98
2012-03-01,30.80,32.97,11.59
2012-03-02,31.00,32.18,14.46
2012-03-03,32.56,32.49,17.02
2012-03-04,31.85,31.43,15.44
2012-03-05,31.41,27.36,14.23
2012-03-06,31.45,28.24,16.22
2012-03-07,31.65,32.83,21.67
2012-03-08,31.89,31.35,27.00
2012-03-09,31.71,29.85,17.26
2012-03-10,31.54,28.61,24.48
2012-03-11,31.84,27.46,14.17
2012-03-12,33.07,27.94,13.45
2012-03-13,33.80,29.76,17.31
2012-03-14,35.04,32.95,22.21
2012-03-15,35.23,30.63,25.59
2012-03-16,33.99,27.47,22.38
2012-03-17,33.03,26.38,16.29
2012-03-18,30.18,27.43,16.80
2012-03-19,28.27,25.09,18.20
2012-03-20,29.94,26.25,19.66
2012-03-21,30.80,27.65,14.61
2012-03-22,30.88,30.00,16.84
2012-03-23,28.50,28.60,16.97
2012-03-24,29.59,27.56,13.56
2012-03-25,31.18,27.69,14.03
2012-03-26,31.74,30.70,18.22
2012-03-27,32.17,31.06,22.48
2012-03-28,32.61,28.39,14.46
2012-03-29,34.01,30.29,19.45
2012-03-30,33.03,30.31,22.50
2012-03-31,36.39,31.34,21.45
2012-04-01,33.07,29.31,16.33
2012-04-02,33.95,28.95,19.65
2012-04-03,29.46,26.73,14.30
2012-04-04,27.77,22.89,8.91
2012-04-05,32.05,26.70,6.66
2012-04-06,31.39,28.92,12.06
2012-04-07,31.16,28.45,12.83
2012-04-08,29.60,24.35,12.85
2012-04-09,26.25,20.00,14.02
2012-04-10,29.98,22.72,15.50
2012-04-11,30.24,27.65,18.97
2012-04-12,28.75,25.48,15.15
2012-04-13,30.70,19.90,11.41
2012-04-14,31.50,24.16,10.73
2012-04-15,30.26,25.24,11.61
2012-04-16,30.90,23.42,9.84
2012-04-17,29.70,26.03,12.15
2012-04-18,30.54,24.85,9.95
2012-04-19,27.82,26.74,11.80
2012-04-20,27.52,24.30,13.09
2012-04-21,27.92,26.55,14.94
2012-04-22,28.77,23.93,16.43
2012-04-23,29.45,20.95,15.50
2012-04-24,30.39,20.90,14.12
2012-04-25,25.07,18.44,12.21
2012-04-26,28.14,15.79,10.38
2012-04-27,26.00,12.54,9.77
2012-04-28,28.71,15.90,7.97
2012-04-29,28.15,22.22,11.92
2012-04-30,27.68,25.17,8.68
2012-05-01,30.22,23.45,9.82
2012-05-02,30.80,23.70,8.54
2012-05-03,32.98,24.70,11.37
2012-05-04,32.56,26.33,15.62
2012-05-05,31.25,25.14,15.54
2012-05-06,28.76,19.63,9.79
2012-05-07,27.46,21.98,10.40
2012-05-08,26.89,19.97,11.19
2012-05-09,26.24,18.51,7.61
2012-05-10,28.02,19.39,5.82
2012-05-11,30.07,20.14,6.90
2012-05-12,27.53,19.91,11.51
2012-05-13,27.93,18.04,8.55
2012-05-14,32.19,21.92,11.96
2012-05-15,31.53,18.03,8.68
2012-05-16,31.32,19.32,6.99
2012-05-17,28.11,13.61,4.80
2012-05-18,28.87,20.68,7.09
2012-05-19,27.98,21.03,5.34
2012-05-20,28.67,20.65,4.22
2012-05-21,30.90,21.27,5.62
2012-05-22,30.84,19.87,7.65
2012-05-23,32.28,22.43,9.84
2012-05-24,34.88,20.79,11.51
2012-05-25,33.09,14.81,8.97
2012-05-26,35.02,13.65,7.27
2012-05-27,31.36,13.92,8.08
2012-05-28,27.35,21.05,9.72
2012-05-29,27.11,20.05,7.05
2012-05-30,28.81,21.71,7.80
2012-05-31,29.03,21.00,8.88
2012-06-01,30.48,22.15,8.30
2012-06-02,28.72,20.60,7.02
2012-06-03,28.27,16.00,4.19
2012-06-04,27.39,13.71,3.12
2012-06-05,27.75,15.12,2.74
2012-06-06,27.77,16.61,4.71
2012-06-07,31.19,19.80,6.59
2012-06-08,33.15,20.02,7.89
2012-06-09,32.87,15.30,8.00
2012-06-10,34.97,19.36,8.01
2012-06-11,33.49,16.86,4.66
2012-06-12,33.19,13.49,4.62
2012-06-13,32.99,11.90,4.61
2012-06-14,33.45,15.88,2.45
2012-06-15,33.08,15.07,3.52
2012-06-16,31.71,13.74,2.52
2012-06-17,28.81,11.90,3.43
2012-06-18,28.68,15.81,4.15
2012-06-19,26.00,13.81,3.61
2012-06-20,25.23,9.88,4.64
2012-06-21,28.66,14.71,3.17
2012-06-22,31.47,17.22,3.63
2012-06-23,31.15,17.84,5.54
2012-06-24,30.95,18.89,5.51
2012-06-25,31.17,19.57,8.72
2012-06-26,30.33,19.16,9.10
2012-06-27,31.80,13.51,4.29
2012-06-28,27.71,11.46,5.42
2012-06-29,26.56,14.77,4.76
2012-06-30,23.18,13.79,4.33
2012-07-01,25.59,10.79,1.87
2012-07-02,25.83,9.09,-0.71
2012-07-03,23.38,12.28,-0.50
2012-07-04,22.68,7.56,-0.68
2012-07-05,22.63,8.16,-1.06
2012-07-06,28.96,11.97,0.41
2012-07-07,31.10,15.73,1.86
2012-07-08,28.06,16.55,2.96
2012-07-09,28.79,15.02,1.59
2012-07-10,32.34,16.14,0.81
2012-07-11,32.13,15.45,2.66
2012-07-12,33.24,17.86,2.53
2012-07-13,29.37,21.35,4.73
2012-07-14,25.76,16.24,3.87
2012-07-15,28.53,16.07,6.59
2012-07-16,31.77,17.98,8.83
2012-07-17,31.46,22.43,10.73
2012-07-18,32.44,24.13,6.33
2012-07-19,30.27,19.94,4.95
2012-07-20,29.23,19.04,2.27
2012-07-21,28.52,13.68,4.07
2012-07-22,29.21,16.20,3.57
2012-07-23,29.75,14.02,2.98
2012-07-24,32.03,14.52,1.64
2012-07-25,29.16,16.28,0.33
2012-07-26,30.01,17.15,2.97
2012-07-27,29.04,18.90,0.89
2012-07-28,28.86,17.06,1.74
2012-07-29,31.25,17.30,3.10
2012-07-30,30.79,18.98,6.78
2012-07-31,32.02,16.34,8.04
2012-08-01,31.80,14.18,4.76
2012-08-02,28.61,12.83,5.40
2012-08-03,27.60,11.01,9.17
2012-08-04,30.36,15.42,9.70
2012-08-05,28.09,15.77,8.99
2012-08-06,25.87,11.71,5.69
2012-08-07,25.62,14.93,6.23
2012-08-08,28.32,21.70,9.52
2012-08-09,28.93,19.53,2.19
2012-08-10,27.77,18.53,3.83
2012-08-11,26.56,12.16,2.44
2012-08-12,27.39,16.68,2.36
2012-08-13,26.46,14.50,4.36
2012-08-14,28.44,11.49,3.27
2012-08-15,31.01,14.54,5.05
2012-08-16,28.26,13.57,6.62
2012-08-17,27.35,11.85,7.81
2012-08-18,29.61,17.61,4.61
2012-08-19,29.28,13.73,5.15
2012-08-20,32.07,20.88,7.64
2012-08-21,29.26,16.93,3.18
2012-08-22,27.32,10.09,2.87
2012-08-23,26.60,9.93,3.19
2012-08-24,26.74,14.41,3.08
2012-08-25,26.27,17.84,6.17
2012-08-26,28.46,20.35,7.30
2012-08-27,34.77,22.88,9.41
2012-08-28,32.20,21.74,8.19
2012-08-29,28.56,22.75,8.63
2012-08-30,32.40,21.03,8.20
2012-08-31,32.79,24.41,4.55
2012-09-01,29.77,26.80,6.98
2012-09-02,30.08,22.82,15.16
2012-09-03,31.88,19.67,9.81
2012-09-04,31.82,17.34,7.50
2012-09-05,31.30,19.32,14.06
2012-09-06,29.44,15.21,13.10
2012-09-07,27.82,17.76,6.45
2012-09-08,31.34,19.97,7.32
2012-09-09,30.03,20.41,14.21
2012-09-10,28.61,23.64,10.91
2012-09-11,30.49,18.54,8.12
2012-09-12,30.69,25.20,11.03
2012-09-13,29.74,24.09,11.77
2012-09-14,31.96,21.09,7.53
2012-09-15,32.91,19.52,4.58
2012-09-16,32.03,16.53,5.02
2012-09-17,30.96,14.45,3.73
2012-09-18,29.72,12.10,4.89
2012-09-19,31.59,17.82,-0.10
2012-09-20,28.11,17.58,3.06
2012-09-21,31.29,24.36,2.66
2012-09-22,31.95,27.18,13.38
2012-09-23,32.72,20.70,9.68
2012-09-24,32.26,21.39,13.55
2012-09-25,32.93,27.89,15.33
2012-09-26,31.88,24.45,16.45
2012-09-27,27.40,12.93,9.28
2012-09-28,30.23,19.84,8.98
2012-09-29,29.95,20.65,6.00
2012-09-30,29.89,15.98,6.55
2012-10-01,29.29,14.32,8.01
2012-10-02,32.30,18.77,6.11
2012-10-03,32.78,23.73,9.42
2012-10-04,31.40,19.94,4.53
2012-10-05,30.90,15.40,7.64
2012-10-06,30.45,11.79,9.32
2012-10-07,31.73,14.64,13.38
2012-10-08,30.84,15.01,11.33
2012-10-09,32.61,19.36,12.03
2012-10-10,31.54,25.69,18.14
2012-10-11,30.56,23.78,16.50
2012-10-12,30.59,21.44,14.45
2012-10-13,29.46,20.90,13.35
2012-10-14,30.34,15.85,14.19
2012-10-15,33.62,20.65,9.02
2012-10-16,30.70,27.41,14.39
2012-10-17,29.91,23.70,16.94
2012-10-18,29.55,22.19,10.83
2012-10-19,31.61,19.77,9.85
2012-10-20,31.41,18.62,11.69
2012-10-21,29.04,14.39,11.60
2012-10-22,30.41,17.48,9.57
2012-10-23,31.95,22.46,8.10
2012-10-24,29.76,21.05,8.35
2012-10-25,30.87,23.22,5.91
2012-10-26,30.74,22.41,8.74
2012-10-27,32.33,23.08,10.90
2012-10-28,35.02,26.07,12.15
2012-10-29,32.38,25.10,11.99
2012-10-30,29.46,22.30,12.46
2012-10-31,29.19,23.96,10.05
2012-11-01,32.35,26.77,13.56
2012-11-02,34.37,27.67,12.63
2012-11-03,33.45,27.68,15.08
2012-11-04,32.75,29.10,15.74
2012-11-05,31.93,30.27,15.36
2012-11-06,32.90,29.88,16.26
2012-11-07,32.26,25.96,16.08
2012-11-08,32.11,21.13,7.45
2012-11-09,33.04,17.50,13.43
2012-11-10,32.77,21.37,17.80
2012-11-11,33.03,29.07,21.39
2012-11-12,28.64,29.22,25.14
2012-11-13,32.43,28.30,23.62
2012-11-14,33.07,26.81,20.36
2012-11-15,31.18,26.59,16.91
2012-11-16,31.42,22.64,15.97
2012-11-17,32.91,24.50,16.16
2012-11-18,33.82,30.07,16.16
2012-11-19,33.69,29.98,16.22
2012-11-20,33.65,27.96,16.88
2012-11-21,32.79,23.47,9.11
2012-11-22,32.29,22.59,9.79
2012-11-23,31.94,24.22,9.30
2012-11-24,34.15,28.62,12.13
2012-11-25,33.34,29.82,15.63
2012-11-26,34.10,29.10,18.09
2012-11-27,31.99,31.02,15.98
2012-11-28,29.48,23.31,17.99
2012-11-29,30.42,17.95,12.70
2012-11-30,33.09,22.90,11.78
2012-12-01,32.77,28.35,13.27
2012-12-02,30.27,29.52,11.84
2012-12-03,30.17,27.01,10.54
2012-12-04,30.33,28.91,14.57
2012-12-05,29.98,26.27,10.56
2012-12-06,29.37,20.08,10.25
2012-12-07,31.21,27.68,13.11
2012-12-08,29.16,31.80,17.50
2012-12-09,31.32,30.48,17.43
2012-12-10,33.24,26.80,13.60
2012-12-11,29.67,27.23,10.63
2012-12-12,30.39,27.76,11.95
2012-12-13,29.80,29.92,15.01
2012-12-14,31.55,27.70,13.00
2012-12-15,30.73,28.36,12.31
2012-12-16,31.80,29.83,13.11
2012-12-17,29.70,27.05,13.24
2012-12-18,29.33,23.29,10.50
2012-12-19,29.92,17.00,8.80
2012-12-20,31.16,18.39,9.46
2012-12-21,32.95,29.48,12.47
2012-12-22,30.34,30.07,13.61
2012-12-23,30.27,27.69,12.06
2012-12-24,32.21,23.89,11.01
2012-12-25,30.65,24.08,10.64
2012-12-26,29.44,28.36,12.83
2012-12-27,30.70,28.69,15.27
2012-12-28,31.96,31.19,17.90
2012-12-29,32.31,31.36,15.53
2012-12-30,33.26,29.29,14.00
2012-12-31,33.29,29.29,16.62
2013-01-01,33.40,31.09,23.89
2013-01-02,34.04,29.64,23.56
2013-01-03,30.91,27.64,19.14
2013-01-04,32.21,27.71,19.09
2013-01-05,32.05,28.16,18.85
2013-01-06,32.26,29.73,10.71
2013-01-07,32.36,29.34,10.80
2013-01-08,34.23,31.88,14.01
2013-01-09,35.39,35.36,23.06
2013-01-10,35.23,32.83,30.67
2013-01-11,34.36,33.05,21.91
2013-01-12,32.70,30.79,29.38
2013-01-13,31.48,29.78,28.10
2013-01-14,32.03,29.25,28.08
2013-01-15,31.55,29.12,24.27
2013-01-16,31.19,29.18,23.71
2013-01-17,30.36,28.66,26.41
2013-01-18,30.09,29.59,27.84
2013-01-19,32.74,29.10,26.04
2013-01-20,32.07,30.25,28.90
2013-01-21,34.74,27.72,26.64
2013-01-22,34.23,30.94,23.40
2013-01-23,33.93,32.00,21.36
2013-01-24,35.18,28.39,16.42
2013-01-25,34.05,30.00,19.34
2013-01-26,33.26,31.07,21.72
2013-01-27,33.77,27.97,24.08
2013-01-28,33.94,26.61,23.29
2013-01-29,32.17,30.68,21.30
2013-01-30,32.33,29.21,25.75
2013-01-31,32.39,28.50,22.45
2013-02-01,32.28,29.23,14.86
2013-02-02,33.14,32.60,20.88
2013-02-03,30.21,33.61,24.45
2013-02-04,30.22,31.39,24.93
2013-02-05,29.89,30.14,27.49
2013-02-06,31.17,29.61,28.93
2013-02-07,33.90,30.14,29.56
2013-02-08,32.97,28.77,26.10
2013-02-09,31.40,25.07,20.16
2013-02-10,31.25,26.91,15.31
2013-02-11,31.82,30.20,12.85
2013-02-12,31.37,28.91,13.29
2013-02-13,32.75,30.12,14.07
2013-02-14,32.89,32.94,15.16
2013-02-15,33.80,32.15,15.26
2013-02-16,32.97,28.18,12.15
2013-02-17,31.66,24.74,10.71
2013-02-18,30.57,26.30,18.07
2013-02-19,29.66,27.75,19.67
2013-02-20,30.59,28.46,20.93
2013-02-21,31.75,33.26,20.62
2013-02-22,30.84,31.09,18.86
2013-02-23,32.72,28.12,12.32
2013-02-24,31.94,30.38,15.24
2013-02-25,32.33,33.00,21.41
2013-02-26,32.60,30.62,21.74
2013-02-27,32.67,29.84,16.14
2013-02-28,32.54,28.08,15.42
2013-03-01,31.79,23.64,14.45
2013-03-02,30.96,30.21,19.18
2013-03-03,31.54,29.69,22.82
2013-03-04,31.96,30.75,20.67
2013-03-05,31.91,27.36,15.29
2013-03-06,32.40,27.14,11.01
2013-03-07,32.56,26.23,11.84
2013-03-08,33.02,28.30,14.95
2013-03-09,33.39,29.36,13.02
2013-03-10,34.03,31.27,15.38
2013-03-11,33.24,27.11,14.04
2013-03-12,31.29,27.18,13.48
2013-03-13,30.83,26.21,14.47
2013-03-14,30.52,26.90,16.04
2013-03-15,31.57,31.04,16.55
2013-03-16,30.37,28.25,19.67
2013-03-17,31.07,27.63,20.39
2013-03-18,30.13,24.93,19.70
2013-03-19,29.73,26.04,17.85
2013-03-20,31.03,25.47,10.82
2013-03-21,30.79,28.64,12.45
2013-03-22,29.31,27.49,15.30
2013-03-23,30.61,28.07,16.70
2013-03-24,29.08,26.92,12.53
2013-03-25,31.45,30.00,14.87
2013-03-26,31.66,31.44,20.70
2013-03-27,31.41,29.85,20.13
2013-03-28,32.85,27.54,22.64
2013-03-29,33.23,27.22,16.93
2013-03-30,31.75,23.16,15.61
2013-03-31,31.61,20.91,19.18
2013-04-01,32.31,20.40,16.21
2013-04-02,30.36,22.99,17.61
2013-04-03,30.02,26.00,19.72
2013-04-04,32.36,23.66,13.55
2013-04-05,31.87,22.09,8.24
2013-04-06,31.82,25.60,7.75
2013-04-07,31.16,26.04,11.10
2013-04-08,32.92,28.95,16.57
2013-04-09,33.31,20.92,12.71
2013-04-10,30.31,21.81,9.42
2013-04-11,27.99,18.78,6.22
2013-04-12,31.06,23.72,7.82
2013-04-13,33.33,26.32,11.41
2013-04-14,33.92,30.46,17.10
2013-04-15,33.44,30.00,20.64
2013-04-16,34.11,28.17,16.25
2013-04-17,34.27,29.61,18.97
2013-04-18,30.69,27.14,17.33
2013-04-19,30.89,23.67,19.60
2013-04-20,33.39,22.76,13.75
2013-04-21,29.54,24.87,14.95
2013-04-22,27.67,24.00,15.05
2013-04-23,25.79,24.99,15.17
2013-04-24,28.19,24.60,13.64
2013-04-25,30.31,21.51,16.76
2013-04-26,27.73,14.39,11.19
2013-04-27,27.64,20.96,10.26
2013-04-28,26.83,21.16,11.96
2013-04-29,28.16,22.02,11.23
2013-04-30,28.92,22.33,12.40
2013-05-01,31.77,18.41,8.06
2013-05-02,31.04,17.75,12.53
2013-05-03,31.59,17.66,9.98
2013-05-04,30.39,21.98,9.48
2013-05-05,28.84,25.43,10.69
2013-05-06,26.65,24.44,9.63
2013-05-07,29.97,25.98,10.78
2013-05-08,32.32,22.69,9.34
2013-05-09,29.04,19.85,11.81
2013-05-10,26.38,17.52,9.01
2013-05-11,26.79,19.89,7.70
2013-05-12,27.05,17.48,6.77
2013-05-13,30.06,17.07,6.82
2013-05-14,28.01,16.76,3.65
2013-05-15,28.18,18.60,3.60
2013-05-16,29.03,20.87,10.60
2013-05-17,24.88,20.07,10.97
2013-05-18,26.12,13.80,10.44
2013-05-19,31.97,18.81,8.96
2013-05-20,29.61,18.57,6.58
2013-05-21,27.63,17.60,7.53
2013-05-22,27.17,18.67,10.68
2013-05-23,26.41,19.70,8.10
2013-05-24,27.55,22.40,10.47
2013-05-25,27.27,18.68,9.66
2013-05-26,27.74,17.81,7.61
2013-05-27,27.59,10.35,6.69
2013-05-28,29.36,9.99,4.17
2013-05-29,27.18,16.55,6.64
2013-05-30,30.31,19.28,6.32
2013-05-31,27.85,11.47,6.14
2013-06-01,29.15,16.70,6.46
2013-06-02,31.66,19.83,7.63
2013-06-03,29.76,19.85,8.28
2013-06-04,28.95,21.83,8.67
2013-06-05,28.01,22.22,8.17
2013-06-06,28.98,22.52,7.97
2013-06-07,28.95,22.23,7.96
2013-06-08,29.86,19.98,8.00
2013-06-09,32.83,20.79,7.31
2013-06-10,29.51,22.68,9.23
2013-06-11,27.88,21.62,7.17
2013-06-12,28.47,22.22,8.57
2013-06-13,28.02,22.22,8.52
2013-06-14,28.30,20.79,11.10
2013-06-15,30.96,17.98,6.92
2013-06-16,30.61,15.62,3.22
2013-06-17,27.44,14.58,2.19
2013-06-18,26.68,13.72,1.32
2013-06-19,22.88,14.03,4.06
2013-06-20,22.61,14.21,3.95
2013-06-21,25.62,14.72,2.82
2013-06-22,26.02,12.22,3.26
2013-06-23,25.95,14.99,4.37
2013-06-24,28.98,15.54,4.17
2013-06-25,28.28,16.01,6.26
2013-06-26,31.58,13.97,5.07
2013-06-27,32.62,10.10,5.05
2013-06-28,33.02,10.51,3.65
2013-06-29,30.69,12.01,1.55
2013-06-30,25.60,15.04,2.19
2013-07-01,27.46,18.43,4.05
2013-07-02,26.87,17.32,3.40
2013-07-03,27.36,12.88,2.42
2013-07-04,26.89,12.41,3.85
2013-07-05,29.42,10.33,3.58
2013-07-06,30.93,12.33,3.58
2013-07-07,29.69,16.55,2.70
2013-07-08,27.94,15.93,5.26
2013-07-09,32.35,15.98,4.94
2013-07-10,27.15,13.86,4.63
2013-07-11,26.52,15.34,3.86
2013-07-12,23.98,17.57,4.14
2013-07-13,24.29,17.36,3.98
2013-07-14,24.86,20.06,3.85
2013-07-15,29.46,20.39,4.41
2013-07-16,29.62,22.30,5.83
2013-07-17,28.10,20.42,4.67
2013-07-18,28.18,14.82,2.83
2013-07-19,26.59,10.25,3.49
2013-07-20,29.32,9.96,1.59
2013-07-21,27.60,9.38,1.87
2013-07-22,24.66,13.33,2.13
2013-07-23,27.12,16.87,5.24
2013-07-24,30.02,20.84,7.67
2013-07-25,28.14,19.58,9.13
2013-07-26,29.25,13.73,4.05
2013-07-27,30.13,19.48,8.66
2013-07-28,29.27,18.85,9.94
2013-07-29,29.73,16.98,11.74
2013-07-30,28.64,13.36,5.59
2013-07-31,25.18,14.96,6.38
2013-08-01,25.64,13.45,6.74
2013-08-02,29.23,16.04,5.99
2013-08-03,30.39,12.03,2.56
2013-08-04,32.21,15.61,3.37
2013-08-05,29.27,18.59,2.05
2013-08-06,28.71,15.96,1.94
2013-08-07,28.63,9.73,1.75
2013-08-08,27.92,11.21,2.11
2013-08-09,26.78,13.27,3.33
2013-08-10,28.61,17.99,2.14
2013-08-11,28.42,12.49,3.50
2013-08-12,27.84,10.82,2.42
2013-08-13,25.36,14.77,4.44
2013-08-14,29.00,20.21,7.32
2013-08-15,30.93,20.06,4.51
2013-08-16,32.52,20.93,8.43
2013-08-17,30.48,23.07,9.20
2013-08-18,29.10,19.82,7.41
2013-08-19,28.35,17.81,4.09
2013-08-20,28.48,18.84,5.08
2013-08-21,28.63,18.52,2.16
2013-08-22,28.52,18.43,2.87
2013-08-23,25.29,15.65,0.92
2013-08-24,17.54,15.36,1.93
2013-08-25,21.32,14.73,4.63
2013-08-26,30.44,17.66,5.11
2013-08-27,33.60,22.22,5.72
2013-08-28,29.71,26.79,9.88
2013-08-29,32.32,21.23,9.10
2013-08-30,33.35,19.86,6.91
2013-08-31,33.49,18.69,4.56
2013-09-01,34.05,16.34,5.52
2013-09-02,33.07,15.16,4.94
2013-09-03,34.28,23.16,5.87
2013-09-04,27.04,17.87,7.21
2013-09-05,31.42,19.77,7.16
2013-09-06,33.80,18.68,6.57
2013-09-07,32.62,21.27,9.76
2013-09-08,29.43,26.19,7.69
2013-09-09,27.26,23.75,7.49
2013-09-10,30.78,20.57,5.86
2013-09-11,32.09,15.70,2.85
2013-09-12,28.21,12.21,3.33
2013-09-13,27.59,14.23,5.75
2013-09-14,31.24,12.40,5.75
2013-09-15,31.70,12.17,6.23
2013-09-16,30.81,9.65,6.05
2013-09-17,33.27,17.23,4.86
2013-09-18,32.23,21.09,9.04
2013-09-19,31.51,17.97,3.79
2013-09-20,29.14,14.88,2.00
2013-09-21,28.71,10.95,4.13
2013-09-22,31.30,18.82,10.05
2013-09-23,31.64,23.25,12.94
2013-09-24,33.59,25.45,13.55
2013-09-25,30.61,22.87,12.08
2013-09-26,29.84,18.10,6.22
2013-09-27,28.98,16.50,7.36
2013-09-28,31.18,16.87,8.37
2013-09-29,28.61,19.56,10.60
2013-09-30,30.02,18.94,11.51
2013-10-01,31.71,20.59,7.25
2013-10-02,30.80,17.45,7.97
2013-10-03,33.48,20.56,7.47
2013-10-04,35.13,26.57,7.68
2013-10-05,31.51,27.28,15.34
2013-10-06,33.55,24.61,18.45
2013-10-07,35.88,25.20,17.85
2013-10-08,32.59,21.03,8.37
2013-10-09,31.50,24.40,8.33
2013-10-10,31.24,25.62,8.92
2013-10-11,31.20,25.21,15.16
2013-10-12,30.88,24.84,13.63
2013-10-13,29.60,26.02,10.55
2013-10-14,30.85,28.36,11.18
2013-10-15,33.31,28.64,18.05
2013-10-16,34.42,27.99,19.11
2013-10-17,34.72,29.57,19.64
2013-10-18,32.61,24.91,16.94
2013-10-19,31.09,22.64,9.83
2013-10-20,29.62,17.99,7.41
2013-10-21,29.41,24.04,8.19
2013-10-22,28.42,19.00,4.93
2013-10-23,32.05,21.41,9.33
2013-10-24,31.70,23.27,18.66
2013-10-25,33.72,22.45,12.95
2013-10-26,33.54,27.99,11.41
2013-10-27,33.59,28.28,19.74
2013-10-28,33.89,21.85,17.01
2013-10-29,32.83,24.34,16.22
2013-10-30,31.32,20.16,14.73
2013-10-31,29.09,16.02,9.60
2013-11-01,30.34,20.77,10.34
2013-11-02,31.75,24.69,13.35
2013-11-03,30.12,30.78,16.52
2013-11-04,31.93,28.31,18.08
2013-11-05,33.12,27.58,16.85
2013-11-06,32.11,19.76,7.83
2013-11-07,30.21,25.11,7.75
2013-11-08,27.75,24.06,7.72
2013-11-09,27.83,21.14,15.30
2013-11-10,29.96,17.92,13.64
2013-11-11,31.79,24.94,8.56
2013-11-12,33.78,30.25,9.90
2013-11-13,33.32,31.03,11.66
2013-11-14,33.42,23.18,6.61
2013-11-15,32.58,30.40,11.57
2013-11-16,33.33,31.91,19.64
2013-11-17,30.47,25.47,14.95
2013-11-18,27.66,23.02,12.74
2013-11-19,30.23,24.91,15.36
2013-11-20,32.68,27.35,15.98
2013-11-21,33.31,31.22,19.75
2013-11-22,32.42,29.59,14.13
2013-11-23,32.82,25.56,10.13
2013-11-24,30.53,23.18,8.22
2013-11-25,29.53,23.33,15.67
2013-11-26,30.16,19.56,15.62
2013-11-27,30.40,25.41,9.40
2013-11-28,30.32,24.24,10.52
2013-11-29,29.87,28.71,14.87
2013-11-30,30.42,28.51,16.35
2013-12-01,28.92,29.28,16.82
2013-12-02,27.67,29.56,11.27
2013-12-03,28.51,34.28,10.94
2013-12-04,29.15,29.66,9.88
2013-12-05,31.42,29.25,15.35
2013-12-06,31.94,28.75,15.62
2013-12-07,29.67,29.27,18.13
2013-12-08,30.47,22.17,15.57
2013-12-09,30.25,29.60,15.85
2013-12-10,28.99,31.07,21.42
2013-12-11,29.19,30.15,19.12
2013-12-12,30.16,29.25,19.30
2013-12-13,30.95,28.56,17.32
2013-12-14,31.14,29.55,20.18
2013-12-15,32.47,29.71,22.96
2013-12-16,34.34,30.68,26.47
2013-12-17,32.05,30.22,21.47
2013-12-18,30.95,28.69,23.84
2013-12-19,30.56,29.13,23.26
2013-12-20,29.77,28.81,21.93
2013-12-21,32.01,29.48,22.24
2013-12-22,31.65,29.09,23.61
2013-12-23,31.32,29.83,24.09
2013-12-24,30.06,27.52,23.43
2013-12-25,29.03,27.23,19.09
2013-12-26,31.87,29.41,16.62
2013-12-27,31.38,31.31,19.10
2013-12-28,31.82,32.27,19.90
2013-12-29,31.98,32.34,15.14
2013-12-30,30.35,30.44,13.55
2013-12-31,28.58,29.34,11.70
2014-01-01,29.19,28.66,11.26
2014-01-02,28.61,27.30,9.29
2014-01-03,30.34,31.91,13.34
2014-01-04,30.53,33.93,16.29
2014-01-05,32.29,30.58,22.14
2014-01-06,32.24,32.07,17.25
2014-01-07,29.99,33.64,17.82
2014-01-08,30.30,30.07,19.96
2014-01-09,29.72,28.80,10.98
2014-01-10,30.32,30.35,15.54
2014-01-11,29.99,32.78,25.93
2014-01-12,30.36,32.18,24.99
2014-01-13,30.54,29.80,22.76
2014-01-14,31.26,31.61,22.11
2014-01-15,31.28,32.08,27.60
2014-01-16,29.07,30.58,26.12
2014-01-17,32.23,29.85,24.89
2014-01-18,32.80,29.53,23.98
2014-01-19,32.80,29.74,22.54
2014-01-20,30.39,28.80,14.93
2014-01-21,30.58,29.19,13.58
2014-01-22,30.04,27.60,9.72
2014-01-23,30.35,25.84,10.19
2014-01-24,30.99,27.69,16.29
2014-01-25,29.74,28.92,18.67
2014-01-26,29.16,28.09,18.55
2014-01-27,29.29,26.36,18.62
2014-01-28,28.22,29.42,18.52
2014-01-29,28.18,31.75,21.48
2014-01-30,30.07,30.56,14.30
2014-01-31,31.81,31.57,16.48
2014-02-01,31.48,28.05,12.56
2014-02-02,33.20,27.21,12.00
2014-02-03,33.05,28.97,13.60
2014-02-04,32.55,27.80,12.47
2014-02-05,31.02,27.42,11.98
2014-02-06,29.91,28.72,9.86
2014-02-07,30.89,29.08,14.21
2014-02-08,31.54,29.02,14.80
2014-02-09,32.86,29.82,18.96
2014-02-10,32.90,29.29,20.50
2014-02-11,31.74,30.38,17.01
2014-02-12,31.59,31.77,20.29
2014-02-13,30.16,29.16,20.97
2014-02-14,30.09,27.83,23.80
2014-02-15,29.45,23.89,24.02
2014-02-16,29.38,29.45,21.63
2014-02-17,29.15,30.40,21.89
2014-02-18,31.12,28.89,19.38
2014-02-19,31.10,29.95,17.63
2014-02-20,30.50,29.79,17.22
2014-02-21,29.89,30.60,16.91
2014-02-22,30.42,32.13,19.85
2014-02-23,30.75,29.13,17.13
2014-02-24,29.52,24.52,22.12
2014-02-25,30.14,26.42,23.07
2014-02-26,30.43,32.24,21.90
2014-02-27,31.81,30.82,18.23
2014-02-28,31.04,27.68,17.09
2014-03-01,29.32,23.50,22.11
2014-03-02,28.18,24.99,23.08
2014-03-03,29.18,27.49,20.43
2014-03-04,30.22,28.99,13.45
2014-03-05,30.13,28.89,14.74
2014-03-06,31.31,29.81,16.11
2014-03-07,30.66,31.89,16.21
2014-03-08,30.33,32.51,10.98
2014-03-09,29.74,27.48,10.86
2014-03-10,28.86,27.51,10.54
2014-03-11,30.06,28.68,13.50
2014-03-12,30.21,28.80,15.11
2014-03-13,31.00,25.41,18.96
2014-03-14,30.33,23.39,12.13
2014-03-15,29.45,25.59,11.72
2014-03-16,30.61,27.91,10.58
2014-03-17,30.41,29.89,15.87
2014-03-18,31.20,26.10,17.28
2014-03-19,31.77,26.95,15.92
2014-03-20,31.73,30.17,11.15
2014-03-21,31.12,31.13,12.55
2014-03-22,31.43,33.18,20.96
2014-03-23,31.23,28.37,17.93
2014-03-24,30.11,28.98,18.09
2014-03-25,30.33,29.28,21.07
2014-03-26,32.10,25.42,22.49
2014-03-27,30.93,24.91,17.13
2014-03-28,29.32,25.89,13.87
2014-03-29,32.45,23.45,9.72
2014-03-30,27.89,21.37,5.31
2014-03-31,30.99,22.61,9.76
2014-04-01,33.13,26.02,13.46
2014-04-02,32.66,23.14,15.67
2014-04-03,31.10,23.76,15.53
2014-04-04,28.65,23.96,15.29
2014-04-05,28.72,24.20,16.30
2014-04-06,27.01,20.14,16.69
2014-04-07,30.12,18.30,11.05
2014-04-08,27.65,25.26,10.15
2014-04-09,27.67,25.02,9.86
2014-04-10,27.36,22.02,9.22
2014-04-11,29.23,21.32,7.65
2014-04-12,29.98,25.89,10.02
2014-04-13,28.86,29.72,13.58
2014-04-14,30.75,29.98,16.55
2014-04-15,30.40,27.90,12.66
2014-04-16,29.57,23.29,8.77
2014-04-17,29.14,23.43,8.37
2014-04-18,30.00,21.52,8.11
2014-04-19,31.89,26.99,13.04
2014-04-20,31.22,27.74,13.78
2014-04-21,30.66,26.50,15.61
2014-04-22,30.89,28.64,15.76
2014-04-23,29.34,26.27,16.90
2014-04-24,31.14,24.95,16.71
2014-04-25,31.74,23.52,15.73
2014-04-26,31.26,18.24,10.27
2014-04-27,32.88,20.44,7.71
2014-04-28,30.09,21.83,10.94
2014-04-29,28.68,21.61,12.45
2014-04-30,31.34,22.03,10.94
2014-05-01,31.73,13.97,5.58
2014-05-02,31.55,14.67,7.66
2014-05-03,31.13,22.30,8.71
2014-05-04,30.62,22.21,9.04
2014-05-05,31.30,20.34,9.30
2014-05-06,30.06,23.37,8.32
2014-05-07,30.44,25.14,13.52
2014-05-08,29.45,25.30,14.28
2014-05-09,29.64,21.03,11.44
2014-05-10,27.61,18.94,10.89
2014-05-11,26.34,19.78,11.94
2014-05-12,27.50,20.43,6.35
2014-05-13,30.02,21.71,8.30
2014-05-14,31.80,21.35,9.18
2014-05-15,31.29,22.05,10.57
2014-05-16,30.43,21.73,6.80
2014-05-17,31.84,21.98,8.89
2014-05-18,27.70,20.91,7.36
2014-05-19,28.31,19.62,9.09
2014-05-20,27.86,14.85,8.78
2014-05-21,25.80,12.96,7.59
2014-05-22,22.50,15.71,6.38
2014-05-23,25.29,18.82,11.70
2014-05-24,21.33,18.17,9.31
2014-05-25,28.72,16.89,5.28
2014-05-26,29.93,20.57,5.93
2014-05-27,32.42,24.34,11.44
2014-05-28,31.63,20.81,8.87
2014-05-29,27.01,13.58,4.71
2014-05-30,24.76,16.05,7.21
2014-05-31,28.63,17.38,6.51
2014-06-01,29.03,18.82,6.76
2014-06-02,30.24,16.59,7.05
2014-06-03,26.84,12.19,4.18
2014-06-04,26.48,11.61,1.76
2014-06-05,25.08,12.34,1.73
2014-06-06,24.80,11.08,0.74
2014-06-07,22.93,6.62,0.52
2014-06-08,27.60,7.75,3.25
2014-06-09,25.96,16.66,3.98
2014-06-10,29.26,15.87,3.42
2014-06-11,30.57,11.23,3.29
2014-06-12,28.60,7.07,2.67
2014-06-13,29.24,14.11,2.32
2014-06-14,30.08,15.28,3.27
2014-06-15,30.57,18.31,4.21
2014-06-16,31.38,19.81,5.41
2014-06-17,30.83,20.24,6.52
2014-06-18,30.12,20.14,6.93
2014-06-19,29.72,18.86,9.05
2014-06-20,28.50,16.67,8.54
2014-06-21,28.18,13.13,5.11
2014-06-22,29.64,13.53,3.76
2014-06-23,29.78,16.84,4.64
2014-06-24,30.44,15.92,3.75
2014-06-25,23.40,12.23,3.60
2014-06-26,20.42,12.73,1.24
2014-06-27,24.77,14.07,6.81
2014-06-28,30.92,15.59,9.40
2014-06-29,29.52,17.92,7.41
2014-06-30,27.37,13.94,3.89
2014-07-01,27.70,13.37,2.56
2014-07-02,25.83,9.79,1.28
2014-07-03,28.61,13.30,4.03
2014-07-04,22.32,9.90,0.62
2014-07-05,23.20,10.92,0.41
2014-07-06,28.22,14.65,1.59
2014-07-07,29.92,17.50,4.78
2014-07-08,28.76,18.37,6.35
2014-07-09,27.93,18.36,5.14
2014-07-10,29.31,16.97,6.36
2014-07-11,28.38,14.04,6.90
2014-07-12,31.19,15.35,7.01
2014-07-13,31.28,18.09,6.88
2014-07-14,30.97,12.16,4.16
2014-07-15,32.27,14.76,2.98
2014-07-16,27.98,16.59,2.35
2014-07-17,31.81,17.50,5.47
2014-07-18,31.07,20.80,8.96
2014-07-19,32.07,20.09,11.03
2014-07-20,30.93,17.80,6.91
2014-07-21,32.19,12.35,3.62
2014-07-22,27.68,9.24,2.45
2014-07-23,23.67,11.12,2.12
2014-07-24,27.07,13.73,1.52
2014-07-25,26.81,15.46,2.10
2014-07-26,30.60,15.63,4.71
2014-07-27,32.28,17.22,4.05
2014-07-28,31.27,16.68,4.68
2014-07-29,31.10,18.48,4.29
2014-07-30,33.90,17.54,5.71
2014-07-31,33.68,15.19,3.54
2014-08-01,32.85,21.00,6.52
2014-08-02,28.81,17.14,5.48
2014-08-03,27.79,12.76,3.88
2014-08-04,27.52,17.30,6.52
2014-08-05,26.52,17.64,3.13
2014-08-06,27.73,9.74,3.92
2014-08-07,27.97,16.43,6.25
2014-08-08,28.51,20.26,9.39
2014-08-09,28.73,18.12,2.22
2014-08-10,31.65,15.93,1.93
2014-08-11,32.47,15.63,1.51
2014-08-12,32.46,16.73,2.58
2014-08-13,32.52,19.40,7.86
2014-08-14,33.08,19.08,9.12
2014-08-15,36.48,20.38,8.65
2014-08-16,36.59,22.77,6.18
2014-08-17,35.32,23.82,11.09
2014-08-18,30.38,24.78,14.14
2014-08-19,31.48,21.08,15.49
2014-08-20,31.23,20.11,8.49
2014-08-21,32.16,19.65,8.24
2014-08-22,28.96,15.46,9.22
2014-08-23,31.86,10.18,7.83
2014-08-24,29.16,10.50,5.46
2014-08-25,31.09,16.99,9.50
2014-08-26,33.13,21.29,11.28
2014-08-27,34.45,16.52,10.65
2014-08-28,32.96,17.41,11.28
2014-08-29,31.66,18.43,9.03
2014-08-30,31.08,14.82,6.93
2014-08-31,35.23,16.93,12.08
2014-09-01,33.93,11.41,7.74
2014-09-02,33.02,13.70,7.81
2014-09-03,30.20,12.95,7.91
2014-09-04,32.88,14.97,9.59
2014-09-05,31.14,10.55,8.30
2014-09-06,32.58,17.45,5.88
2014-09-07,33.93,21.53,7.38
2014-09-08,31.65,17.36,4.64
2014-09-09,28.32,12.10,2.34
2014-09-10,29.12,15.12,5.38
2014-09-11,26.81,18.84,10.89
2014-09-12,26.34,19.77,7.16
2014-09-13,28.44,11.77,12.57
2014-09-14,32.87,18.91,8.45
2014-09-15,32.29,25.89,13.54
2014-09-16,30.69,18.28,9.80
2014-09-17,28.90,16.81,12.21
2014-09-18,29.54,16.45,6.86
2014-09-19,30.38,17.87,6.17
2014-09-20,32.82,23.14,10.55
2014-09-21,31.75,18.86,6.87
2014-09-22,28.51,12.24,5.84
2014-09-23,27.89,13.42,4.00
2014-09-24,31.34,14.23,0.81
2014-09-25,30.94,14.68,4.00
2014-09-26,31.54,18.58,6.98
2014-09-27,30.89,17.40,5.08
2014-09-28,30.80,19.54,6.45
2014-09-29,30.09,16.89,6.21
2014-09-30,35.14,21.98,10.24
2014-10-01,30.92,24.65,16.86
2014-10-02,29.43,23.53,16.30
2014-10-03,31.37,19.97,12.39
2014-10-04,29.26,16.44,14.13
2014-10-05,29.66,22.38,11.48
2014-10-06,32.17,27.37,15.86
2014-10-07,31.19,24.24,8.94
2014-10-08,28.88,18.80,7.33
2014-10-09,27.72,18.98,6.98
2014-10-10,29.93,21.63,10.88
2014-10-11,30.32,23.48,9.38
2014-10-12,31.45,26.63,9.81
2014-10-13,32.64,26.93,12.51
2014-10-14,30.29,27.01,18.15
2014-10-15,31.89,20.93,9.99
2014-10-16,30.68,21.82,11.05
2014-10-17,30.65,20.79,8.99
2014-10-18,30.90,15.79,8.56
2014-10-19,32.68,24.91,12.16
2014-10-20,33.03,28.85,10.84
2014-10-21,33.02,28.15,15.52
2014-10-22,35.92,28.85,15.10
2014-10-23,36.32,29.05,19.94
2014-10-24,35.23,30.40,19.73
2014-10-25,30.08,30.43,19.94
2014-10-26,32.07,22.58,14.37
2014-10-27,29.33,24.86,13.51
2014-10-28,31.26,21.43,9.54
2014-10-29,30.90,19.45,7.69
2014-10-30,31.46,21.67,7.95
2014-10-31,30.91,23.71,8.90
2014-11-01,30.34,21.89,7.05
2014-11-02,30.34,20.80,7.67
2014-11-03,31.96,23.42,8.52
2014-11-04,34.09,26.66,11.34
2014-11-05,31.25,23.11,8.80
2014-11-06,31.90,25.79,8.66
2014-11-07,29.03,28.73,9.51
2014-11-08,29.09,29.77,14.81
2014-11-09,30.93,29.34,17.64
2014-11-10,33.49,26.41,11.91
2014-11-11,31.46,26.45,10.21
2014-11-12,30.50,27.36,12.59
2014-11-13,30.87,30.31,13.98
2014-11-14,29.83,30.02,16.03
2014-11-15,30.90,27.41,17.27
2014-11-16,31.24,29.41,22.46
2014-11-17,33.61,27.46,17.21
2014-11-18,33.15,22.66,10.05
2014-11-19,31.13,24.32,8.38
2014-11-20,29.98,22.61,13.05
2014-11-21,31.59,27.16,14.85
2014-11-22,32.60,28.99,12.49
2014-11-23,33.20,24.19,8.71
2014-11-24,33.24,21.09,9.43
2014-11-25,32.30,23.77,12.77
2014-11-26,33.21,30.63,15.82
2014-11-27,33.37,27.81,11.69
2014-11-28,33.16,25.08,10.79
2014-11-29,31.05,13.70,9.88
2014-11-30,30.45,19.62,13.09
2014-12-01,29.78,28.19,17.71
2014-12-02,32.76,31.89,19.40
2014-12-03,34.05,33.80,21.09
2014-12-04,31.72,30.38,21.40
2014-12-05,32.44,26.11,15.48
2014-12-06,30.80,23.17,11.31
2014-12-07,31.24,30.82,14.13
2014-12-08,30.85,30.00,19.45
2014-12-09,28.91,28.36,14.03
2014-12-10,30.80,26.02,16.45
2014-12-11,32.12,28.36,15.55
2014-12-12,31.30,28.02,14.74
2014-12-13,31.56,28.78,20.10
2014-12-14,30.27,26.30,19.54
2014-12-15,28.80,26.39,14.76
2014-12-16,30.61,27.49,17.06
2014-12-17,30.20,29.74,17.13
2014-12-18,30.04,31.10,16.05
2014-12-19,30.97,27.56,9.79
2014-12-20,30.17,19.20,8.39
2014-12-21,29.70,21.16,9.02
2014-12-22,31.35,28.14,13.20
2014-12-23,32.61,33.65,17.41
2014-12-24,33.35,30.75,16.25
2014-12-25,32.96,31.02,17.31
2014-12-26,34.31,31.26,19.96
2014-12-27,34.11,30.17,19.26
2014-12-28,32.42,31.79,18.80
2014-12-29,30.61,29.17,15.13
2014-12-30,31.88,28.87,12.98
2014-12-31,32.29,26.72,9.00
2015-01-01,34.70,29.42,15.47
2015-01-02,32.60,31.00,21.17
2015-01-03,33.55,32.91,21.65
2015-01-04,33.82,33.09,23.59
2015-01-05,33.36,31.23,18.13
2015-01-06,33.41,31.14,17.61
2015-01-07,34.07,29.18,21.15
2015-01-08,33.51,32.14,20.70
2015-01-09,34.17,34.52,20.20
2015-01-10,32.68,32.99,17.95
2015-01-11,31.22,34.02,19.54
2015-01-12,29.94,31.12,17.25
2015-01-13,31.21,31.55,16.09
2015-01-14,32.57,32.31,22.67
2015-01-15,33.56,31.28,24.98
2015-01-16,32.19,32.27,21.29
2015-01-17,30.09,30.77,23.00
2015-01-18,28.62,28.66,19.79
2015-01-19,28.81,28.38,24.90
2015-01-20,31.36,28.90,28.99
2015-01-21,28.93,29.07,25.35
2015-01-22,31.36,30.63,19.83
2015-01-23,30.23,31.43,23.61
2015-01-24,30.71,31.53,21.02
2015-01-25,31.32,30.95,24.03
2015-01-26,31.34,32.05,19.73
2015-01-27,31.72,31.80,15.38
2015-01-28,31.86,31.91,22.59
2015-01-29,33.04,31.85,25.80
2015-01-30,29.80,31.70,23.83
2015-01-31,32.58,32.61,23.17
2015-02-01,32.67,31.97,22.84
2015-02-02,32.44,32.18,21.89
2015-02-03,31.73,31.90,19.43
2015-02-04,31.29,32.68,20.91
2015-02-05,31.70,30.83,23.06
2015-02-06,31.37,31.07,20.94
2015-02-07,29.12,30.61,19.35
2015-02-08,30.67,29.64,14.63
2015-02-09,29.79,25.40,12.23
2015-02-10,31.99,31.44,13.96
2015-02-11,32.49,32.80,16.38
2015-02-12,31.74,34.64,18.15
2015-02-13,32.87,34.54,22.51
2015-02-14,31.88,31.27,22.14
2015-02-15,31.91,31.13,23.26
2015-02-16,32.41,31.04,21.19
2015-02-17,32.48,31.50,17.62
2015-02-18,32.18,28.77,13.38
2015-02-19,30.10,27.58,15.87
2015-02-20,32.93,24.03,22.00
2015-02-21,33.07,28.34,19.78
2015-02-22,32.21,29.97,21.79
2015-02-23,31.39,30.42,23.45
2015-02-24,30.93,24.38,23.14
2015-02-25,31.04,28.24,23.48
2015-02-26,30.16,26.70,28.02
2015-02-27,31.12,27.19,27.00
2015-02-28,33.43,27.29,22.27
2015-03-01,33.00,29.66,16.37
2015-03-02,32.35,28.29,15.61
2015-03-03,31.43,29.73,18.48
2015-03-04,31.59,29.77,20.99
2015-03-05,31.59,30.88,19.96
2015-03-06,31.36,29.18,21.62
2015-03-07,31.41,28.92,15.92
2015-03-08,32.74,30.10,19.04
2015-03-09,34.49,32.56,25.96
2015-03-10,34.14,33.56,24.02
2015-03-11,33.64,32.42,22.85
2015-03-12,33.34,31.11,19.75
2015-03-13,32.76,29.92,14.63
2015-03-14,32.23,31.05,17.39
2015-03-15,33.17,32.67,19.34
2015-03-16,32.30,31.87,18.84
2015-03-17,32.77,31.96,19.38
2015-03-18,29.06,31.50,20.22
2015-03-19,31.00,31.73,18.59
2015-03-20,32.36,36.89,17.86
2015-03-21,30.89,32.88,21.52
2015-03-22,31.12,28.53,22.30
2015-03-23,29.31,25.30,23.53
2015-03-24,27.70,22.70,22.88
2015-03-25,29.23,25.33,20.86
2015-03-26,30.59,26.19,21.88
2015-03-27,30.80,29.13,20.38
2015-03-28,31.13,29.75,19.34
2015-03-29,31.08,28.38,13.28
2015-03-30,29.59,24.49,13.17
2015-03-31,30.85,29.83,12.88
2015-04-01,30.09,28.77,9.14
2015-04-02,30.75,27.87,12.01
2015-04-03,31.45,26.66,11.35
2015-04-04,29.99,26.29,13.15
2015-04-05,29.99,29.52,18.83
2015-04-06,29.66,28.04,18.85
2015-04-07,31.75,23.50,13.87
2015-04-08,32.62,26.01,14.87
2015-04-09,32.02,27.79,14.66
2015-04-10,30.26,31.02,17.00
2015-04-11,32.76,29.68,19.44
2015-04-12,33.21,27.90,16.99
2015-04-13,33.04,26.02,11.52
2015-04-14,33.07,25.67,11.96
2015-04-15,31.89,22.23,11.45
2015-04-16,31.95,19.18,8.14
2015-04-17,32.61,26.22,9.36
2015-04-18,30.85,27.90,8.96
2015-04-19,31.72,19.99,9.87
2015-04-20,31.23,21.13,9.65
2015-04-21,31.81,24.36,13.22
2015-04-22,30.52,26.51,15.77
2015-04-23,31.38,28.38,14.77
2015-04-24,30.89,29.57,18.05
2015-04-25,27.72,26.08,17.36
2015-04-26,29.32,25.00,16.39
2015-04-27,29.23,26.32,14.40
2015-04-28,28.90,26.39,16.49
2015-04-29,28.91,25.90,13.40
2015-04-30,31.31,26.50,12.21
2015-05-01,32.01,20.66,7.80
2015-05-02,32.27,17.77,5.15
2015-05-03,31.44,20.30,4.42
2015-05-04,32.42,23.47,7.67
2015-05-05,33.55,23.03,8.98
2015-05-06,29.67,25.98,10.69
2015-05-07,30.51,22.50,15.08
2015-05-08,31.12,19.21,10.76
2015-05-09,30.92,20.52,8.37
2015-05-10,34.81,24.23,11.87
2015-05-11,34.19,25.84,15.11
2015-05-12,32.15,21.06,10.58
2015-05-13,31.98,22.66,8.19
2015-05-14,29.98,23.51,10.58
2015-05-15,29.80,22.16,10.97
2015-05-16,31.77,24.70,10.96
2015-05-17,31.10,22.68,7.99
2015-05-18,32.54,24.43,12.42
2015-05-19,33.08,26.72,14.53
2015-05-20,31.95,20.65,7.65
2015-05-21,31.41,19.07,6.92
2015-05-22,28.52,17.94,6.83
2015-05-23,28.22,16.84,5.39
2015-05-24,27.50,18.18,4.17
2015-05-25,29.61,18.73,8.11
2015-05-26,29.78,19.42,8.38
2015-05-27,31.85,22.85,11.10
2015-05-28,30.57,19.95,6.51
2015-05-29,27.34,18.75,6.93
2015-05-30,26.23,15.76,6.64
2015-05-31,25.72,18.19,5.11
2015-06-01,28.75,18.79,7.87
2015-06-02,31.66,21.59,9.00
2015-06-03,29.82,20.27,7.15
2015-06-04,30.05,19.26,6.67
2015-06-05,27.59,20.34,9.02
2015-06-06,25.74,17.75,5.61
2015-06-07,26.34,19.46,3.96
2015-06-08,27.00,18.73,4.84
2015-06-09,28.71,15.42,3.14
2015-06-10,28.44,14.92,2.98
2015-06-11,30.84,17.59,4.41
2015-06-12,33.41,15.71,3.71
2015-06-13,29.70,11.48,1.76
2015-06-14,27.91,14.71,2.78
2015-06-15,29.06,18.33,3.08
2015-06-16,27.98,17.04,4.54
2015-06-17,30.35,16.57,3.12
2015-06-18,34.30,21.57,3.79
2015-06-19,32.30,22.62,3.67
2015-06-20,32.75,22.01,4.26
2015-06-21,32.73,20.06,4.11
2015-06-22,31.92,20.79,5.12
2015-06-23,31.48,19.76,4.26
2015-06-24,32.44,17.75,6.19
2015-06-25,34.47,18.12,6.53
2015-06-26,32.17,21.41,8.69
2015-06-27,28.25,21.75,7.10
2015-06-28,31.06,19.56,4.33
2015-06-29,30.40,18.27,4.88
2015-06-30,31.67,18.91,6.42
2015-07-01,27.96,18.20,5.97
2015-07-02,31.18,17.62,4.01
2015-07-03,28.80,18.11,6.72
2015-07-04,31.30,19.42,6.15
2015-07-05,28.38,11.94,2.52
2015-07-06,25.48,14.89,3.10
2015-07-07,27.33,18.48,3.81
2015-07-08,30.14,16.07,3.15
2015-07-09,28.25,15.28,2.56
2015-07-10,29.17,14.11,2.83
2015-07-11,30.55,12.55,1.98
2015-07-12,25.44,11.19,4.13
2015-07-13,21.83,10.07,-1.16
2015-07-14,21.54,12.19,0.07
2015-07-15,26.84,11.41,1.15
2015-07-16,30.72,14.63,2.58
2015-07-17,31.49,17.55,1.29
2015-07-18,30.66,15.86,0.49
2015-07-19,29.48,10.38,1.29
2015-07-20,28.91,14.56,0.33
2015-07-21,23.29,16.75,2.04
2015-07-22,26.18,16.88,6.18
2015-07-23,30.51,18.49,4.34
2015-07-24,31.42,19.87,7.43
2015-07-25,33.30,20.24,5.22
2015-07-26,28.58,19.21,4.50
2015-07-27,31.10,15.48,3.75
2015-07-28,29.16,13.78,3.16
2015-07-29,27.69,20.58,7.18
2015-07-30,28.30,14.91,3.83
2015-07-31,30.49,14.41,4.33
2015-08-01,26.81,13.23,2.71
2015-08-02,30.43,11.98,2.81
2015-08-03,31.49,16.74,4.93
2015-08-04,32.84,22.13,9.05
2015-08-05,35.58,14.29,5.18
2015-08-06,34.81,10.38,2.57
2015-08-07,34.79,13.17,3.30
2015-08-08,22.63,12.49,5.41
2015-08-09,17.76,11.38,1.82
2015-08-10,24.93,11.90,2.10
2015-08-11,23.40,15.17,2.99
2015-08-12,24.19,12.41,5.08
2015-08-13,25.70,13.27,6.03
2015-08-14,29.50,13.25,2.64
2015-08-15,31.85,12.68,2.98
2015-08-16,26.20,17.38,4.63
2015-08-17,30.64,15.67,2.61
2015-08-18,31.57,19.58,5.99
2015-08-19,29.08,22.62,10.94
2015-08-20,34.59,21.22,12.16
2015-08-21,28.88,14.34,5.09
2015-08-22,30.91,15.30,3.81
2015-08-23,33.76,18.81,5.99
2015-08-24,31.84,22.29,5.56
2015-08-25,30.21,13.73,4.47
2015-08-26,32.98,17.29,5.33
2015-08-27,35.46,19.83,8.03
2015-08-28,31.39,20.55,5.66
2015-08-29,29.76,23.74,6.36
2015-08-30,30.22,24.32,5.25
2015-08-31,31.48,24.98,9.15
2015-09-01,29.79,25.82,9.14
2015-09-02,32.11,25.42,10.08
2015-09-03,31.56,24.67,9.76
2015-09-04,33.13,25.98,14.29
2015-09-05,32.65,24.63,17.19
2015-09-06,33.57,16.44,8.85
2015-09-07,31.02,11.71,4.37
2015-09-08,32.51,15.22,1.46
2015-09-09,30.09,11.70,1.61
2015-09-10,32.80,14.98,2.63
2015-09-11,35.42,20.57,2.51
2015-09-12,37.63,22.95,6.05
2015-09-13,38.03,24.32,10.03
2015-09-14,37.24,19.80,7.89
2015-09-15,35.09,15.19,3.36
2015-09-16,33.28,15.98,4.09
2015-09-17,32.14,16.88,4.64
2015-09-18,31.61,18.07,5.39
2015-09-19,35.51,20.11,10.51
2015-09-20,36.27,19.91,11.88
2015-09-21,34.16,17.28,10.04
2015-09-22,31.41,16.98,9.28
2015-09-23,30.54,18.00,10.41
2015-09-24,32.16,10.79,4.76
2015-09-25,29.12,18.89,5.95
2015-09-26,29.36,16.00,4.49
2015-09-27,33.97,19.10,4.67
2015-09-28,32.35,22.23,7.43
2015-09-29,30.92,23.39,10.41
2015-09-30,32.90,23.48,7.96
2015-10-01,32.17,14.57,11.89
2015-10-02,30.12,24.13,12.93
2015-10-03,35.91,21.59,15.29
2015-10-04,34.82,14.90,8.18
2015-10-05,34.33,14.47,7.82
2015-10-06,31.14,14.42,6.38
2015-10-07,28.99,16.09,6.17
2015-10-08,27.13,15.77,8.10
2015-10-09,30.42,19.01,11.82
2015-10-10,30.64,21.64,11.39
2015-10-11,32.45,23.44,14.58
2015-10-12,31.61,20.68,9.98
2015-10-13,31.66,19.06,6.16
2015-10-14,30.94,12.99,6.97
2015-10-15,30.22,18.29,6.45
2015-10-16,27.88,18.08,12.25
2015-10-17,32.58,25.30,16.90
2015-10-18,31.31,26.27,15.64
2015-10-19,30.49,14.81,12.83
2015-10-20,35.53,20.05,9.37
2015-10-21,35.80,20.43,8.87
2015-10-22,35.15,24.93,14.05
2015-10-23,31.21,23.95,14.89
2015-10-24,30.75,19.50,13.10
2015-10-25,33.48,21.61,9.90
2015-10-26,30.91,23.62,10.22
2015-10-27,34.43,24.39,16.76
2015-10-28,34.81,22.82,8.78
2015-10-29,32.12,22.40,9.28
2015-10-30,33.16,23.58,8.65
2015-10-31,30.80,24.18,14.23
2015-11-01,28.78,23.77,18.48
2015-11-02,28.71,20.21,15.27
2015-11-03,27.91,21.87,21.14
2015-11-04,31.65,19.37,20.25
2015-11-05,30.04,26.04,22.50
2015-11-06,31.67,25.40,19.36
2015-11-07,33.56,23.09,13.71
2015-11-08,31.95,22.59,11.56
2015-11-09,29.64,20.43,10.86
2015-11-10,29.36,22.87,19.11
2015-11-11,31.71,20.50,20.49
2015-11-12,32.66,22.71,11.47
2015-11-13,32.28,29.77,13.64
2015-11-14,32.99,29.36,15.01
2015-11-15,33.33,26.17,10.04
2015-11-16,31.83,21.91,9.91
2015-11-17,34.48,23.27,7.97
2015-11-18,33.83,19.09,5.26
2015-11-19,32.34,21.34,6.26
2015-11-20,30.55,27.01,6.60
2015-11-21,31.89,24.10,12.37
2015-11-22,32.48,24.09,12.32
2015-11-23,31.47,24.84,13.50
2015-11-24,29.63,22.48,12.19
2015-11-25,31.09,23.83,10.35
2015-11-26,29.82,21.46,12.37
2015-11-27,31.87,25.31,10.13
2015-11-28,31.60,28.27,15.28
2015-11-29,31.73,31.53,19.94
2015-11-30,32.21,28.49,15.75
2015-12-01,31.72,27.20,21.72
2015-12-02,34.22,23.54,21.98
2015-12-03,34.76,27.38,16.52
2015-12-04,34.53,29.22,18.81
2015-12-05,33.73,30.48,25.04
2015-12-06,32.07,28.81,17.32
2015-12-07,33.39,28.61,14.96
2015-12-08,30.66,27.16,13.93
2015-12-09,31.05,29.60,15.52
2015-12-10,33.14,32.03,16.08
2015-12-11,35.25,30.80,14.13
2015-12-12,33.31,25.18,9.69
2015-12-13,34.90,24.55,9.59
2015-12-14,31.63,27.77,11.41
2015-12-15,30.38,31.73,16.83
2015-12-16,30.77,25.63,12.62
2015-12-17,32.24,25.74,10.31
2015-12-18,31.67,29.92,16.01
2015-12-19,32.38,30.36,20.36
2015-12-20,32.57,27.54,17.57
2015-12-21,32.12,25.89,11.43
2015-12-22,34.66,27.59,10.38
2015-12-23,34.89,29.29,9.49
2015-12-24,33.11,33.54,17.17
2015-12-25,37.53,33.19,20.15
2015-12-26,37.09,33.45,20.09
2015-12-27,35.26,32.89,21.15
2015-12-28,35.06,31.56,18.54
2015-12-29,34.48,30.86,21.17
2015-12-30,33.58,29.57,21.65
2015-12-31,33.85,30.78,22.06
2016-01-01,35.34,30.75,22.29
2016-01-02,32.70,30.69,19.48
2016-01-03,34.28,27.30,17.40
2016-01-04,32.67,27.74,17.18
2016-01-05,32.88,30.99,24.58
2016-01-06,34.51,32.18,24.54
2016-01-07,34.92,27.68,22.80
2016-01-08,34.85,26.99,17.59
2016-01-09,34.90,29.81,20.64
2016-01-10,33.86,30.93,18.42
2016-01-11,32.70,28.61,19.09
2016-01-12,33.76,27.16,15.10
2016-01-13,33.60,32.06,21.53
2016-01-14,32.84,29.24,19.01
2016-01-15,32.51,32.44,15.71
2016-01-16,32.30,32.98,16.14
2016-01-17,30.87,35.13,18.76
2016-01-18,32.65,33.65,23.16
2016-01-19,33.66,31.93,24.29
2016-01-20,34.80,32.31,26.25
2016-01-21,32.02,30.84,24.18
2016-01-22,32.27,31.67,20.56
2016-01-23,33.04,27.85,23.90
2016-01-24,31.89,24.38,13.88
2016-01-25,31.24,23.30,14.04
2016-01-26,32.54,27.51,16.55
2016-01-27,34.50,28.02,13.93
2016-01-28,35.00,29.20,17.84
2016-01-29,33.95,27.94,18.67
2016-01-30,34.10,33.67,26.08
2016-01-31,32.38,32.06,28.94
2016-02-01,32.86,32.01,30.86
2016-02-02,33.45,31.07,24.80
2016-02-03,32.76,31.05,18.12
2016-02-04,33.90,29.10,17.42
2016-02-05,34.56,31.23,22.78
2016-02-06,33.43,31.14,23.24
2016-02-07,30.93,29.75,22.51
2016-02-08,33.92,30.51,19.08
2016-02-09,33.51,32.39,22.77
2016-02-10,33.06,31.33,26.84
2016-02-11,32.94,31.00,22.93
2016-02-12,33.55,29.31,15.06
2016-02-13,34.01,31.85,12.59
2016-02-14,33.24,32.78,13.06
2016-02-15,31.50,34.08,23.08
2016-02-16,33.26,28.23,17.42
2016-02-17,31.82,30.85,14.73
2016-02-18,31.29,30.22,14.04
2016-02-19,34.19,32.53,18.24
2016-02-20,32.58,34.48,21.26
2016-02-21,32.32,31.87,22.49
2016-02-22,29.21,32.76,20.31
2016-02-23,32.55,32.81,20.40
2016-02-24,33.18,33.78,16.72
2016-02-25,32.42,31.47,13.77
2016-02-26,33.53,29.08,12.20
2016-02-27,33.87,32.26,10.46
2016-02-28,33.99,33.56,18.21
2016-02-29,34.02,32.54,20.15
2016-03-01,33.98,34.24,25.59
2016-03-02,31.53,32.87,23.37
2016-03-03,32.08,30.01,21.22
2016-03-04,32.13,31.85,21.90
2016-03-05,32.86,30.32,25.86
2016-03-06,33.06,24.18,19.26
2016-03-07,31.79,24.37,19.21
2016-03-08,32.43,28.64,17.07
2016-03-09,33.82,31.71,20.74
2016-03-10,34.10,31.25,22.34
2016-03-11,34.34,29.70,25.53
2016-03-12,35.24,27.20,25.42
2016-03-13,34.51,29.88,20.74
2016-03-14,32.30,30.74,20.59
2016-03-15,33.67,30.80,22.07
2016-03-16,32.13,27.69,23.48
2016-03-17,32.52,23.56,11.16
2016-03-18,31.53,28.91,16.20
2016-03-19,31.55,28.14,22.28
2016-03-20,33.35,29.22,23.10
2016-03-21,34.14,28.86,16.67
2016-03-22,33.67,30.76,20.68
2016-03-23,30.81,26.49,14.20
2016-03-24,31.39,26.75,19.32
2016-03-25,32.67,29.66,21.04
2016-03-26,34.15,26.04,23.93
2016-03-27,33.04,27.72,18.83
2016-03-28,33.95,27.56,20.79
2016-03-29,33.44,26.51,20.39
2016-03-30,32.96,23.98,13.13
2016-03-31,32.80,25.63,16.96
2016-04-01,30.62,22.12,16.05
2016-04-02,31.80,22.84,13.77
2016-04-03,30.71,20.38,17.53
2016-04-04,29.80,23.78,12.54
2016-04-05,29.87,22.46,17.20
2016-04-06,31.74,24.15,12.92
2016-04-07,33.22,21.74,9.91
2016-04-08,31.16,22.80,13.99
2016-04-09,29.90,22.54,14.37
2016-04-10,29.39,24.35,14.62
2016-04-11,30.13,25.42,14.53
2016-04-12,31.34,20.12,17.10
2016-04-13,31.69,18.32,9.47
2016-04-14,31.47,17.27,10.97
2016-04-15,30.57,16.27,10.86
2016-04-16,31.34,18.30,9.05
2016-04-17,31.80,14.12,12.01
2016-04-18,26.22,14.81,11.45
2016-04-19,25.06,20.16,7.81
2016-04-20,28.03,21.39,8.92
2016-04-21,29.92,23.55,9.91
2016-04-22,31.62,17.86,8.23
2016-04-23,32.00,15.85,6.72
2016-04-24,30.70,11.96,8.98
2016-04-25,29.22,14.21,10.48
2016-04-26,29.92,21.19,11.26
2016-04-27,30.71,22.97,13.11
2016-04-28,29.83,21.30,13.95
2016-04-29,30.13,24.15,11.94
2016-04-30,31.58,26.57,13.98
2016-05-01,29.57,18.47,11.28
2016-05-02,30.71,18.89,14.29
2016-05-03,29.64,25.04,12.66
2016-05-04,29.54,21.47,15.27
2016-05-05,31.32,16.25,9.34
2016-05-06,31.84,19.29,11.93
2016-05-07,27.77,18.17,11.75
2016-05-08,28.79,18.81,9.53
2016-05-09,29.20,19.20,11.93
2016-05-10,30.27,18.50,10.65
2016-05-11,30.79,15.35,8.80
2016-05-12,33.30,18.97,12.45
2016-05-13,32.19,18.26,13.50
2016-05-14,31.36,15.23,12.19
2016-05-15,31.19,19.52,9.20
2016-05-16,31.18,19.75,10.35
2016-05-17,29.34,18.15,10.91
2016-05-18,28.91,15.27,7.30
2016-05-19,29.03,16.76,8.98
2016-05-20,30.12,16.38,9.27
2016-05-21,31.89,14.82,11.56
2016-05-22,33.56,20.52,11.54
2016-05-23,31.21,22.14,9.55
2016-05-24,32.20,20.16,9.55
2016-05-25,30.24,18.41,10.94
2016-05-26,32.02,16.99,9.14
2016-05-27,29.16,18.82,8.61
2016-05-28,30.18,17.99,9.97
2016-05-29,29.70,12.50,7.78
2016-05-30,27.78,15.62,9.15
2016-05-31,28.61,14.79,7.82
2016-06-01,31.25,13.79,8.04
2016-06-02,31.80,10.95,7.73
2016-06-03,31.15,8.97,6.82
2016-06-04,30.09,13.02,5.66
2016-06-05,28.02,12.92,4.27
2016-06-06,27.23,14.12,5.90
2016-06-07,28.77,16.33,7.11
2016-06-08,31.64,17.25,5.98
2016-06-09,29.95,14.48,7.20
2016-06-10,31.83,17.05,8.07
2016-06-11,30.13,18.20,10.23
2016-06-12,27.41,16.20,8.31
2016-06-13,29.91,15.62,5.67
2016-06-14,30.84,15.45,7.39
2016-06-15,31.65,15.63,8.60
2016-06-16,29.98,18.98,9.29
2016-06-17,28.02,20.27,10.14
2016-06-18,28.35,18.64,10.03
2016-06-19,27.17,16.55,6.74
2016-06-20,29.14,15.41,8.28
2016-06-21,29.68,17.91,8.83
2016-06-22,30.14,16.79,6.57
2016-06-23,26.21,14.48,5.87
2016-06-24,21.29,13.28,7.32
2016-06-25,19.38,14.60,9.73
2016-06-26,25.61,14.29,10.45
2016-06-27,30.48,18.98,9.66
2016-06-28,28.96,20.29,9.94
2016-06-29,32.48,17.05,4.59
2016-06-30,31.26,15.34,5.97
2016-07-01,29.88,18.51,4.85
2016-07-02,28.10,14.31,4.49
2016-07-03,27.34,11.48,6.30
2016-07-04,23.74,14.83,4.20
2016-07-05,26.32,15.10,4.13
2016-07-06,30.60,16.13,3.13
2016-07-07,26.74,19.74,7.26
2016-07-08,33.14,16.17,5.43
2016-07-09,33.40,15.84,5.62
2016-07-10,30.28,12.33,4.12
2016-07-11,28.21,10.51,3.42
2016-07-12,31.20,12.45,4.32
2016-07-13,26.47,10.60,2.34
2016-07-14,26.08,13.63,2.28
2016-07-15,25.21,15.50,5.01
2016-07-16,28.59,16.35,3.84
2016-07-17,25.75,14.32,1.40
2016-07-18,31.38,16.49,6.96
2016-07-19,29.56,14.95,6.08
2016-07-20,31.77,17.66,3.83
2016-07-21,31.52,20.05,5.56
2016-07-22,32.05,19.45,2.58
2016-07-23,31.41,15.24,5.11
2016-07-24,26.35,14.64,1.50
2016-07-25,30.28,9.68,2.38
2016-07-26,31.51,17.22,6.08
2016-07-27,27.62,20.21,6.74
2016-07-28,28.75,17.92,5.49
2016-07-29,28.85,17.59,5.00
2016-07-30,28.31,16.44,4.18
2016-07-31,29.21,14.59,6.16
2016-08-01,31.96,19.00,7.47
2016-08-02,30.17,20.15,8.65
2016-08-03,29.90,16.68,4.54
2016-08-04,28.79,17.81,4.82
2016-08-05,28.33,16.96,4.89
2016-08-06,25.21,19.02,6.46
2016-08-07,27.42,17.04,6.33
2016-08-08,27.87,19.75,6.24
2016-08-09,30.17,22.26,11.81
2016-08-10,32.65,22.40,12.40
2016-08-11,33.52,19.85,5.50
2016-08-12,33.59,19.77,3.44
2016-08-13,32.16,20.62,5.52
2016-08-14,31.54,18.58,4.32
2016-08-15,35.08,22.68,2.89
2016-08-16,29.83,16.35,4.64
2016-08-17,30.15,15.78,3.43
2016-08-18,27.47,16.06,2.03
2016-08-19,31.26,13.60,1.87
2016-08-20,33.29,16.23,5.93
2016-08-21,31.73,23.41,6.68
2016-08-22,31.88,24.65,11.82
2016-08-23,33.30,22.12,12.22
2016-08-24,34.18,18.84,8.94
2016-08-25,32.10,19.53,4.46
2016-08-26,31.44,17.15,5.05
2016-08-27,31.95,13.44,6.32
2016-08-28,28.26,16.09,8.86
2016-08-29,27.94,19.70,8.08
2016-08-30,32.58,22.41,4.96
2016-08-31,27.75,13.98,4.14
2016-09-01,29.69,14.87,5.04
2016-09-02,29.66,15.79,8.17
2016-09-03,32.73,17.83,9.41
2016-09-04,31.43,17.93,9.47
2016-09-05,34.93,20.86,10.36
2016-09-06,34.63,24.99,12.32
2016-09-07,33.78,25.94,12.37
2016-09-08,34.65,24.55,6.26
2016-09-09,33.12,26.61,7.33
2016-09-10,32.26,25.55,13.10
2016-09-11,31.04,19.14,10.96
2016-09-12,26.38,14.15,5.01
2016-09-13,24.50,22.98,8.52
2016-09-14,29.37,21.70,14.60
2016-09-15,30.56,21.96,8.74
2016-09-16,34.62,21.04,8.26
2016-09-17,33.24,20.79,9.80
2016-09-18,32.71,27.50,15.99
2016-09-19,33.49,28.50,17.14
2016-09-20,33.48,28.15,11.49
2016-09-21,34.01,25.73,9.84
2016-09-22,33.18,26.11,14.96
2016-09-23,32.00,23.85,16.48
2016-09-24,33.27,27.56,18.71
2016-09-25,34.37,24.58,15.09
2016-09-26,32.62,26.09,12.49
2016-09-27,33.40,26.31,13.62
2016-09-28,33.04,23.87,13.68
2016-09-29,33.02,16.81,11.57
2016-09-30,31.11,22.93,8.34
2016-10-01,30.36,22.78,11.81
2016-10-02,31.61,27.64,17.69
2016-10-03,30.99,24.70,12.55
2016-10-04,33.49,22.61,7.43
2016-10-05,32.67,27.18,11.77
2016-10-06,30.70,24.00,9.47
2016-10-07,32.12,23.36,12.03
2016-10-08,31.83,24.84,7.36
2016-10-09,33.37,26.77,12.68
2016-10-10,33.29,24.80,9.99
2016-10-11,33.52,23.34,8.84
2016-10-12,34.49,18.30,7.21
2016-10-13,34.58,23.55,8.62
2016-10-14,32.46,21.00,10.41
2016-10-15,32.36,16.21,10.63
2016-10-16,29.90,14.58,9.43
2016-10-17,30.89,16.84,10.24
2016-10-18,28.68,12.71,8.81
2016-10-19,30.82,19.83,13.63
2016-10-20,31.97,23.22,16.24
2016-10-21,33.00,27.68,17.77
2016-10-22,32.76,20.43,15.37
2016-10-23,34.03,18.33,13.70
2016-10-24,31.55,17.78,13.10
2016-10-25,31.25,24.03,15.49
2016-10-26,30.66,29.71,18.41
2016-10-27,30.29,31.62,23.87
2016-10-28,30.05,25.42,17.87
2016-10-29,32.77,25.25,14.14
2016-10-30,32.47,20.71,13.49
2016-10-31,31.86,19.93,4.98
2016-11-01,29.16,20.65,7.62
2016-11-02,30.27,26.45,6.73
2016-11-03,32.17,31.02,10.58
2016-11-04,32.03,33.30,17.45
2016-11-05,34.36,32.32,16.71
2016-11-06,34.28,29.03,12.51
2016-11-07,31.14,30.44,16.86
2016-11-08,31.45,27.44,10.38
2016-11-09,32.41,29.57,12.14
2016-11-10,33.76,30.41,10.24
2016-11-11,33.90,29.39,13.88
2016-11-12,32.90,27.00,12.00
2016-11-13,32.33,25.97,8.38
2016-11-14,30.98,26.68,8.60
2016-11-15,29.93,27.55,7.88
2016-11-16,30.80,27.38,10.99
2016-11-17,31.90,33.30,18.88
2016-11-18,33.49,31.22,19.44
2016-11-19,32.74,27.27,14.72
2016-11-20,31.10,24.38,20.27
2016-11-21,28.21,25.41,24.57
2016-11-22,31.98,23.62,22.47
2016-11-23,31.79,18.81,19.42
2016-11-24,33.45,28.60,19.75
2016-11-25,32.21,23.31,15.19
2016-11-26,32.14,24.09,11.08
2016-11-27,31.80,23.85,13.22
2016-11-28,33.55,31.63,18.35
2016-11-29,35.69,34.33,25.96
2016-11-30,32.36,29.90,23.54
2016-12-01,32.52,30.20,18.31
2016-12-02,32.99,30.73,21.82
2016-12-03,32.07,29.24,21.44
2016-12-04,33.74,24.10,11.76
2016-12-05,31.86,27.24,10.00
2016-12-06,31.05,29.14,12.09
2016-12-07,30.80,26.92,17.57
2016-12-08,28.43,26.16,22.55
2016-12-09,28.68,19.80,17.23
2016-12-10,30.41,26.71,13.65
2016-12-11,31.29,30.25,14.20
2016-12-12,32.28,29.71,10.79
2016-12-13,34.13,33.12,13.79
2016-12-14,33.47,35.82,20.51
2016-12-15,32.06,31.13,23.00
2016-12-16,31.90,29.80,15.67
2016-12-17,30.42,27.82,15.48
2016-12-18,31.27,31.22,16.35
2016-12-19,30.64,31.56,17.66
2016-12-20,32.30,30.12,12.68
2016-12-21,30.78,29.44,11.48
2016-12-22,29.14,28.14,12.79
2016-12-23,30.05,28.75,15.11
2016-12-24,31.63,28.37,13.14
2016-12-25,30.77,23.86,12.24
2016-12-26,32.75,20.08,12.72
2016-12-27,30.77,32.11,19.46
2016-12-28,32.43,31.94,24.12
2016-12-29,30.93,28.48,23.00
2016-12-30,32.38,30.27,19.01
2016-12-31,30.14,28.49,13.36
2017-01-01,32.30,31.40,16.87
2017-01-02,31.44,31.10,14.05
2017-01-03,33.58,30.36,12.10
2017-01-04,34.46,30.35,10.59
2017-01-05,31.12,32.51,16.57
2017-01-06,30.54,31.22,17.93
2017-01-07,33.82,30.61,14.29
2017-01-08,35.15,30.02,14.87
2017-01-09,31.60,28.66,12.81
2017-01-10,30.85,30.00,12.71
2017-01-11,30.83,33.52,18.62
2017-01-12,31.36,33.66,16.15
2017-01-13,32.02,34.36,17.31
2017-01-14,31.11,31.78,16.66
2017-01-15,29.40,31.25,20.48
2017-01-16,30.39,31.66,14.42
2017-01-17,32.39,34.19,15.15
2017-01-18,32.06,34.24,20.39
2017-01-19,31.82,34.88,20.77
2017-01-20,31.82,36.41,22.36
2017-01-21,30.81,34.77,21.16
2017-01-22,30.50,31.64,22.74
2017-01-23,32.05,31.20,19.84
2017-01-24,32.39,33.21,16.51
2017-01-25,31.23,35.52,24.85
2017-01-26,32.86,33.86,29.38
2017-01-27,33.77,32.42,24.48
2017-01-28,34.84,31.52,23.65
2017-01-29,32.92,32.02,20.62
2017-01-30,33.54,32.42,16.11
2017-01-31,34.61,32.93,19.09
2017-02-01,33.80,32.56,21.24
2017-02-02,32.23,29.68,17.59
2017-02-03,31.59,26.25,13.04
2017-02-04,32.75,25.14,16.04
2017-02-05,31.68,33.53,21.81
2017-02-06,31.90,31.70,19.16
2017-02-07,32.46,29.94,18.84
2017-02-08,32.18,28.81,15.02
2017-02-09,32.07,29.25,16.88
2017-02-10,32.81,29.47,21.74
2017-02-11,30.52,31.23,19.27
2017-02-12,30.77,32.94,23.26
2017-02-13,30.18,31.17,26.10
2017-02-14,30.76,30.13,24.67
2017-02-15,31.01,30.16,22.43
2017-02-16,30.88,29.95,13.69
2017-02-17,30.29,27.23,9.20
2017-02-18,30.94,30.32,13.82
2017-02-19,30.93,32.12,14.86
2017-02-20,30.89,32.85,18.84
2017-02-21,30.18,33.52,21.83
2017-02-22,31.48,32.70,23.42
2017-02-23,30.32,32.02,24.73
2017-02-24,31.33,31.08,25.26
2017-02-25,31.09,30.24,25.95
2017-02-26,29.27,30.59,21.09
2017-02-27,30.75,30.57,21.03
2017-02-28,31.15,30.52,13.28
2017-03-01,32.02,29.55,15.69
2017-03-02,32.29,27.08,13.44
2017-03-03,32.56,26.12,16.81
2017-03-04,31.24,27.17,14.18
2017-03-05,30.20,30.41,15.04
2017-03-06,32.35,32.06,19.27
2017-03-07,32.44,29.10,18.86
2017-03-08,30.95,27.30,12.06
2017-03-09,31.49,25.85,10.67
2017-03-10,30.90,28.97,11.56
2017-03-11,30.71,27.86,8.73
2017-03-12,31.29,34.91,15.95
2017-03-13,31.75,30.84,20.12
2017-03-14,30.65,25.75,17.87
2017-03-15,29.68,29.16,17.02
2017-03-16,29.45,28.57,21.38
2017-03-17,31.80,29.22,22.41
2017-03-18,31.25,30.61,18.50
2017-03-19,30.24,27.90,15.78
2017-03-20,29.22,26.72,19.13
2017-03-21,29.20,29.13,24.04
2017-03-22,31.13,28.46,25.15
2017-03-23,31.57,27.64,21.09
2017-03-24,32.18,23.98,19.66
2017-03-25,30.86,25.20,15.57
2017-03-26,31.22,25.97,12.02
2017-03-27,29.69,27.96,16.40
2017-03-28,30.11,27.16,19.38
2017-03-29,30.88,21.56,15.11
2017-03-30,28.98,24.94,13.62
2017-03-31,34.90,27.21,22.48
2017-04-01,29.45,21.50,15.93
2017-04-02,28.34,24.76,10.72
2017-04-03,27.77,25.65,10.81
2017-04-04,29.99,23.32,9.52
2017-04-05,31.81,27.10,10.97
2017-04-06,29.52,25.96,8.57
2017-04-07,29.78,15.77,8.07
2017-04-08,28.91,18.06,9.78
2017-04-09,29.32,22.17,15.01
2017-04-10,29.55,27.25,14.09
2017-04-11,30.55,28.62,15.45
2017-04-12,31.29,26.78,16.55
2017-04-13,32.06,23.46,17.17
2017-04-14,32.13,22.64,15.86
2017-04-15,32.00,22.63,14.72
2017-04-16,31.68,21.88,14.17
2017-04-17,29.70,22.80,16.43
2017-04-18,26.70,21.51,17.55
2017-04-19,29.04,22.52,12.82
2017-04-20,30.31,17.74,9.92
2017-04-21,29.23,22.75,9.94
2017-04-22,28.91,24.48,8.83
2017-04-23,29.43,21.03,9.81
2017-04-24,30.80,19.90,6.26
2017-04-25,27.99,17.38,7.42
2017-04-26,27.37,22.76,8.31
2017-04-27,29.28,25.83,9.90
2017-04-28,33.33,26.51,11.26
2017-04-29,32.74,27.35,14.12
2017-04-30,33.40,27.39,18.59
2017-05-01,33.94,22.32,13.56
2017-05-02,31.86,19.62,9.73
2017-05-03,29.24,24.59,12.03
2017-05-04,29.39,24.77,11.60
2017-05-05,31.86,23.07,15.38
2017-05-06,28.54,17.66,9.12
2017-05-07,26.69,14.16,8.60
2017-05-08,29.21,19.70,8.90
2017-05-09,29.38,19.81,12.02
2017-05-10,27.92,15.60,10.62
2017-05-11,28.54,12.24,9.51
2017-05-12,29.88,16.55,10.65
2017-05-13,33.12,19.39,10.37
2017-05-14,30.75,14.22,8.24
2017-05-15,27.92,19.49,9.38
2017-05-16,28.61,16.23,8.64
2017-05-17,27.93,14.39,6.37
2017-05-18,26.70,9.31,7.72
2017-05-19,26.65,14.32,5.10
2017-05-20,27.19,17.80,5.67
2017-05-21,28.95,19.08,6.38
2017-05-22,27.60,15.26,4.83
2017-05-23,25.36,13.52,5.07
2017-05-24,25.08,12.13,4.73
2017-05-25,26.33,12.65,4.43
2017-05-26,24.96,17.34,6.94
2017-05-27,28.77,16.79,8.67
2017-05-28,28.64,16.69,9.21
2017-05-29,26.37,16.42,9.35
2017-05-30,30.13,17.31,6.18
2017-05-31,31.30,19.61,7.05
2017-06-01,29.61,17.86,7.05
2017-06-02,28.93,15.55,5.20
2017-06-03,26.89,14.84,2.00
2017-06-04,26.24,14.62,2.80
2017-06-05,27.09,13.97,3.41
2017-06-06,27.45,16.24,3.28
2017-06-07,18.26,10.43,3.19
2017-06-08,26.23,12.89,2.05
2017-06-09,29.70,15.96,5.37
2017-06-10,29.08,18.33,5.92
2017-06-11,28.59,18.54,3.58
2017-06-12,27.60,17.54,2.19
2017-06-13,29.33,15.58,6.19
2017-06-14,31.29,16.17,6.03
2017-06-15,30.31,16.02,6.35
2017-06-16,28.95,12.46,2.98
2017-06-17,27.21,8.72,0.09
2017-06-18,22.73,12.41,0.65
2017-06-19,24.02,15.58,4.18
2017-06-20,28.67,14.04,3.67
2017-06-21,30.91,14.73,4.07
2017-06-22,29.07,10.31,3.17
2017-06-23,30.27,14.27,4.51
2017-06-24,27.23,14.82,3.71
2017-06-25,27.17,15.19,7.13
2017-06-26,23.82,11.07,7.65
2017-06-27,25.49,15.08,6.96
2017-06-28,26.10,15.47,5.58
2017-06-29,26.95,17.13,5.79
2017-06-30,28.33,20.63,5.46
2017-07-01,29.36,22.54,11.90
2017-07-02,30.91,21.38,11.56
2017-07-03,27.97,15.09,5.58
2017-07-04,28.60,8.11,5.74
2017-07-05,29.47,10.78,4.50
2017-07-06,31.40,16.32,4.02
2017-07-07,29.74,16.69,6.94
2017-07-08,31.23,15.69,4.97
2017-07-09,28.98,17.20,3.11
2017-07-10,28.00,17.00,4.24
2017-07-11,28.15,19.99,4.39
2017-07-12,27.86,16.00,6.75
2017-07-13,26.56,11.28,1.46
2017-07-14,27.13,13.05,0.33
2017-07-15,23.03,8.87,-0.25
2017-07-16,21.73,10.79,-0.41
2017-07-17,25.02,16.17,4.98
2017-07-18,30.57,19.25,4.34
2017-07-19,32.48,19.79,3.40
2017-07-20,28.76,20.50,5.24
2017-07-21,26.07,20.05,9.00
2017-07-22,28.77,15.31,4.08
2017-07-23,30.36,11.39,2.80
2017-07-24,33.34,15.46,1.23
2017-07-25,30.23,17.76,7.15
2017-07-26,31.62,20.29,7.81
2017-07-27,26.26,18.14,3.28
2017-07-28,26.11,16.69,2.40
2017-07-29,25.74,16.84,3.84
2017-07-30,29.43,18.47,4.46
2017-07-31,28.82,18.57,4.97
2017-08-01,27.72,13.10,5.46
2017-08-02,28.39,18.13,5.59
2017-08-03,26.76,20.70,5.64
2017-08-04,30.25,18.29,8.23
2017-08-05,30.82,14.74,3.67
2017-08-06,28.08,15.97,4.45
2017-08-07,28.85,13.77,4.07
2017-08-08,29.34,20.08,7.12
2017-08-09,28.02,14.61,5.12
2017-08-10,28.75,11.47,3.84
2017-08-11,24.32,8.98,3.71
2017-08-12,23.11,12.93,2.99
2017-08-13,28.18,11.27,1.55
2017-08-14,28.09,17.61,1.78
2017-08-15,28.90,17.51,4.84
2017-08-16,30.89,20.66,6.38
2017-08-17,31.68,21.02,3.88
2017-08-18,29.74,14.37,3.25
2017-08-19,29.19,14.19,2.35
2017-08-20,33.21,19.45,4.88
2017-08-21,31.95,22.82,7.19
2017-08-22,29.88,16.10,2.31
2017-08-23,31.12,15.28,3.05
2017-08-24,28.02,15.86,0.81
2017-08-25,26.27,15.66,5.29
2017-08-26,29.66,15.43,4.89
2017-08-27,28.61,15.89,2.96
2017-08-28,28.58,12.90,3.87
2017-08-29,29.25,15.14,3.59
2017-08-30,29.96,21.63,7.39
2017-08-31,31.83,22.42,2.30
2017-09-01,30.51,16.73,2.92
2017-09-02,28.07,18.47,4.44
2017-09-03,29.75,12.99,4.16
2017-09-04,30.10,18.02,5.28
2017-09-05,31.75,19.34,4.76
2017-09-06,27.08,17.48,3.96
2017-09-07,29.52,18.71,4.47
2017-09-08,27.61,14.48,3.48
2017-09-09,25.95,12.24,8.24
2017-09-10,26.29,11.64,3.99
2017-09-11,28.48,15.97,4.23
2017-09-12,23.34,16.36,9.53
2017-09-13,27.77,14.66,3.13
2017-09-14,27.42,15.94,3.20
2017-09-15,28.87,21.76,9.33
2017-09-16,33.60,27.77,15.81
2017-09-17,34.12,25.46,16.00
2017-09-18,35.26,22.61,13.72
2017-09-19,32.01,15.42,6.46
2017-09-20,27.94,17.24,5.37
2017-09-21,27.46,21.88,9.48
2017-09-22,30.13,24.35,8.97
2017-09-23,31.53,26.52,12.62
2017-09-24,33.15,21.11,6.75
2017-09-25,33.91,23.69,7.50
2017-09-26,31.92,22.10,11.40
2017-09-27,33.06,23.55,14.10
2017-09-28,35.07,20.82,10.87
2017-09-29,36.81,21.84,4.76
2017-09-30,31.32,12.72,5.62
2017-10-01,31.78,17.58,6.05
2017-10-02,31.43,19.80,3.52
2017-10-03,31.02,25.01,6.64
2017-10-04,28.92,15.64,5.32
2017-10-05,31.89,16.50,4.91
2017-10-06,31.40,26.29,9.45
2017-10-07,30.65,19.28,9.23
2017-10-08,30.44,20.11,7.61
2017-10-09,31.48,20.83,6.34
2017-10-10,28.96,17.87,5.60
2017-10-11,25.11,14.84,12.30
2017-10-12,26.61,17.03,13.96
2017-10-13,31.78,23.70,12.34
2017-10-14,34.11,28.10,15.75
2017-10-15,31.15,26.02,22.18
2017-10-16,31.62,21.64,11.32
2017-10-17,37.62,23.40,6.80
2017-10-18,36.44,21.29,8.69
2017-10-19,33.53,27.85,7.97
2017-10-20,33.30,18.65,7.77
2017-10-21,32.57,27.05,14.33
2017-10-22,33.63,27.25,14.87
2017-10-23,32.55,25.76,6.50
2017-10-24,33.83,23.96,7.90
2017-10-25,32.58,24.49,8.70
2017-10-26,31.47,21.41,10.15
2017-10-27,29.67,26.13,10.90
2017-10-28,29.66,18.39,6.27
2017-10-29,29.65,15.71,2.65
2017-10-30,30.76,23.09,7.09
2017-10-31,33.60,21.39,7.10
2017-11-01,34.09,17.93,10.07
2017-11-02,34.73,16.42,9.75
2017-11-03,31.65,21.22,9.53
2017-11-04,29.73,21.48,12.55
2017-11-05,30.73,26.42,11.31
2017-11-06,30.25,23.27,16.59
2017-11-07,31.53,23.13,12.64
2017-11-08,33.66,25.22,14.98
2017-11-09,32.75,25.91,12.27
2017-11-10,31.55,31.23,16.14
2017-11-11,31.98,32.50,18.70
2017-11-12,31.71,29.37,18.48
2017-11-13,32.31,27.85,17.64
2017-11-14,32.55,26.96,13.36
2017-11-15,30.89,22.81,8.40
2017-11-16,29.95,26.73,8.11
2017-11-17,27.76,25.50,8.35
2017-11-18,30.70,26.31,9.21
2017-11-19,32.39,28.68,11.37
2017-11-20,32.98,22.73,11.39
2017-11-21,31.82,29.46,12.23
2017-11-22,33.20,31.59,13.12
2017-11-23,30.09,29.22,12.66
2017-11-24,29.74,23.55,13.22
2017-11-25,32.37,30.36,17.61
2017-11-26,30.50,28.58,14.76
2017-11-27,31.21,28.34,22.78
2017-11-28,30.58,25.14,22.96
2017-11-29,32.87,26.21,16.63
2017-11-30,31.77,27.47,15.78
2017-12-01,31.74,26.10,20.87
2017-12-02,29.63,24.79,20.35
2017-12-03,30.85,26.67,17.25
2017-12-04,33.35,28.25,22.63
2017-12-05,31.97,28.71,21.93
2017-12-06,31.36,28.81,18.80
2017-12-07,33.73,30.50,17.47
2017-12-08,33.01,28.17,16.64
2017-12-09,33.45,32.24,16.34
2017-12-10,31.95,33.10,21.48
2017-12-11,28.88,27.23,22.42
2017-12-12,30.70,25.45,15.08
2017-12-13,31.52,28.81,15.09
2017-12-14,31.50,33.37,12.57
2017-12-15,30.13,34.38,14.74
2017-12-16,32.30,27.32,10.19
2017-12-17,32.43,32.21,16.07
2017-12-18,34.23,29.96,17.48
2017-12-19,33.46,31.90,19.48
2017-12-20,33.02,30.40,13.59
2017-12-21,31.80,31.12,14.53
2017-12-22,32.39,30.18,11.97
2017-12-23,33.44,29.82,15.13
2017-12-24,34.85,31.29,14.73
2017-12-25,33.24,31.34,15.20
2017-12-26,31.07,29.73,15.76
2017-12-27,29.98,30.94,19.00
2017-12-28,31.68,32.66,15.99
2017-12-29,31.73,31.59,12.99
2017-12-30,32.34,30.42,14.16
2017-12-31,31.09,26.45,15.30
2018-01-01,29.78,28.50,13.80
2018-01-02,31.00,29.51,10.90
2018-01-03,31.98,31.29,11.50
2018-01-04,31.84,30.18,11.52
2018-01-05,30.95,28.69,11.36
2018-01-06,29.35,33.32,17.42
2018-01-07,30.86,31.14,23.13
2018-01-08,31.65,29.24,24.12
2018-01-09,31.61,30.61,22.50
2018-01-10,30.31,30.93,23.20
2018-01-11,30.78,30.34,23.19
2018-01-12,30.59,29.21,15.82
2018-01-13,30.83,26.96,20.02
2018-01-14,31.94,27.23,21.81
2018-01-15,29.61,26.57,15.99
2018-01-16,29.45,28.53,17.40
2018-01-17,29.32,31.04,17.16
2018-01-18,29.65,32.47,20.31
2018-01-19,29.83,30.82,25.48
2018-01-20,30.46,28.62,24.96
2018-01-21,33.44,27.93,20.17
2018-01-22,32.44,29.27,19.27
2018-01-23,32.67,29.04,16.58
2018-01-24,33.51,30.65,22.66
2018-01-25,32.31,29.47,22.71
2018-01-26,33.24,29.23,15.21
2018-01-27,32.65,31.57,15.91
2018-01-28,31.96,34.11,19.64
2018-01-29,29.43,30.43,19.88
2018-01-30,31.37,29.94,15.34
2018-01-31,31.34,31.74,22.56
2018-02-01,32.14,32.33,25.30
2018-02-02,31.83,30.42,26.15
2018-02-03,30.29,30.30,23.45
2018-02-04,30.58,31.00,24.25
2018-02-05,30.89,30.34,28.15
2018-02-06,29.29,30.33,18.15
2018-02-07,31.03,29.48,18.95
2018-02-08,31.57,29.23,14.52
2018-02-09,31.61,30.25,10.58
2018-02-10,30.35,30.68,13.71
2018-02-11,33.01,32.12,21.11
2018-02-12,33.13,34.43,22.53
2018-02-13,29.88,32.12,27.02
2018-02-14,28.15,30.52,24.29
2018-02-15,31.41,30.61,24.39
2018-02-16,31.01,31.31,23.60
2018-02-17,31.16,30.84,22.63
2018-02-18,29.70,29.57,17.07
2018-02-19,30.17,28.89,17.36
2018-02-20,30.70,29.00,17.73
2018-02-21,30.77,31.81,15.76
2018-02-22,32.54,30.59,16.38
2018-02-23,30.92,28.70,19.04
2018-02-24,31.29,28.31,23.21
2018-02-25,31.19,30.01,23.28
2018-02-26,30.10,29.66,20.05
2018-02-27,31.34,27.27,21.77
2018-02-28,32.53,28.15,20.58
2018-03-01,31.57,29.49,21.24
2018-03-02,32.72,29.85,21.23
2018-03-03,31.77,27.88,18.42
2018-03-04,30.77,28.39,14.36
2018-03-05,29.66,30.50,20.38
2018-03-06,28.95,29.30,26.04
2018-03-07,30.13,25.58,23.38
2018-03-08,32.35,27.51,19.89
2018-03-09,34.35,28.04,11.09
2018-03-10,33.94,25.95,11.89
2018-03-11,32.33,29.71,12.92
2018-03-12,33.17,27.86,11.45
2018-03-13,33.05,28.07,11.41
2018-03-14,32.65,25.53,9.22
2018-03-15,32.21,29.91,13.38
2018-03-16,31.56,26.39,9.83
2018-03-17,30.64,23.42,9.84
2018-03-18,30.78,25.75,10.14
2018-03-19,30.17,26.11,12.88
2018-03-20,30.97,28.06,17.85
2018-03-21,30.15,27.08,15.83
2018-03-22,31.57,25.97,12.06
2018-03-23,31.28,25.58,11.43
2018-03-24,29.92,27.22,13.71
2018-03-25,31.22,31.39,15.34
2018-03-26,31.89,26.25,18.00
2018-03-27,31.38,28.97,15.71
2018-03-28,32.05,27.86,13.05
2018-03-29,32.30,29.42,17.81
2018-03-30,31.11,27.72,15.18
2018-03-31,31.41,26.21,17.43
2018-04-01,31.37,26.89,20.71
2018-04-02,30.73,26.03,19.67
2018-04-03,31.32,26.84,14.01
2018-04-04,32.00,25.96,10.47
2018-04-05,30.91,25.20,7.89
2018-04-06,30.89,21.12,10.83
2018-04-07,30.84,23.80,12.51
2018-04-08,29.78,25.54,12.57
2018-04-09,28.94,22.56,9.33
2018-04-10,28.77,20.02,8.24
2018-04-11,30.91,18.68,6.48
2018-04-12,30.94,26.05,11.08
2018-04-13,28.16,25.20,14.15
2018-04-14,27.16,26.34,15.06
2018-04-15,29.06,27.70,19.99
2018-04-16,29.84,24.79,11.57
2018-04-17,28.06,25.55,10.70
2018-04-18,28.96,25.63,13.77
2018-04-19,30.94,25.41,12.92
2018-04-20,31.71,25.32,11.42
2018-04-21,30.90,25.73,13.23
2018-04-22,29.73,24.02,9.68
2018-04-23,31.36,21.41,11.80
2018-04-24,31.59,22.45,11.09
2018-04-25,30.13,27.55,13.88
2018-04-26,30.44,23.16,7.48
2018-04-27,32.72,23.84,7.54
2018-04-28,31.05,24.77,10.27
2018-04-29,31.57,22.82,10.50
2018-04-30,31.50,22.22,14.84
2018-05-01,29.41,22.40,9.95
2018-05-02,30.06,22.15,8.18
2018-05-03,29.92,23.64,7.18
2018-05-04,31.91,24.07,10.45
2018-05-05,30.40,23.59,13.82
2018-05-06,29.96,20.89,13.66
2018-05-07,31.48,17.18,12.01
2018-05-08,28.70,19.34,14.00
2018-05-09,25.07,17.03,11.31
2018-05-10,28.54,18.09,8.74
2018-05-11,29.52,24.55,9.13
2018-05-12,28.86,23.87,12.01
2018-05-13,29.44,17.15,8.07
2018-05-14,28.83,16.96,5.35
2018-05-15,28.28,18.25,8.17
2018-05-16,29.81,20.79,8.56
2018-05-17,29.47,18.95,6.84
2018-05-18,27.93,20.53,8.52
2018-05-19,29.28,23.80,9.77
2018-05-20,28.08,23.06,7.98
2018-05-21,29.44,20.77,6.20
2018-05-22,30.13,22.00,8.07
2018-05-23,30.47,22.68,11.87
2018-05-24,31.53,23.78,11.49
2018-05-25,32.06,23.64,12.14
2018-05-26,30.69,17.84,6.10
2018-05-27,30.04,20.07,6.71
2018-05-28,31.22,15.15,6.18
2018-05-29,28.39,12.40,4.98
2018-05-30,30.52,13.49,2.06
2018-05-31,29.50,12.06,5.34
2018-06-01,29.63,14.18,6.08
2018-06-02,28.05,15.80,3.78
2018-06-03,24.07,12.59,5.36
2018-06-04,26.42,13.58,4.67
2018-06-05,32.47,13.07,2.21
2018-06-06,29.54,17.42,4.08
2018-06-07,31.69,20.11,3.06
2018-06-08,32.00,19.66,3.35
2018-06-09,31.14,12.83,1.49
2018-06-10,24.57,11.52,1.38
2018-06-11,26.22,7.88,1.03
2018-06-12,28.19,10.82,1.10
2018-06-13,30.75,12.55,2.16
2018-06-14,28.31,14.30,1.42
2018-06-15,32.20,14.78,4.01
2018-06-16,29.83,19.07,6.36
2018-06-17,30.87,19.79,8.76
2018-06-18,31.25,21.08,9.57
2018-06-19,31.36,17.36,4.08
2018-06-20,30.24,17.39,1.44
2018-06-21,27.57,17.21,3.56
2018-06-22,25.41,16.34,2.71
2018-06-23,26.62,12.97,3.24
2018-06-24,26.86,12.39,2.60
2018-06-25,28.07,15.65,2.51
2018-06-26,27.68,16.19,3.73
2018-06-27,28.23,20.02,4.58
2018-06-28,25.16,14.17,3.55
2018-06-29,27.67,17.47,3.63
2018-06-30,29.58,15.14,3.61
2018-07-01,29.96,11.64,2.57
2018-07-02,31.32,15.04,4.75
2018-07-03,31.07,14.95,0.97
2018-07-04,29.19,12.88,2.88
2018-07-05,31.59,13.66,3.42
2018-07-06,30.54,11.68,3.74
2018-07-07,28.99,15.77,5.96
2018-07-08,25.97,18.32,7.26
2018-07-09,29.20,19.70,8.40
2018-07-10,30.14,18.85,8.15
2018-07-11,26.77,17.98,7.86
2018-07-12,27.82,20.11,5.05
2018-07-13,29.27,22.91,6.21
2018-07-14,31.22,18.75,5.06
2018-07-15,32.45,17.32,3.73
2018-07-16,33.09,18.10,4.19
2018-07-17,29.65,12.30,4.25
2018-07-18,24.91,8.98,3.32
2018-07-19,22.34,10.01,5.20
2018-07-20,33.64,14.65,4.14
2018-07-21,29.62,15.85,1.13
2018-07-22,30.99,13.45,0.74
2018-07-23,32.00,17.04,4.88
2018-07-24,32.49,17.65,6.30
2018-07-25,32.88,19.78,5.98
2018-07-26,32.07,18.95,5.49
2018-07-27,28.40,9.55,6.06
2018-07-28,30.96,14.96,3.99
2018-07-29,29.83,14.53,4.13
2018-07-30,30.86,17.87,3.27
2018-07-31,29.15,17.64,5.67
2018-08-01,25.89,16.23,5.99
2018-08-02,24.78,14.65,6.44
2018-08-03,26.77,15.54,3.54
2018-08-04,26.50,19.28,2.99
2018-08-05,29.15,18.96,2.87
2018-08-06,31.66,16.66,5.00
2018-08-07,31.76,13.16,3.58
2018-08-08,34.93,20.86,8.18
2018-08-09,32.36,23.72,7.47
2018-08-10,32.76,22.18,8.65
2018-08-11,30.12,19.81,6.55
2018-08-12,30.34,17.82,8.44
2018-08-13,27.67,14.73,4.01
2018-08-14,32.33,21.82,8.26
2018-08-15,30.65,24.02,10.76
2018-08-16,31.19,21.58,5.51
2018-08-17,31.12,18.60,5.36
2018-08-18,30.66,14.35,2.80
2018-08-19,29.11,17.73,6.69
2018-08-20,30.03,20.81,9.94
2018-08-21,32.52,21.52,11.06
2018-08-22,32.44,16.25,4.52
2018-08-23,30.90,9.63,1.38
2018-08-24,30.37,16.32,2.49
2018-08-25,30.07,20.76,4.17
2018-08-26,31.71,24.85,8.54
2018-08-27,31.53,20.80,4.17
2018-08-28,32.03,20.55,4.70
2018-08-29,29.29,19.84,3.15
2018-08-30,29.54,15.68,7.35
2018-08-31,29.65,12.84,7.52
2018-09-01,31.23,16.85,8.82
2018-09-02,33.58,21.38,3.86
2018-09-03,29.81,26.23,12.03
2018-09-04,29.58,27.45,14.21
2018-09-05,30.73,18.68,4.84
2018-09-06,29.59,21.24,4.70
2018-09-07,28.67,20.67,6.63
2018-09-08,29.59,22.36,10.49
2018-09-09,31.08,22.59,13.32
2018-09-10,32.10,24.52,13.20
2018-09-11,29.91,20.53,8.88
2018-09-12,29.39,18.83,9.94
2018-09-13,29.71,20.54,11.89
2018-09-14,30.75,19.76,9.03
2018-09-15,25.98,15.48,11.10
2018-09-16,30.73,19.69,5.47
2018-09-17,32.60,18.08,8.03
2018-09-18,31.15,12.45,4.52
2018-09-19,32.10,17.04,5.43
2018-09-20,33.73,17.93,5.17
2018-09-21,32.26,25.05,6.74
2018-09-22,31.71,18.18,5.38
2018-09-23,31.39,19.39,5.16
2018-09-24,31.53,19.00,8.50
2018-09-25,35.13,21.46,6.86
2018-09-26,33.92,19.59,10.17
2018-09-27,32.66,16.60,9.22
2018-09-28,33.19,16.12,5.68
2018-09-29,33.31,14.58,4.49
2018-09-30,31.52,11.61,1.29
2018-10-01,33.79,20.50,3.45
2018-10-02,33.22,21.93,6.08
2018-10-03,30.31,25.88,8.97
2018-10-04,33.12,27.54,16.41
2018-10-05,31.45,24.32,18.44
2018-10-06,32.55,25.85,10.99
2018-10-07,34.70,20.66,7.43
2018-10-08,34.55,15.31,4.47
2018-10-09,35.51,19.20,5.28
2018-10-10,33.99,20.57,11.82
2018-10-11,31.95,17.78,12.05
2018-10-12,29.26,18.24,8.00
2018-10-13,29.55,18.84,11.62
2018-10-14,31.42,21.37,11.77
2018-10-15,30.21,22.53,8.11
2018-10-16,31.40,15.00,5.13
2018-10-17,32.05,18.04,5.57
2018-10-18,32.64,22.83,11.05
2018-10-19,33.36,22.37,12.27
2018-10-20,31.05,22.05,10.39
2018-10-21,26.95,23.81,8.46
2018-10-22,30.43,25.45,14.21
2018-10-23,32.33,22.33,14.16
2018-10-24,32.14,21.89,7.47
2018-10-25,32.51,22.44,14.54
2018-10-26,34.06,26.76,11.57
2018-10-27,33.86,24.25,12.14
2018-10-28,33.49,24.35,11.94
2018-10-29,32.44,20.69,10.59
2018-10-30,32.31,21.79,8.53
2018-10-31,32.10,23.43,14.31
2018-11-01,32.49,20.95,9.37
2018-11-02,31.93,20.11,7.16
2018-11-03,31.73,26.23,10.54
2018-11-04,32.60,24.80,7.58
2018-11-05,32.51,28.40,8.62
2018-11-06,32.30,31.29,17.59
2018-11-07,33.42,31.91,21.86
2018-11-08,34.10,29.84,16.86
2018-11-09,32.45,27.29,10.65
2018-11-10,32.21,24.92,10.89
2018-11-11,29.55,21.77,12.90
2018-11-12,29.92,16.32,14.75
2018-11-13,33.56,19.10,11.81
2018-11-14,33.05,28.49,7.63
2018-11-15,32.41,28.37,11.94
2018-11-16,31.73,26.63,11.46
2018-11-17,34.42,22.64,9.30
2018-11-18,33.26,31.44,11.66
2018-11-19,33.37,31.44,12.95
2018-11-20,33.04,31.45,13.88
2018-11-21,33.39,29.20,10.26
2018-11-22,32.00,29.32,12.15
2018-11-23,33.54,28.24,14.82
2018-11-24,31.04,30.67,15.79
2018-11-25,32.30,29.71,15.35
2018-11-26,33.32,27.70,14.19
2018-11-27,31.87,30.21,16.48
2018-11-28,32.88,27.75,16.65
2018-11-29,33.31,26.80,14.22
2018-11-30,32.54,26.93,13.55
2018-12-01,30.97,28.56,19.99
2018-12-02,33.70,28.27,22.52
2018-12-03,33.27,27.55,21.93
2018-12-04,31.55,21.40,19.96
2018-12-05,30.29,26.63,21.43
2018-12-06,32.03,29.75,23.82
2018-12-07,33.84,28.64,27.05
2018-12-08,33.72,25.54,15.89
2018-12-09,33.37,30.51,14.53
2018-12-10,29.66,29.58,13.21
2018-12-11,30.77,28.57,12.60
2018-12-12,31.34,29.75,16.54
2018-12-13,30.80,23.59,10.14
2018-12-14,29.87,27.14,11.03
2018-12-15,32.73,29.91,16.18
2018-12-16,30.32,31.74,13.66
2018-12-17,32.98,30.13,19.37
2018-12-18,33.80,31.64,20.61
2018-12-19,33.66,28.97,13.57
2018-12-20,32.82,28.60,18.09
2018-12-21,32.15,31.32,19.01
2018-12-22,35.97,28.75,17.73
2018-12-23,34.42,31.96,20.61
2018-12-24,34.16,32.41,22.37
2018-12-25,33.61,31.46,21.48
2018-12-26,32.76,29.38,16.76
2018-12-27,32.30,29.43,15.18
2018-12-28,31.48,30.57,16.58
2018-12-29,31.32,27.59,9.11
2018-12-30,33.57,31.25,12.11
2018-12-31,31.36,30.69,13.44
2019-01-01,32.58,31.39,14.45
2019-01-02,30.50,31.31,12.41
2019-01-03,32.49,33.48,14.51
2019-01-04,32.84,31.70,22.02
2019-01-05,34.53,28.75,20.93
2019-01-06,34.35,26.59,14.75
2019-01-07,29.89,25.73,10.19
2019-01-08,30.30,25.48,9.93
2019-01-09,29.69,23.62,10.16
2019-01-10,29.74,28.64,18.43
2019-01-11,28.95,27.97,17.05
2019-01-12,29.67,27.48,14.64
2019-01-13,31.29,27.61,22.59
2019-01-14,32.07,26.45,23.14
2019-01-15,30.51,31.93,18.02
2019-01-16,30.96,28.63,13.83
2019-01-17,31.48,29.01,22.17
2019-01-18,29.00,33.65,27.16
2019-01-19,32.96,31.24,26.13
2019-01-20,33.67,30.79,17.65
2019-01-21,32.40,33.12,17.21
2019-01-22,31.57,31.99,14.52
2019-01-23,33.82,31.98,24.17
2019-01-24,33.53,31.78,22.88
2019-01-25,34.44,33.10,16.65
2019-01-26,33.01,38.03,22.16
2019-01-27,32.34,35.13,17.92
2019-01-28,31.94,33.85,21.48
2019-01-29,29.04,30.61,17.49
2019-01-30,29.59,32.92,17.36
2019-01-31,31.84,33.82,19.09
2019-02-01,31.61,32.83,23.80
2019-02-02,32.87,32.58,27.62
2019-02-03,31.19,33.59,30.91
2019-02-04,31.52,33.19,30.39
2019-02-05,31.70,34.52,25.27
2019-02-06,30.64,32.91,18.73
2019-02-07,31.07,31.00,19.99
2019-02-08,30.32,31.56,20.40
2019-02-09,29.58,31.79,18.50
2019-02-10,31.99,29.49,11.12
2019-02-11,33.11,25.16,18.75
2019-02-12,31.40,29.77,25.55
2019-02-13,33.15,28.81,22.18
2019-02-14,32.27,34.60,24.73
2019-02-15,29.95,31.61,32.48
2019-02-16,31.00,27.74,23.58
2019-02-17,32.24,29.59,24.16
2019-02-18,33.27,30.26,16.20
2019-02-19,33.12,30.96,17.60
2019-02-20,34.07,30.06,17.32
2019-02-21,33.33,28.41,16.62
2019-02-22,33.88,30.11,15.26
2019-02-23,32.41,29.76,13.18
2019-02-24,32.33,29.67,11.93
2019-02-25,31.65,29.51,15.69
2019-02-26,31.56,31.14,18.82
2019-02-27,31.71,31.61,24.62
2019-02-28,32.17,30.99,19.43
2019-03-01,32.39,30.75,13.93
2019-03-02,33.20,30.24,17.20
2019-03-03,33.07,28.06,14.67
2019-03-04,32.98,28.64,11.68
2019-03-05,33.02,31.33,13.91
2019-03-06,32.57,31.25,10.98
2019-03-07,33.46,29.85,13.58
2019-03-08,31.72,26.92,20.24
2019-03-09,33.12,27.43,23.57
2019-03-10,34.59,24.66,24.97
2019-03-11,33.11,28.33,22.18
2019-03-12,33.01,31.60,20.56
2019-03-13,31.95,29.33,17.46
2019-03-14,32.17,28.98,15.41
2019-03-15,31.84,29.09,18.50
2019-03-16,32.37,27.45,20.80
2019-03-17,33.57,29.56,14.42
2019-03-18,32.20,27.56,9.48
2019-03-19,32.20,28.09,12.08
2019-03-20,30.53,29.71,18.90
2019-03-21,32.20,29.86,13.38
2019-03-22,31.17,31.29,15.81
2019-03-23,31.07,29.33,14.51
2019-03-24,31.97,29.28,18.87
2019-03-25,31.14,27.86,21.35
2019-03-26,32.81,29.07,21.50
2019-03-27,33.66,27.49,22.19
2019-03-28,29.69,27.77,18.95
2019-03-29,31.29,28.22,16.42
2019-03-30,30.42,25.70,22.68
2019-03-31,31.64,25.29,19.61
2019-04-01,28.78,26.18,16.91
2019-04-02,25.70,28.43,16.91
2019-04-03,28.74,25.00,11.59
2019-04-04,29.44,23.74,7.96
2019-04-05,31.02,28.22,16.66
2019-04-06,30.74,28.23,16.87
2019-04-07,31.45,30.44,20.01
2019-04-08,32.27,26.58,15.74
2019-04-09,30.61,21.56,12.24
2019-04-10,29.04,25.60,15.15
2019-04-11,28.83,25.38,16.61
2019-04-12,30.32,22.54,11.56
2019-04-13,33.50,18.26,7.18
2019-04-14,32.84,23.86,8.38
2019-04-15,34.33,28.37,13.23
2019-04-16,33.13,28.57,12.79
2019-04-17,31.96,27.56,11.10
2019-04-18,30.09,22.86,13.25
2019-04-19,29.33,21.69,13.61
2019-04-20,29.02,21.00,14.55
2019-04-21,29.32,20.69,16.28
2019-04-22,29.84,20.77,14.27
2019-04-23,28.78,21.17,16.39
2019-04-24,29.77,15.04,14.85
2019-04-25,29.47,20.77,14.44
2019-04-26,31.23,23.40,12.57
2019-04-27,32.86,25.76,9.46
2019-04-28,31.57,25.99,10.49
2019-04-29,30.72,23.01,7.08
2019-04-30,29.18,24.66,10.33
2019-05-01,31.80,26.04,8.11
2019-05-02,32.16,24.02,10.12
2019-05-03,30.34,21.32,9.72
2019-05-04,29.10,20.71,9.17
2019-05-05,30.03,21.45,10.60
2019-05-06,33.13,23.70,13.56
2019-05-07,33.70,22.10,11.01
2019-05-08,29.14,18.66,12.53
2019-05-09,26.70,15.84,7.05
2019-05-10,24.27,19.25,8.76
2019-05-11,27.85,21.08,8.66
2019-05-12,28.55,22.93,8.96
2019-05-13,32.38,26.28,13.31
2019-05-14,34.06,26.65,14.36
2019-05-15,35.70,26.18,14.61
2019-05-16,32.80,21.24,11.56
2019-05-17,29.18,18.05,7.10
2019-05-18,27.41,18.31,6.37
2019-05-19,25.88,18.31,6.54
2019-05-20,26.29,13.18,7.99
2019-05-21,27.12,14.55,8.81
2019-05-22,29.66,18.41,9.90
2019-05-23,32.96,22.16,11.12
2019-05-24,32.47,22.54,9.92
2019-05-25,27.52,17.59,8.86
2019-05-26,29.88,15.40,7.47
2019-05-27,27.81,16.84,6.11
2019-05-28,31.71,19.36,5.79
2019-05-29,29.67,13.53,3.12
2019-05-30,29.34,15.25,6.10
2019-05-31,26.78,14.47,6.60
2019-06-01,24.71,16.15,5.50
2019-06-02,29.71,19.13,8.45
2019-06-03,31.81,22.50,10.88
2019-06-04,30.06,19.27,7.71
2019-06-05,29.54,17.58,7.55
2019-06-06,24.59,13.36,4.33
2019-06-07,26.18,17.77,3.83
2019-06-08,27.58,19.54,6.29
2019-06-09,28.24,19.32,4.99
2019-06-10,32.80,17.47,4.82
2019-06-11,31.27,13.66,5.82
2019-06-12,30.24,13.91,3.18
2019-06-13,27.32,10.43,2.92
2019-06-14,25.16,11.81,4.26
2019-06-15,20.51,11.26,5.11
2019-06-16,26.89,13.34,6.36
2019-06-17,32.36,11.44,6.85
2019-06-18,34.98,14.30,4.57
2019-06-19,35.34,19.21,8.66
2019-06-20,28.41,20.15,10.46
2019-06-21,32.65,17.46,6.95
2019-06-22,28.08,20.33,6.49
2019-06-23,26.59,16.23,6.10
2019-06-24,28.63,10.64,1.98
2019-06-25,24.49,12.13,0.42
2019-06-26,28.87,13.74,3.48
2019-06-27,30.85,10.96,2.65
2019-06-28,30.10,12.53,2.52
2019-06-29,31.22,10.13,1.84
2019-06-30,30.11,12.73,2.08
2019-07-01,32.15,14.93,-0.35
2019-07-02,26.52,16.44,1.71
2019-07-03,24.82,16.92,1.98
2019-07-04,28.33,16.66,2.49
2019-07-05,29.13,20.10,6.44
2019-07-06,32.52,18.68,6.75
2019-07-07,32.42,16.16,4.67
2019-07-08,29.61,14.78,5.84
2019-07-09,29.42,17.20,7.41
2019-07-10,27.46,14.24,3.38
2019-07-11,27.32,13.49,4.59
2019-07-12,30.75,14.75,5.99
2019-07-13,27.85,15.31,2.85
2019-07-14,27.61,16.70,2.91
2019-07-15,29.03,20.55,6.08
2019-07-16,28.53,19.52,2.97
2019-07-17,27.83,16.80,3.97
2019-07-18,31.94,17.27,2.27
2019-07-19,34.22,18.04,0.40
2019-07-20,31.26,16.90,1.01
2019-07-21,30.66,7.74,0.21
2019-07-22,26.55,11.72,1.35
2019-07-23,21.09,13.12,3.45
2019-07-24,17.88,15.80,7.08
2019-07-25,23.04,15.03,3.98
2019-07-26,32.13,17.22,5.19
2019-07-27,28.62,17.59,5.59
2019-07-28,30.56,16.12,3.12
2019-07-29,31.93,18.56,3.38
2019-07-30,31.30,22.52,4.03
2019-07-31,29.12,15.48,1.71
2019-08-01,29.67,13.15,2.98
2019-08-02,31.26,17.86,3.60
2019-08-03,32.37,22.00,8.91
2019-08-04,28.46,23.91,9.04
2019-08-05,30.59,20.23,4.71
2019-08-06,28.47,13.79,2.71
2019-08-07,25.71,14.05,2.58
2019-08-08,25.68,13.31,5.33
2019-08-09,26.92,14.89,2.18
2019-08-10,27.39,18.49,1.61
2019-08-11,30.80,13.99,1.25
2019-08-12,35.22,17.06,4.63
2019-08-13,34.40,24.91,5.50
2019-08-14,32.55,24.51,9.47
2019-08-15,31.31,19.22,8.76
2019-08-16,28.34,16.06,5.36
2019-08-17,29.69,15.93,4.28
2019-08-18,30.51,15.25,5.33
2019-08-19,31.05,15.14,6.05
2019-08-20,30.75,23.78,4.29
2019-08-21,31.62,17.50,5.29
2019-08-22,32.63,24.61,9.89
2019-08-23,30.97,24.42,6.95
2019-08-24,32.17,22.08,6.67
2019-08-25,34.33,19.34,7.58
2019-08-26,36.52,22.41,4.38
2019-08-27,34.14,25.31,7.86
2019-08-28,31.20,24.08,3.73
2019-08-29,31.60,19.01,3.82
2019-08-30,32.06,18.72,5.34
2019-08-31,30.07,20.91,5.22
2019-09-01,32.42,22.20,6.04
2019-09-02,33.08,20.78,6.40
2019-09-03,34.32,22.84,8.92
2019-09-04,34.32,21.52,4.96
2019-09-05,35.25,15.28,3.05
2019-09-06,32.45,14.75,6.22
2019-09-07,31.45,12.35,5.38
2019-09-08,20.65,16.73,2.78
2019-09-09,29.90,12.62,4.94
2019-09-10,28.61,16.36,6.46
2019-09-11,28.26,16.71,7.38
2019-09-12,31.35,24.21,9.00
2019-09-13,33.98,23.56,10.43
2019-09-14,34.62,16.99,4.38
2019-09-15,31.91,15.17,3.84
2019-09-16,32.46,19.38,6.27
2019-09-17,30.24,17.55,5.97
2019-09-18,29.59,19.70,2.28
2019-09-19,28.29,14.96,2.34
2019-09-20,32.48,20.08,4.55
2019-09-21,29.73,25.35,6.83
2019-09-22,33.56,25.17,13.23
2019-09-23,32.65,22.28,14.13
2019-09-24,31.27,23.90,18.19
2019-09-25,31.58,27.17,18.97
2019-09-26,33.12,25.06,16.70
2019-09-27,31.98,20.80,9.00
2019-09-28,30.75,25.91,9.70
2019-09-29,31.65,21.77,6.04
2019-09-30,32.49,13.84,2.60
2019-10-01,27.19,11.40,4.67
2019-10-02,29.21,17.32,9.07
2019-10-03,29.70,15.79,8.67
2019-10-04,29.10,19.55,7.12
2019-10-05,30.25,21.98,9.65
2019-10-06,33.28,25.79,6.31
2019-10-07,35.02,26.21,7.65
2019-10-08,35.76,30.45,10.97
2019-10-09,32.66,30.37,14.63
2019-10-10,31.14,26.52,13.79
2019-10-11,31.61,24.54,12.85
2019-10-12,31.76,20.08,8.08
2019-10-13,32.13,25.12,14.35
2019-10-14,32.41,15.70,10.85
2019-10-15,35.55,22.57,9.69
2019-10-16,32.75,17.66,12.96
2019-10-17,31.74,20.81,10.62
2019-10-18,29.28,23.76,18.25
2019-10-19,27.57,19.58,19.61
2019-10-20,30.83,20.82,9.75
2019-10-21,32.14,26.67,7.28
2019-10-22,32.35,27.64,14.23
2019-10-23,33.04,26.12,16.73
2019-10-24,33.01,25.15,12.27
2019-10-25,34.16,27.72,12.27
2019-10-26,32.87,23.00,9.34
2019-10-27,33.56,18.33,8.87
2019-10-28,32.24,21.70,7.99
2019-10-29,31.62,21.37,5.77
2019-10-30,29.96,26.83,12.19
2019-10-31,30.75,24.97,11.95
2019-11-01,33.04,21.00,7.13
2019-11-02,32.11,29.12,12.46
2019-11-03,32.56,25.59,9.70
2019-11-04,32.33,22.40,8.34
2019-11-05,33.53,28.37,13.03
2019-11-06,34.43,30.38,10.39
2019-11-07,35.27,33.24,15.63
2019-11-08,33.64,27.06,17.14
2019-11-09,35.07,33.62,19.15
2019-11-10,32.66,33.07,21.64
2019-11-11,32.15,26.57,18.61
2019-11-12,32.64,28.41,17.87
2019-11-13,34.16,29.02,15.12
2019-11-14,34.04,30.83,15.97
2019-11-15,29.87,32.99,11.95
2019-11-16,30.79,30.82,13.35
2019-11-17,32.42,30.25,10.93
2019-11-18,33.86,33.49,15.29
2019-11-19,33.33,33.28,17.26
2019-11-20,34.82,33.48,14.95
2019-11-21,34.46,28.42,15.90
2019-11-22,31.72,29.64,22.70
2019-11-23,30.65,25.61,15.25
2019-11-24,26.95,23.53,10.87
2019-11-25,29.58,18.62,7.05
2019-11-26,33.42,25.24,7.36
2019-11-27,35.34,30.80,8.90
2019-11-28,31.89,30.36,10.06
2019-11-29,34.03,28.77,9.71
2019-11-30,32.65,32.34,12.22
2019-12-01,32.88,30.84,22.36
2019-12-02,34.20,29.86,14.89
2019-12-03,33.96,29.70,12.94
2019-12-04,32.80,29.92,18.05
2019-12-05,32.80,32.76,14.32
2019-12-06,33.06,29.11,17.62
2019-12-07,31.05,27.87,16.89
2019-12-08,31.57,29.20,18.01
2019-12-09,30.70,29.32,18.05
2019-12-10,32.14,29.55,17.87
2019-12-11,31.78,29.80,12.61
2019-12-12,32.20,33.77,14.69
2019-12-13,31.30,30.74,13.12
2019-12-14,32.23,25.71,13.02
2019-12-15,33.53,29.12,13.56
2019-12-16,32.56,30.46,14.75
2019-12-17,31.99,32.56,17.29
2019-12-18,32.01,32.19,11.95
2019-12-19,33.77,27.58,12.54
2019-12-20,34.58,30.22,15.60
2019-12-21,34.99,32.60,18.16
2019-12-22,34.70,34.42,20.08
2019-12-23,34.33,35.12,14.05
2019-12-24,33.37,30.46,12.07
2019-12-25,33.82,30.39,14.24
2019-12-26,35.93,31.50,15.52
2019-12-27,33.36,32.63,15.18
2019-12-28,35.55,35.03,19.59
2019-12-29,34.03,33.68,19.89
2019-12-30,34.22,33.86,18.24
2019-12-31,33.89,33.67,23.53
2020-01-01,31.08,31.62,25.84
2020-01-02,26.93,31.62,24.41
2020-01-03,28.96,31.53,22.56
2020-01-04,30.60,31.93,18.55
2020-01-05,29.26,23.33,10.45
2020-01-06,31.97,27.45,10.09
2020-01-07,32.86,29.12,11.83
2020-01-08,32.65,24.51,9.67
2020-01-09,32.55,29.41,9.51
2020-01-10,32.35,32.62,14.70
2020-01-11,33.53,33.70,20.56
2020-01-12,32.37,32.86,26.29
2020-01-13,31.54,33.06,19.52
2020-01-14,32.75,32.40,14.11
2020-01-15,33.64,33.72,10.88
2020-01-16,33.45,33.92,21.30
2020-01-17,34.97,33.34,25.91
2020-01-18,33.88,34.74,24.72
2020-01-19,32.23,31.11,21.26
2020-01-20,32.56,33.05,23.55
2020-01-21,32.43,32.51,26.46
2020-01-22,29.52,30.57,26.80
2020-01-23,29.13,30.80,21.38
2020-01-24,29.89,31.82,20.53
2020-01-25,29.00,33.08,19.61
2020-01-26,32.07,33.95,20.04
2020-01-27,33.42,33.83,22.25
2020-01-28,33.03,31.95,14.81
2020-01-29,32.89,30.33,16.36
2020-01-30,33.02,32.70,19.92
2020-01-31,33.84,33.34,19.18
2020-02-01,35.27,31.90,15.73
2020-02-02,34.68,32.77,19.82
2020-02-03,35.01,31.16,11.89
2020-02-04,33.21,29.02,12.49
2020-02-05,32.19,27.75,15.07
2020-02-06,34.53,29.32,17.33
2020-02-07,33.84,33.08,20.40
2020-02-08,31.82,33.91,26.07
2020-02-09,32.45,32.68,25.66
2020-02-10,31.11,31.82,25.46
2020-02-11,33.40,31.56,23.86
2020-02-12,33.24,30.11,14.80
2020-02-13,33.27,29.71,15.11
2020-02-14,30.87,33.95,13.11
2020-02-15,33.32,33.23,16.16
2020-02-16,33.56,31.61,16.26
2020-02-17,35.02,28.75,13.31
2020-02-18,34.48,35.22,18.35
2020-02-19,33.21,33.86,17.05
2020-02-20,32.59,33.46,23.24
2020-02-21,30.72,29.33,24.69
2020-02-22,31.56,29.67,24.56
2020-02-23,31.13,29.13,19.62
2020-02-24,31.05,26.54,11.34
2020-02-25,33.35,30.89,15.62
2020-02-26,33.29,33.94,19.52
2020-02-27,34.12,31.33,21.09
2020-02-28,33.41,32.61,21.30
2020-02-29,33.95,32.48,29.85
2020-03-01,33.93,29.17,25.08
2020-03-02,34.95,29.75,23.92
2020-03-03,34.19,30.47,24.84
2020-03-04,33.55,31.05,22.37
2020-03-05,33.26,33.27,22.65
2020-03-06,34.13,30.66,22.26
2020-03-07,32.78,31.14,15.90
2020-03-08,33.19,31.21,18.24
2020-03-09,32.69,32.74,21.11
2020-03-10,32.78,31.27,22.48
2020-03-11,34.06,31.32,18.58
2020-03-12,34.87,28.78,18.19
2020-03-13,32.59,28.33,13.60
2020-03-14,33.13,30.09,16.83
2020-03-15,32.20,30.51,20.50
2020-03-16,30.59,26.92,16.08
2020-03-17,30.87,26.88,18.79
2020-03-18,31.58,28.09,18.04
2020-03-19,31.29,28.90,18.41
2020-03-20,31.45,27.36,20.21
2020-03-21,31.01,23.56,14.67
2020-03-22,32.13,26.73,15.50
2020-03-23,32.56,29.52,13.53
2020-03-24,31.78,28.45,16.80
2020-03-25,31.72,27.41,23.55
2020-03-26,30.28,27.36,23.17
2020-03-27,30.64,24.25,16.48
2020-03-28,31.98,24.80,11.42
2020-03-29,33.88,28.39,14.13
2020-03-30,32.48,29.09,18.38
2020-03-31,33.83,30.18,19.02
2020-04-01,29.93,28.30,15.02
2020-04-02,31.17,32.77,20.93
2020-04-03,31.89,28.22,17.68
2020-04-04,31.89,27.05,13.36
2020-04-05,31.56,24.86,8.82
2020-04-06,33.24,29.63,14.55
2020-04-07,32.23,30.80,18.55
2020-04-08,32.92,27.23,21.25
2020-04-09,32.69,25.58,17.96
2020-04-10,32.52,23.78,15.02
2020-04-11,31.78,21.73,11.12
2020-04-12,29.04,15.68,9.87
2020-04-13,30.60,23.59,11.21
2020-04-14,29.37,26.75,15.57
2020-04-15,30.08,23.84,12.26
2020-04-16,32.37,25.28,15.38
2020-04-17,33.76,28.31,13.68
2020-04-18,33.56,28.11,13.65
2020-04-19,32.46,28.41,10.48
2020-04-20,33.23,27.85,10.89
2020-04-21,33.96,27.24,14.45
2020-04-22,35.33,25.45,18.28
2020-04-23,31.58,18.66,11.20
2020-04-24,30.27,17.80,11.49
2020-04-25,29.32,21.40,12.26
2020-04-26,29.56,20.59,11.83
2020-04-27,30.78,19.49,11.64
2020-04-28,30.46,22.60,10.18
2020-04-29,29.93,26.88,12.27
2020-04-30,30.15,24.89,13.92
2020-05-01,30.95,25.79,14.52
2020-05-02,31.36,22.34,9.57
2020-05-03,32.82,21.68,8.30
2020-05-04,31.01,23.05,8.68
2020-05-05,32.59,25.29,12.62
2020-05-06,35.63,27.48,15.08
2020-05-07,32.57,27.91,18.00
2020-05-08,33.00,24.43,14.14
2020-05-09,32.11,22.85,8.78
2020-05-10,31.37,19.41,7.23
2020-05-11,28.98,21.22,7.44
2020-05-12,32.01,16.98,7.52
2020-05-13,32.91,21.19,10.39
2020-05-14,34.70,23.23,8.88
2020-05-15,34.35,25.73,12.62
2020-05-16,31.46,26.12,10.87
2020-05-17,31.71,26.03,13.66
2020-05-18,31.69,21.57,8.77
2020-05-19,30.93,17.41,6.89
2020-05-20,29.50,12.86,6.68
2020-05-21,28.70,12.93,7.97
2020-05-22,33.37,18.53,9.84
2020-05-23,33.72,23.98,9.23
2020-05-24,33.01,26.33,11.34
2020-05-25,30.37,27.99,16.73
2020-05-26,30.84,23.58,12.59
2020-05-27,29.73,19.93,9.34
2020-05-28,28.09,16.21,5.63
2020-05-29,27.93,14.25,5.02
2020-05-30,27.55,17.86,6.56
2020-05-31,26.67,17.59,9.61
2020-06-01,28.88,17.80,7.52
2020-06-02,29.58,14.05,6.32
2020-06-03,25.18,10.15,7.74
2020-06-04,25.37,13.68,7.70
2020-06-05,31.95,16.39,7.28
2020-06-06,30.75,18.14,6.93
2020-06-07,31.38,14.97,5.93
2020-06-08,34.58,12.17,3.80
2020-06-09,31.80,16.40,2.78
2020-06-10,26.39,16.56,3.83
2020-06-11,24.91,13.68,4.42
2020-06-12,25.81,9.89,2.35
2020-06-13,27.73,18.05,3.95
2020-06-14,30.63,20.43,6.90
2020-06-15,28.52,15.40,5.93
2020-06-16,27.30,14.34,7.30
2020-06-17,28.30,10.59,4.25
2020-06-18,29.75,12.28,4.12
2020-06-19,25.45,12.73,4.12
2020-06-20,26.76,11.21,2.93
2020-06-21,29.33,15.41,4.62
2020-06-22,28.07,11.93,3.09
2020-06-23,27.08,9.50,1.40
2020-06-24,26.55,9.68,2.31
2020-06-25,28.23,11.27,1.42
2020-06-26,28.33,14.72,1.19
2020-06-27,29.29,14.87,3.90
2020-06-28,29.16,14.86,3.23
2020-06-29,27.97,8.74,3.57
2020-06-30,28.34,13.06,4.02
2020-07-01,27.81,13.84,3.23
2020-07-02,27.30,16.32,3.20
2020-07-03,26.52,16.30,1.85
2020-07-04,27.54,8.46,2.52
2020-07-05,28.01,12.42,2.55
2020-07-06,26.11,13.61,2.16
2020-07-07,22.87,12.69,1.87
2020-07-08,29.51,11.31,0.50
2020-07-09,29.26,16.83,2.96
2020-07-10,27.88,13.84,3.72
2020-07-11,28.56,14.61,0.44
2020-07-12,28.52,18.26,1.76
2020-07-13,29.89,19.31,3.16
2020-07-14,30.05,18.69,5.79
2020-07-15,33.20,18.33,8.73
2020-07-16,33.76,13.59,7.38
2020-07-17,28.33,14.04,3.36
2020-07-18,28.65,13.39,3.42
2020-07-19,26.50,15.70,5.25
2020-07-20,26.44,14.54,3.58
2020-07-21,23.86,8.89,3.79
2020-07-22,21.85,10.41,3.36
2020-07-23,22.81,11.77,4.25
2020-07-24,24.81,13.06,1.36
2020-07-25,30.56,12.47,0.68
2020-07-26,30.20,14.13,2.68
2020-07-27,30.03,14.92,1.59
2020-07-28,30.04,16.91,3.65
2020-07-29,30.04,19.25,7.11
2020-07-30,30.58,14.64,2.16
2020-07-31,31.87,17.59,7.37
2020-08-01,28.67,15.18,3.48
2020-08-02,30.14,19.49,7.91
2020-08-03,27.90,18.98,5.42
2020-08-04,28.13,20.32,6.82
2020-08-05,27.94,15.41,2.35
2020-08-06,27.12,19.11,4.67
2020-08-07,29.20,19.70,7.47
2020-08-08,31.73,21.42,3.84
2020-08-09,31.68,16.30,3.19
2020-08-10,30.47,16.29,0.76
2020-08-11,30.68,17.87,1.62
2020-08-12,29.55,15.79,2.14
2020-08-13,30.81,16.54,1.80
2020-08-14,28.29,13.45,1.51
2020-08-15,29.07,16.65,0.97
2020-08-16,28.53,18.10,1.90
2020-08-17,27.22,17.93,2.03
2020-08-18,25.24,13.18,1.96
2020-08-19,26.61,15.81,4.58
2020-08-20,28.07,20.54,11.08
2020-08-21,31.30,22.63,12.35
2020-08-22,32.41,22.22,10.87
2020-08-23,29.57,16.03,4.86
2020-08-24,26.61,15.15,7.56
2020-08-25,27.23,13.23,4.62
2020-08-26,28.51,13.03,3.73
2020-08-27,30.93,15.36,2.13
2020-08-28,30.03,13.01,0.62
2020-08-29,28.41,15.27,2.10
2020-08-30,25.48,17.83,4.11
2020-08-31,25.36,17.64,9.20
2020-09-01,21.93,15.27,9.10
2020-09-02,26.45,17.57,4.82
2020-09-03,27.82,17.57,3.26
2020-09-04,29.76,18.23,8.44
2020-09-05,30.15,15.12,8.21
2020-09-06,29.01,20.85,11.66
2020-09-07,29.23,20.34,7.77
2020-09-08,28.28,13.10,2.30
2020-09-09,31.60,21.24,7.01
2020-09-10,28.33,20.16,4.32
2020-09-11,29.37,20.26,3.87
2020-09-12,31.24,21.00,4.47
2020-09-13,32.33,22.02,5.32
2020-09-14,30.50,26.41,13.54
2020-09-15,30.22,19.80,6.42
2020-09-16,31.95,21.89,6.59
2020-09-17,33.77,24.46,5.55
2020-09-18,32.96,24.53,5.90
2020-09-19,33.87,26.02,12.03
2020-09-20,33.37,24.56,14.43
2020-09-21,35.95,24.83,12.57
2020-09-22,35.42,24.90,8.02
2020-09-23,32.14,25.85,14.08
2020-09-24,32.59,23.36,14.36
2020-09-25,30.97,16.02,14.44
2020-09-26,29.49,16.33,6.33
2020-09-27,29.05,21.50,7.85
2020-09-28,33.09,23.21,9.04
2020-09-29,32.70,16.49,5.87
2020-09-30,32.88,17.65,4.53
2020-10-01,31.22,18.32,4.89
2020-10-02,28.41,18.18,5.80
2020-10-03,30.95,16.27,7.80
2020-10-04,30.11,19.78,7.83
2020-10-05,30.44,23.07,8.08
2020-10-06,29.47,20.32,6.06
2020-10-07,31.79,23.96,5.63
2020-10-08,34.18,24.41,5.44
2020-10-09,34.56,28.20,11.35
2020-10-10,32.02,27.11,7.64
2020-10-11,32.17,30.14,15.30
2020-10-12,32.91,29.36,16.43
2020-10-13,31.93,25.73,14.46
2020-10-14,31.48,22.89,19.80
2020-10-15,31.20,29.04,20.87
2020-10-16,35.63,24.50,18.38
2020-10-17,36.06,27.61,12.79
2020-10-18,33.30,24.96,8.11
2020-10-19,32.19,25.23,8.21
2020-10-20,31.25,27.74,14.79
2020-10-21,29.77,23.21,14.64
2020-10-22,31.41,27.44,18.02
2020-10-23,33.24,26.49,15.50
2020-10-24,31.16,24.92,7.12
2020-10-25,31.69,20.22,6.97
2020-10-26,31.81,27.41,6.43
2020-10-27,31.22,16.27,6.95
2020-10-28,31.78,23.73,7.11
2020-10-29,32.16,26.73,17.02
2020-10-30,32.52,29.25,20.93
2020-10-31,32.43,28.57,23.41
2020-11-01,33.44,26.04,19.30
2020-11-02,32.80,27.73,15.54
2020-11-03,29.61,29.44,16.01
2020-11-04,32.19,24.76,8.76
2020-11-05,32.48,26.96,10.19
2020-11-06,32.87,27.25,17.16
2020-11-07,30.14,30.72,18.07
2020-11-08,31.62,26.14,15.93
2020-11-09,32.31,28.12,15.51
2020-11-10,31.33,27.05,20.66
2020-11-11,31.11,26.12,14.75
2020-11-12,31.87,26.82,13.51
2020-11-13,31.68,20.02,9.04
2020-11-14,29.97,22.15,8.96
2020-11-15,28.88,24.61,12.67
2020-11-16,29.19,25.44,13.63
2020-11-17,28.76,18.82,20.75
2020-11-18,31.32,25.48,20.46
2020-11-19,31.09,23.16,20.53
2020-11-20,32.40,21.63,12.07
2020-11-21,33.99,26.92,9.74
2020-11-22,33.35,29.13,13.32
2020-11-23,31.45,26.56,10.55
2020-11-24,30.89,26.02,9.23
2020-11-25,30.44,27.96,8.89
2020-11-26,28.76,32.33,13.74
2020-11-27,31.26,28.47,12.08
2020-11-28,32.86,28.60,7.95
2020-11-29,32.51,30.14,11.65
2020-11-30,31.68,30.76,15.88
2020-12-01,31.10,27.78,14.19
2020-12-02,31.80,28.28,13.80
2020-12-03,29.85,28.93,13.05
2020-12-04,30.50,28.91,21.68
2020-12-05,32.51,29.09,23.93
2020-12-06,33.91,30.70,24.08
2020-12-07,33.26,28.82,20.72
2020-12-08,32.61,30.67,14.18
2020-12-09,32.90,31.09,19.11
2020-12-10,31.09,24.15,10.36
2020-12-11,30.05,28.90,8.59
2020-12-12,31.99,28.94,8.24
2020-12-13,32.19,32.00,12.54
2020-12-14,32.17,30.14,11.38
2020-12-15,31.53,29.34,12.87
2020-12-16,32.58,30.73,17.42
2020-12-17,31.57,29.48,18.88
2020-12-18,31.29,21.09,13.09
2020-12-19,30.72,26.46,12.04
2020-12-20,31.62,30.53,14.48
2020-12-21,31.93,32.34,19.21
2020-12-22,29.39,31.23,17.39
2020-12-23,31.13,29.29,17.24
2020-12-24,31.75,30.95,16.72
2020-12-25,29.47,32.12,21.58
2020-12-26,28.97,28.99,22.60
2020-12-27,28.13,28.41,19.41
2020-12-28,26.59,29.99,19.89
2020-12-29,28.18,26.59,12.56
2020-12-30,31.15,31.04,10.45
2020-12-31,31.04,32.24,19.30
2021-01-01,29.41,30.20,21.55
2021-01-02,29.52,28.50,22.64
2021-01-03,29.71,31.65,18.23
2021-01-04,30.14,30.38,20.57
2021-01-05,29.62,28.89,22.63
2021-01-06,29.77,30.09,21.00
2021-01-07,30.14,30.97,15.87
2021-01-08,31.45,28.70,17.36
2021-01-09,31.06,28.33,11.49
2021-01-10,29.98,28.21,9.15
2021-01-11,30.42,29.42,10.67
2021-01-12,30.64,30.93,15.05
2021-01-13,30.79,30.94,19.28
2021-01-14,28.08,30.43,16.21
2021-01-15,28.15,30.77,12.20
2021-01-16,27.71,30.26,16.45
2021-01-17,28.83,32.15,18.33
2021-01-18,30.27,31.68,22.45
2021-01-19,30.97,30.70,24.37
2021-01-20,31.10,30.63,25.66
2021-01-21,31.34,30.70,24.59
2021-01-22,31.54,31.93,27.23
2021-01-23,32.73,30.14,23.49
2021-01-24,30.87,30.40,20.00
2021-01-25,30.58,29.64,15.88
2021-01-26,32.60,29.26,14.83
2021-01-27,33.38,30.07,11.35
2021-01-28,31.39,29.15,11.31
2021-01-29,32.19,23.06,16.13
2021-01-30,32.16,22.73,18.90
2021-01-31,31.01,25.19,18.77
2021-02-01,31.75,25.12,19.81
2021-02-02,32.59,26.31,23.93
2021-02-03,32.98,32.08,26.03
2021-02-04,31.88,32.14,31.25
2021-02-05,31.00,27.73,28.42
2021-02-06,32.08,26.04,24.45
2021-02-07,32.31,26.37,23.61
2021-02-08,32.13,26.75,24.29
2021-02-09,32.27,29.98,27.11
2021-02-10,33.13,28.90,29.09
2021-02-11,32.04,26.20,20.88
2021-02-12,32.65,27.31,22.82
2021-02-13,33.49,26.98,18.22
2021-02-14,32.39,27.43,17.85
2021-02-15,32.68,25.96,21.20
2021-02-16,32.73,24.97,16.85
2021-02-17,32.38,27.03,14.36
2021-02-18,33.29,26.37,9.94
2021-02-19,33.39,29.98,12.89
2021-02-20,32.71,29.86,16.77
2021-02-21,31.07,29.31,13.71
2021-02-22,29.33,29.32,13.46
2021-02-23,30.78,31.41,20.49
2021-02-24,30.52,29.87,26.08
2021-02-25,31.39,29.54,26.70
2021-02-26,31.27,29.61,20.44
2021-02-27,31.50,31.59,20.63
2021-02-28,32.41,32.23,21.32
2021-03-01,31.43,27.15,24.47
2021-03-02,31.17,27.38,24.59
2021-03-03,31.45,30.04,22.58
2021-03-04,30.98,31.63,26.57
2021-03-05,30.64,27.59,26.14
2021-03-06,31.95,28.10,20.36
2021-03-07,33.33,30.15,15.63
2021-03-08,31.76,32.30,22.70
2021-03-09,31.98,28.65,22.38
2021-03-10,30.40,26.46,11.94
2021-03-11,30.87,27.08,13.03
2021-03-12,30.23,27.69,19.84
2021-03-13,31.37,27.29,22.97
2021-03-14,30.70,26.46,25.12
2021-03-15,30.69,21.98,15.91
2021-03-16,30.54,23.11,14.66
2021-03-17,31.29,24.44,15.77
2021-03-18,32.77,21.28,17.58
2021-03-19,28.94,20.20,13.79
2021-03-20,31.59,25.25,12.62
2021-03-21,31.78,24.54,21.82
2021-03-22,32.39,28.15,18.25
2021-03-23,31.02,27.32,13.56
2021-03-24,31.70,24.84,15.23
2021-03-25,31.07,20.35,16.78
2021-03-26,31.51,25.27,17.85
2021-03-27,30.43,30.57,19.46
2021-03-28,30.26,27.90,22.87
2021-03-29,30.90,24.66,23.39
2021-03-30,31.45,25.31,18.29
2021-03-31,30.29,24.74,19.38
2021-04-01,31.13,23.07,16.18
2021-04-02,33.42,24.13,16.29
2021-04-03,30.27,29.32,19.70
2021-04-04,30.96,21.98,19.34
2021-04-05,33.71,24.25,15.65
2021-04-06,33.77,25.09,11.56
2021-04-07,33.26,24.72,12.26
2021-04-08,30.62,22.48,9.26
2021-04-09,27.52,22.73,11.19
2021-04-10,29.39,18.27,10.48
2021-04-11,30.36,28.89,14.39
2021-04-12,31.51,29.09,16.10
2021-04-13,32.04,29.94,21.38
2021-04-14,32.09,26.12,15.12
2021-04-15,29.66,26.72,14.38
2021-04-16,28.51,26.56,14.86
2021-04-17,29.59,22.94,16.78
2021-04-18,30.44,24.13,14.78
2021-04-19,29.71,22.82,12.06
2021-04-20,28.88,20.00,13.29
2021-04-21,27.32,19.68,10.03
2021-04-22,27.05,21.16,10.95
2021-04-23,25.77,18.64,9.25
2021-04-24,25.90,23.90,14.43
2021-04-25,29.15,25.14,15.10
2021-04-26,31.50,25.45,14.78
2021-04-27,30.70,23.41,14.04
2021-04-28,30.24,25.16,16.20
2021-04-29,29.79,23.26,15.12
2021-04-30,29.70,20.06,13.64
2021-05-01,31.08,19.71,8.32
2021-05-02,31.57,19.11,9.10
2021-05-03,29.30,19.08,8.27
2021-05-04,27.16,18.80,10.76
2021-05-05,30.01,20.78,13.99
2021-05-06,29.54,25.01,14.79
2021-05-07,25.77,19.31,12.44
2021-05-08,27.32,17.85,9.73
2021-05-09,26.77,20.05,9.00
2021-05-10,28.24,22.44,11.52
2021-05-11,27.65,23.66,11.81
2021-05-12,27.36,24.77,12.77
2021-05-13,32.37,22.30,13.37
2021-05-14,32.97,23.27,11.10
2021-05-15,31.03,20.77,11.62
2021-05-16,31.80,22.55,13.20
2021-05-17,30.65,25.64,13.59
2021-05-18,29.31,18.45,12.77
2021-05-19,31.10,16.46,8.51
2021-05-20,27.65,14.00,8.62
2021-05-21,28.34,14.82,6.70
2021-05-22,28.16,16.69,7.30
2021-05-23,28.23,20.17,7.21
2021-05-24,29.99,20.92,7.86
2021-05-25,30.44,21.80,7.06
2021-05-26,29.19,22.55,9.69
2021-05-27,28.77,22.11,9.86
2021-05-28,28.37,18.59,6.88
2021-05-29,28.77,19.34,4.68
2021-05-30,29.29,20.64,5.92
2021-05-31,29.93,22.10,10.93
2021-06-01,29.55,18.17,9.64
2021-06-02,30.12,22.48,7.36
2021-06-03,27.90,22.29,9.04
2021-06-04,26.82,16.56,6.11
2021-06-05,28.75,18.54,4.76
2021-06-06,31.65,16.85,5.17
2021-06-07,32.04,19.25,8.60
2021-06-08,31.63,20.32,7.15
2021-06-09,28.45,16.04,5.18
2021-06-10,29.73,18.43,5.78
2021-06-11,28.97,21.39,7.27
2021-06-12,27.33,22.26,8.18
2021-06-13,31.12,18.44,6.13
2021-06-14,31.95,19.35,6.65
2021-06-15,26.42,17.19,7.32
2021-06-16,28.88,16.18,4.41
2021-06-17,30.43,16.31,5.17
2021-06-18,28.60,14.42,6.04
2021-06-19,30.42,16.21,5.70
2021-06-20,26.65,13.59,5.18
2021-06-21,26.07,16.85,3.61
2021-06-22,24.61,16.98,6.79
2021-06-23,23.19,9.51,5.90
2021-06-24,24.81,13.18,2.96
2021-06-25,22.89,9.12,2.29
2021-06-26,24.89,9.62,1.81
2021-06-27,26.30,12.19,3.56
2021-06-28,29.91,16.11,6.90
2021-06-29,30.04,18.35,6.01
2021-06-30,29.73,15.40,4.79
2021-07-01,27.75,13.33,2.20
2021-07-02,27.31,15.67,1.71
2021-07-03,28.25,17.87,7.64
2021-07-04,27.85,17.98,7.06
2021-07-05,28.03,18.91,8.30
2021-07-06,27.04,11.77,3.19
2021-07-07,28.13,18.64,4.32
2021-07-08,26.93,20.18,3.89
2021-07-09,28.27,15.20,2.56
2021-07-10,30.11,18.96,2.04
2021-07-11,27.43,18.98,4.15
2021-07-12,28.22,15.03,4.19
2021-07-13,30.02,15.72,5.68
2021-07-14,26.45,15.38,1.86
2021-07-15,25.66,17.26,4.07
2021-07-16,25.80,15.05,1.50
2021-07-17,27.33,18.40,2.20
2021-07-18,30.35,21.34,8.37
2021-07-19,29.82,21.12,8.37
2021-07-20,31.91,23.72,8.60
2021-07-21,32.48,22.32,10.07
2021-07-22,31.59,22.36,9.49
2021-07-23,30.21,20.16,7.54
2021-07-24,28.41,12.54,6.15
2021-07-25,23.71,13.81,3.33
2021-07-26,27.48,13.88,2.39
2021-07-27,29.68,16.40,5.23
2021-07-28,33.33,19.52,9.02
2021-07-29,34.97,20.55,12.00
2021-07-30,30.93,20.20,3.42
2021-07-31,29.42,20.97,6.87
2021-08-01,30.36,22.84,11.63
2021-08-02,31.36,23.55,10.20
2021-08-03,32.05,22.15,11.81
2021-08-04,32.03,20.91,13.23
2021-08-05,32.11,19.27,7.26
2021-08-06,30.63,19.24,3.34
2021-08-07,29.82,15.23,3.66
2021-08-08,29.23,11.42,6.75
2021-08-09,27.50,15.57,7.31
2021-08-10,25.82,18.21,7.27
2021-08-11,27.87,19.50,8.53
2021-08-12,30.09,15.91,9.66
2021-08-13,30.86,17.64,8.15
2021-08-14,29.82,19.64,9.86
2021-08-15,29.66,14.51,4.73
2021-08-16,30.39,14.96,5.27
2021-08-17,28.79,16.90,5.01
2021-08-18,28.18,14.79,3.70
2021-08-19,28.54,11.49,2.17
2021-08-20,30.20,14.73,3.24
2021-08-21,28.96,12.58,0.86
2021-08-22,29.96,15.49,1.80
2021-08-23,29.10,11.44,3.30
2021-08-24,21.32,14.28,1.55
2021-08-25,24.50,13.37,0.80
2021-08-26,26.12,16.43,2.38
2021-08-27,28.25,17.34,2.99
2021-08-28,31.95,19.22,4.05
2021-08-29,34.13,23.93,10.77
2021-08-30,35.15,17.72,7.99
2021-08-31,33.23,18.16,7.38
2021-09-01,29.82,19.85,10.90
2021-09-02,28.70,20.50,10.71
2021-09-03,29.55,17.20,8.31
2021-09-04,33.46,19.55,6.58
2021-09-05,28.24,19.56,5.73
2021-09-06,26.34,14.47,3.97
2021-09-07,24.77,11.40,7.65
2021-09-08,29.93,18.85,11.27
2021-09-09,31.27,24.25,12.26
2021-09-10,34.60,23.27,13.01
2021-09-11,28.86,14.91,7.96
2021-09-12,31.68,12.41,1.24
2021-09-13,27.90,10.97,3.76
2021-09-14,28.68,21.00,3.79
2021-09-15,30.07,21.87,5.40
2021-09-16,30.46,23.95,11.16
2021-09-17,32.43,21.49,7.01
2021-09-18,29.73,19.45,7.48
2021-09-19,29.36,17.20,7.20
2021-09-20,27.89,20.92,13.24
2021-09-21,31.20,20.54,16.03
2021-09-22,29.23,18.42,8.01
2021-09-23,33.72,25.49,14.48
2021-09-24,32.78,29.75,19.80
2021-09-25,36.31,20.73,7.84
2021-09-26,33.37,23.17,8.78
2021-09-27,33.78,24.05,9.22
2021-09-28,34.37,25.79,14.30
2021-09-29,32.20,22.80,9.82
2021-09-30,31.12,19.50,4.56
2021-10-01,33.15,21.82,5.77
2021-10-02,31.33,17.52,5.15
2021-10-03,29.78,21.56,6.44
2021-10-04,26.58,25.11,10.61
2021-10-05,28.44,22.77,7.15
2021-10-06,33.46,25.84,12.38
2021-10-07,32.88,22.48,15.86
2021-10-08,33.02,15.71,13.75
2021-10-09,33.07,20.76,20.34
2021-10-10,34.24,21.33,11.73
2021-10-11,33.58,26.93,16.57
2021-10-12,30.51,19.34,13.27
2021-10-13,30.71,21.51,7.97
2021-10-14,27.03,14.89,5.49
2021-10-15,27.41,20.87,6.58
2021-10-16,31.28,24.28,7.43
2021-10-17,31.31,25.27,11.90
2021-10-18,31.59,28.92,16.47
2021-10-19,31.86,29.46,22.79
2021-10-20,31.05,21.41,14.27
2021-10-21,31.71,24.03,8.27
2021-10-22,29.39,19.00,8.83
2021-10-23,29.52,22.92,6.16
2021-10-24,28.97,28.95,8.24
2021-10-25,29.69,31.82,9.05
2021-10-26,30.71,26.84,13.99
2021-10-27,33.93,26.61,17.56
2021-10-28,33.72,31.38,17.18
2021-10-29,33.08,29.91,14.12
2021-10-30,34.46,30.77,18.80
2021-10-31,33.49,25.10,19.89
2021-11-01,32.96,24.83,16.44
2021-11-02,33.65,28.67,15.50
2021-11-03,32.17,22.66,6.90
2021-11-04,30.29,23.41,8.02
2021-11-05,30.20,25.98,18.50
2021-11-06,32.94,25.52,17.43
2021-11-07,33.69,27.71,13.40
2021-11-08,30.64,30.08,17.55
2021-11-09,32.53,25.91,17.23
2021-11-10,32.56,26.11,13.96
2021-11-11,33.13,25.92,18.11
2021-11-12,31.73,26.15,13.18
2021-11-13,29.90,21.88,6.91
2021-11-14,30.34,28.62,6.72
2021-11-15,30.35,26.35,8.44
2021-11-16,30.70,28.90,16.48
2021-11-17,31.71,29.29,15.23
2021-11-18,32.30,29.49,14.73
2021-11-19,31.76,28.43,18.38
2021-11-20,33.39,29.46,17.59
2021-11-21,34.02,30.84,16.68
2021-11-22,32.11,32.40,16.07
2021-11-23,28.30,28.45,20.42
2021-11-24,30.93,22.19,16.11
2021-11-25,32.97,32.22,11.38
2021-11-26,31.11,27.00,14.82
2021-11-27,30.75,21.64,12.21
2021-11-28,31.69,29.73,13.52
2021-11-29,31.20,28.64,15.10
2021-11-30,30.93,26.43,16.14
2021-12-01,32.84,26.78,12.71
2021-12-02,33.31,28.10,14.68
2021-12-03,33.94,27.04,15.93
2021-12-04,34.84,32.45,21.15
2021-12-05,34.13,33.73,26.98
2021-12-06,31.15,29.04,29.36
2021-12-07,32.77,27.95,17.12
2021-12-08,32.82,30.30,25.52
2021-12-09,30.15,29.38,26.06
2021-12-10,28.37,26.45,22.23
2021-12-11,30.69,24.15,12.91
2021-12-12,30.16,23.50,9.70
2021-12-13,32.02,25.65,12.84
2021-12-14,32.03,27.47,15.32
2021-12-15,32.09,30.36,18.87
2021-12-16,31.99,29.00,23.80
2021-12-17,31.64,30.39,17.70
2021-12-18,31.12,32.48,20.03
2021-12-19,31.98,33.12,20.84
2021-12-20,30.37,33.15,20.73
2021-12-21,28.00,32.35,20.39
2021-12-22,28.29,30.50,28.34
2021-12-23,30.20,28.88,19.83
2021-12-24,33.01,31.31,20.02
2021-12-25,34.16,31.53,22.40
2021-12-26,35.82,32.40,22.92
2021-12-27,35.93,30.80,21.71
2021-12-28,34.33,30.74,24.95
2021-12-29,30.82,26.87,18.40
2021-12-30,28.50,31.15,14.60
2021-12-31,30.64,30.63,11.71
